run_id,seed,repetition,component,case,expected_result,observed_result,matches_rule,provenance
components-20260723T020700Z,20260722,0,Signature,valid_signature,accepted,accepted,True,measured
components-20260723T020700Z,20260722,0,Signature,forged_signature,rejected,rejected,True,measured
components-20260723T020700Z,20260722,0,Signature,modified_signed_payload,rejected,rejected,True,measured
components-20260723T020700Z,20260722,0,AcceptOnce,first_admission,accepted,accepted,True,measured
components-20260723T020700Z,20260722,0,AcceptOnce,idempotent_retransmission,accepted,accepted,True,measured
components-20260723T020700Z,20260722,0,AcceptOnce,counter_conflict,rejected,rejected,True,measured
components-20260723T020700Z,20260722,0,Merkle proof,valid_merkle_proof,accepted,accepted,True,measured
components-20260723T020700Z,20260722,0,Merkle proof,modified_merkle_proof,rejected,rejected,True,measured
components-20260723T020700Z,20260722,0,Latest CAS,valid_cas,accepted,accepted,True,measured
components-20260723T020700Z,20260722,0,Latest CAS,stale_latest_pointer,rejected,rejected,True,measured
components-20260723T020700Z,20260722,0,Latest CAS,skipped_version,rejected,rejected,True,measured
components-20260723T020700Z,20260723,1,Signature,valid_signature,accepted,accepted,True,measured
components-20260723T020700Z,20260723,1,Signature,forged_signature,rejected,rejected,True,measured
components-20260723T020700Z,20260723,1,Signature,modified_signed_payload,rejected,rejected,True,measured
components-20260723T020700Z,20260723,1,AcceptOnce,first_admission,accepted,accepted,True,measured
components-20260723T020700Z,20260723,1,AcceptOnce,idempotent_retransmission,accepted,accepted,True,measured
components-20260723T020700Z,20260723,1,AcceptOnce,counter_conflict,rejected,rejected,True,measured
components-20260723T020700Z,20260723,1,Merkle proof,valid_merkle_proof,accepted,accepted,True,measured
components-20260723T020700Z,20260723,1,Merkle proof,modified_merkle_proof,rejected,rejected,True,measured
components-20260723T020700Z,20260723,1,Latest CAS,valid_cas,accepted,accepted,True,measured
components-20260723T020700Z,20260723,1,Latest CAS,stale_latest_pointer,rejected,rejected,True,measured
components-20260723T020700Z,20260723,1,Latest CAS,skipped_version,rejected,rejected,True,measured
components-20260723T020700Z,20260724,2,Signature,valid_signature,accepted,accepted,True,measured
components-20260723T020700Z,20260724,2,Signature,forged_signature,rejected,rejected,True,measured
components-20260723T020700Z,20260724,2,Signature,modified_signed_payload,rejected,rejected,True,measured
components-20260723T020700Z,20260724,2,AcceptOnce,first_admission,accepted,accepted,True,measured
components-20260723T020700Z,20260724,2,AcceptOnce,idempotent_retransmission,accepted,accepted,True,measured
components-20260723T020700Z,20260724,2,AcceptOnce,counter_conflict,rejected,rejected,True,measured
components-20260723T020700Z,20260724,2,Merkle proof,valid_merkle_proof,accepted,accepted,True,measured
components-20260723T020700Z,20260724,2,Merkle proof,modified_merkle_proof,rejected,rejected,True,measured
components-20260723T020700Z,20260724,2,Latest CAS,valid_cas,accepted,accepted,True,measured
components-20260723T020700Z,20260724,2,Latest CAS,stale_latest_pointer,rejected,rejected,True,measured
components-20260723T020700Z,20260724,2,Latest CAS,skipped_version,rejected,rejected,True,measured
components-20260723T020700Z,20260725,3,Signature,valid_signature,accepted,accepted,True,measured
components-20260723T020700Z,20260725,3,Signature,forged_signature,rejected,rejected,True,measured
components-20260723T020700Z,20260725,3,Signature,modified_signed_payload,rejected,rejected,True,measured
components-20260723T020700Z,20260725,3,AcceptOnce,first_admission,accepted,accepted,True,measured
components-20260723T020700Z,20260725,3,AcceptOnce,idempotent_retransmission,accepted,accepted,True,measured
components-20260723T020700Z,20260725,3,AcceptOnce,counter_conflict,rejected,rejected,True,measured
components-20260723T020700Z,20260725,3,Merkle proof,valid_merkle_proof,accepted,accepted,True,measured
components-20260723T020700Z,20260725,3,Merkle proof,modified_merkle_proof,rejected,rejected,True,measured
components-20260723T020700Z,20260725,3,Latest CAS,valid_cas,accepted,accepted,True,measured
components-20260723T020700Z,20260725,3,Latest CAS,stale_latest_pointer,rejected,rejected,True,measured
components-20260723T020700Z,20260725,3,Latest CAS,skipped_version,rejected,rejected,True,measured
components-20260723T020700Z,20260726,4,Signature,valid_signature,accepted,accepted,True,measured
components-20260723T020700Z,20260726,4,Signature,forged_signature,rejected,rejected,True,measured
components-20260723T020700Z,20260726,4,Signature,modified_signed_payload,rejected,rejected,True,measured
components-20260723T020700Z,20260726,4,AcceptOnce,first_admission,accepted,accepted,True,measured
components-20260723T020700Z,20260726,4,AcceptOnce,idempotent_retransmission,accepted,accepted,True,measured
components-20260723T020700Z,20260726,4,AcceptOnce,counter_conflict,rejected,rejected,True,measured
components-20260723T020700Z,20260726,4,Merkle proof,valid_merkle_proof,accepted,accepted,True,measured
components-20260723T020700Z,20260726,4,Merkle proof,modified_merkle_proof,rejected,rejected,True,measured
components-20260723T020700Z,20260726,4,Latest CAS,valid_cas,accepted,accepted,True,measured
components-20260723T020700Z,20260726,4,Latest CAS,stale_latest_pointer,rejected,rejected,True,measured
components-20260723T020700Z,20260726,4,Latest CAS,skipped_version,rejected,rejected,True,measured
components-20260723T020700Z,20260727,5,Signature,valid_signature,accepted,accepted,True,measured
components-20260723T020700Z,20260727,5,Signature,forged_signature,rejected,rejected,True,measured
components-20260723T020700Z,20260727,5,Signature,modified_signed_payload,rejected,rejected,True,measured
components-20260723T020700Z,20260727,5,AcceptOnce,first_admission,accepted,accepted,True,measured
components-20260723T020700Z,20260727,5,AcceptOnce,idempotent_retransmission,accepted,accepted,True,measured
components-20260723T020700Z,20260727,5,AcceptOnce,counter_conflict,rejected,rejected,True,measured
components-20260723T020700Z,20260727,5,Merkle proof,valid_merkle_proof,accepted,accepted,True,measured
components-20260723T020700Z,20260727,5,Merkle proof,modified_merkle_proof,rejected,rejected,True,measured
components-20260723T020700Z,20260727,5,Latest CAS,valid_cas,accepted,accepted,True,measured
components-20260723T020700Z,20260727,5,Latest CAS,stale_latest_pointer,rejected,rejected,True,measured
components-20260723T020700Z,20260727,5,Latest CAS,skipped_version,rejected,rejected,True,measured
components-20260723T020700Z,20260728,6,Signature,valid_signature,accepted,accepted,True,measured
components-20260723T020700Z,20260728,6,Signature,forged_signature,rejected,rejected,True,measured
components-20260723T020700Z,20260728,6,Signature,modified_signed_payload,rejected,rejected,True,measured
components-20260723T020700Z,20260728,6,AcceptOnce,first_admission,accepted,accepted,True,measured
components-20260723T020700Z,20260728,6,AcceptOnce,idempotent_retransmission,accepted,accepted,True,measured
components-20260723T020700Z,20260728,6,AcceptOnce,counter_conflict,rejected,rejected,True,measured
components-20260723T020700Z,20260728,6,Merkle proof,valid_merkle_proof,accepted,accepted,True,measured
components-20260723T020700Z,20260728,6,Merkle proof,modified_merkle_proof,rejected,rejected,True,measured
components-20260723T020700Z,20260728,6,Latest CAS,valid_cas,accepted,accepted,True,measured
components-20260723T020700Z,20260728,6,Latest CAS,stale_latest_pointer,rejected,rejected,True,measured
components-20260723T020700Z,20260728,6,Latest CAS,skipped_version,rejected,rejected,True,measured
components-20260723T020700Z,20260729,7,Signature,valid_signature,accepted,accepted,True,measured
components-20260723T020700Z,20260729,7,Signature,forged_signature,rejected,rejected,True,measured
components-20260723T020700Z,20260729,7,Signature,modified_signed_payload,rejected,rejected,True,measured
components-20260723T020700Z,20260729,7,AcceptOnce,first_admission,accepted,accepted,True,measured
components-20260723T020700Z,20260729,7,AcceptOnce,idempotent_retransmission,accepted,accepted,True,measured
components-20260723T020700Z,20260729,7,AcceptOnce,counter_conflict,rejected,rejected,True,measured
components-20260723T020700Z,20260729,7,Merkle proof,valid_merkle_proof,accepted,accepted,True,measured
components-20260723T020700Z,20260729,7,Merkle proof,modified_merkle_proof,rejected,rejected,True,measured
components-20260723T020700Z,20260729,7,Latest CAS,valid_cas,accepted,accepted,True,measured
components-20260723T020700Z,20260729,7,Latest CAS,stale_latest_pointer,rejected,rejected,True,measured
components-20260723T020700Z,20260729,7,Latest CAS,skipped_version,rejected,rejected,True,measured
components-20260723T020700Z,20260730,8,Signature,valid_signature,accepted,accepted,True,measured
components-20260723T020700Z,20260730,8,Signature,forged_signature,rejected,rejected,True,measured
components-20260723T020700Z,20260730,8,Signature,modified_signed_payload,rejected,rejected,True,measured
components-20260723T020700Z,20260730,8,AcceptOnce,first_admission,accepted,accepted,True,measured
components-20260723T020700Z,20260730,8,AcceptOnce,idempotent_retransmission,accepted,accepted,True,measured
components-20260723T020700Z,20260730,8,AcceptOnce,counter_conflict,rejected,rejected,True,measured
components-20260723T020700Z,20260730,8,Merkle proof,valid_merkle_proof,accepted,accepted,True,measured
components-20260723T020700Z,20260730,8,Merkle proof,modified_merkle_proof,rejected,rejected,True,measured
components-20260723T020700Z,20260730,8,Latest CAS,valid_cas,accepted,accepted,True,measured
components-20260723T020700Z,20260730,8,Latest CAS,stale_latest_pointer,rejected,rejected,True,measured
components-20260723T020700Z,20260730,8,Latest CAS,skipped_version,rejected,rejected,True,measured
components-20260723T020700Z,20260731,9,Signature,valid_signature,accepted,accepted,True,measured
components-20260723T020700Z,20260731,9,Signature,forged_signature,rejected,rejected,True,measured
components-20260723T020700Z,20260731,9,Signature,modified_signed_payload,rejected,rejected,True,measured
components-20260723T020700Z,20260731,9,AcceptOnce,first_admission,accepted,accepted,True,measured
components-20260723T020700Z,20260731,9,AcceptOnce,idempotent_retransmission,accepted,accepted,True,measured
components-20260723T020700Z,20260731,9,AcceptOnce,counter_conflict,rejected,rejected,True,measured
components-20260723T020700Z,20260731,9,Merkle proof,valid_merkle_proof,accepted,accepted,True,measured
components-20260723T020700Z,20260731,9,Merkle proof,modified_merkle_proof,rejected,rejected,True,measured
components-20260723T020700Z,20260731,9,Latest CAS,valid_cas,accepted,accepted,True,measured
components-20260723T020700Z,20260731,9,Latest CAS,stale_latest_pointer,rejected,rejected,True,measured
components-20260723T020700Z,20260731,9,Latest CAS,skipped_version,rejected,rejected,True,measured
components-20260723T020700Z,20260732,10,Signature,valid_signature,accepted,accepted,True,measured
components-20260723T020700Z,20260732,10,Signature,forged_signature,rejected,rejected,True,measured
components-20260723T020700Z,20260732,10,Signature,modified_signed_payload,rejected,rejected,True,measured
components-20260723T020700Z,20260732,10,AcceptOnce,first_admission,accepted,accepted,True,measured
components-20260723T020700Z,20260732,10,AcceptOnce,idempotent_retransmission,accepted,accepted,True,measured
components-20260723T020700Z,20260732,10,AcceptOnce,counter_conflict,rejected,rejected,True,measured
components-20260723T020700Z,20260732,10,Merkle proof,valid_merkle_proof,accepted,accepted,True,measured
components-20260723T020700Z,20260732,10,Merkle proof,modified_merkle_proof,rejected,rejected,True,measured
components-20260723T020700Z,20260732,10,Latest CAS,valid_cas,accepted,accepted,True,measured
components-20260723T020700Z,20260732,10,Latest CAS,stale_latest_pointer,rejected,rejected,True,measured
components-20260723T020700Z,20260732,10,Latest CAS,skipped_version,rejected,rejected,True,measured
components-20260723T020700Z,20260733,11,Signature,valid_signature,accepted,accepted,True,measured
components-20260723T020700Z,20260733,11,Signature,forged_signature,rejected,rejected,True,measured
components-20260723T020700Z,20260733,11,Signature,modified_signed_payload,rejected,rejected,True,measured
components-20260723T020700Z,20260733,11,AcceptOnce,first_admission,accepted,accepted,True,measured
components-20260723T020700Z,20260733,11,AcceptOnce,idempotent_retransmission,accepted,accepted,True,measured
components-20260723T020700Z,20260733,11,AcceptOnce,counter_conflict,rejected,rejected,True,measured
components-20260723T020700Z,20260733,11,Merkle proof,valid_merkle_proof,accepted,accepted,True,measured
components-20260723T020700Z,20260733,11,Merkle proof,modified_merkle_proof,rejected,rejected,True,measured
components-20260723T020700Z,20260733,11,Latest CAS,valid_cas,accepted,accepted,True,measured
components-20260723T020700Z,20260733,11,Latest CAS,stale_latest_pointer,rejected,rejected,True,measured
components-20260723T020700Z,20260733,11,Latest CAS,skipped_version,rejected,rejected,True,measured
components-20260723T020700Z,20260734,12,Signature,valid_signature,accepted,accepted,True,measured
components-20260723T020700Z,20260734,12,Signature,forged_signature,rejected,rejected,True,measured
components-20260723T020700Z,20260734,12,Signature,modified_signed_payload,rejected,rejected,True,measured
components-20260723T020700Z,20260734,12,AcceptOnce,first_admission,accepted,accepted,True,measured
components-20260723T020700Z,20260734,12,AcceptOnce,idempotent_retransmission,accepted,accepted,True,measured
components-20260723T020700Z,20260734,12,AcceptOnce,counter_conflict,rejected,rejected,True,measured
components-20260723T020700Z,20260734,12,Merkle proof,valid_merkle_proof,accepted,accepted,True,measured
components-20260723T020700Z,20260734,12,Merkle proof,modified_merkle_proof,rejected,rejected,True,measured
components-20260723T020700Z,20260734,12,Latest CAS,valid_cas,accepted,accepted,True,measured
components-20260723T020700Z,20260734,12,Latest CAS,stale_latest_pointer,rejected,rejected,True,measured
components-20260723T020700Z,20260734,12,Latest CAS,skipped_version,rejected,rejected,True,measured
components-20260723T020700Z,20260735,13,Signature,valid_signature,accepted,accepted,True,measured
components-20260723T020700Z,20260735,13,Signature,forged_signature,rejected,rejected,True,measured
components-20260723T020700Z,20260735,13,Signature,modified_signed_payload,rejected,rejected,True,measured
components-20260723T020700Z,20260735,13,AcceptOnce,first_admission,accepted,accepted,True,measured
components-20260723T020700Z,20260735,13,AcceptOnce,idempotent_retransmission,accepted,accepted,True,measured
components-20260723T020700Z,20260735,13,AcceptOnce,counter_conflict,rejected,rejected,True,measured
components-20260723T020700Z,20260735,13,Merkle proof,valid_merkle_proof,accepted,accepted,True,measured
components-20260723T020700Z,20260735,13,Merkle proof,modified_merkle_proof,rejected,rejected,True,measured
components-20260723T020700Z,20260735,13,Latest CAS,valid_cas,accepted,accepted,True,measured
components-20260723T020700Z,20260735,13,Latest CAS,stale_latest_pointer,rejected,rejected,True,measured
components-20260723T020700Z,20260735,13,Latest CAS,skipped_version,rejected,rejected,True,measured
components-20260723T020700Z,20260736,14,Signature,valid_signature,accepted,accepted,True,measured
components-20260723T020700Z,20260736,14,Signature,forged_signature,rejected,rejected,True,measured
components-20260723T020700Z,20260736,14,Signature,modified_signed_payload,rejected,rejected,True,measured
components-20260723T020700Z,20260736,14,AcceptOnce,first_admission,accepted,accepted,True,measured
components-20260723T020700Z,20260736,14,AcceptOnce,idempotent_retransmission,accepted,accepted,True,measured
components-20260723T020700Z,20260736,14,AcceptOnce,counter_conflict,rejected,rejected,True,measured
components-20260723T020700Z,20260736,14,Merkle proof,valid_merkle_proof,accepted,accepted,True,measured
components-20260723T020700Z,20260736,14,Merkle proof,modified_merkle_proof,rejected,rejected,True,measured
components-20260723T020700Z,20260736,14,Latest CAS,valid_cas,accepted,accepted,True,measured
components-20260723T020700Z,20260736,14,Latest CAS,stale_latest_pointer,rejected,rejected,True,measured
components-20260723T020700Z,20260736,14,Latest CAS,skipped_version,rejected,rejected,True,measured
components-20260723T020700Z,20260737,15,Signature,valid_signature,accepted,accepted,True,measured
components-20260723T020700Z,20260737,15,Signature,forged_signature,rejected,rejected,True,measured
components-20260723T020700Z,20260737,15,Signature,modified_signed_payload,rejected,rejected,True,measured
components-20260723T020700Z,20260737,15,AcceptOnce,first_admission,accepted,accepted,True,measured
components-20260723T020700Z,20260737,15,AcceptOnce,idempotent_retransmission,accepted,accepted,True,measured
components-20260723T020700Z,20260737,15,AcceptOnce,counter_conflict,rejected,rejected,True,measured
components-20260723T020700Z,20260737,15,Merkle proof,valid_merkle_proof,accepted,accepted,True,measured
components-20260723T020700Z,20260737,15,Merkle proof,modified_merkle_proof,rejected,rejected,True,measured
components-20260723T020700Z,20260737,15,Latest CAS,valid_cas,accepted,accepted,True,measured
components-20260723T020700Z,20260737,15,Latest CAS,stale_latest_pointer,rejected,rejected,True,measured
components-20260723T020700Z,20260737,15,Latest CAS,skipped_version,rejected,rejected,True,measured
components-20260723T020700Z,20260738,16,Signature,valid_signature,accepted,accepted,True,measured
components-20260723T020700Z,20260738,16,Signature,forged_signature,rejected,rejected,True,measured
components-20260723T020700Z,20260738,16,Signature,modified_signed_payload,rejected,rejected,True,measured
components-20260723T020700Z,20260738,16,AcceptOnce,first_admission,accepted,accepted,True,measured
components-20260723T020700Z,20260738,16,AcceptOnce,idempotent_retransmission,accepted,accepted,True,measured
components-20260723T020700Z,20260738,16,AcceptOnce,counter_conflict,rejected,rejected,True,measured
components-20260723T020700Z,20260738,16,Merkle proof,valid_merkle_proof,accepted,accepted,True,measured
components-20260723T020700Z,20260738,16,Merkle proof,modified_merkle_proof,rejected,rejected,True,measured
components-20260723T020700Z,20260738,16,Latest CAS,valid_cas,accepted,accepted,True,measured
components-20260723T020700Z,20260738,16,Latest CAS,stale_latest_pointer,rejected,rejected,True,measured
components-20260723T020700Z,20260738,16,Latest CAS,skipped_version,rejected,rejected,True,measured
components-20260723T020700Z,20260739,17,Signature,valid_signature,accepted,accepted,True,measured
components-20260723T020700Z,20260739,17,Signature,forged_signature,rejected,rejected,True,measured
components-20260723T020700Z,20260739,17,Signature,modified_signed_payload,rejected,rejected,True,measured
components-20260723T020700Z,20260739,17,AcceptOnce,first_admission,accepted,accepted,True,measured
components-20260723T020700Z,20260739,17,AcceptOnce,idempotent_retransmission,accepted,accepted,True,measured
components-20260723T020700Z,20260739,17,AcceptOnce,counter_conflict,rejected,rejected,True,measured
components-20260723T020700Z,20260739,17,Merkle proof,valid_merkle_proof,accepted,accepted,True,measured
components-20260723T020700Z,20260739,17,Merkle proof,modified_merkle_proof,rejected,rejected,True,measured
components-20260723T020700Z,20260739,17,Latest CAS,valid_cas,accepted,accepted,True,measured
components-20260723T020700Z,20260739,17,Latest CAS,stale_latest_pointer,rejected,rejected,True,measured
components-20260723T020700Z,20260739,17,Latest CAS,skipped_version,rejected,rejected,True,measured
components-20260723T020700Z,20260740,18,Signature,valid_signature,accepted,accepted,True,measured
components-20260723T020700Z,20260740,18,Signature,forged_signature,rejected,rejected,True,measured
components-20260723T020700Z,20260740,18,Signature,modified_signed_payload,rejected,rejected,True,measured
components-20260723T020700Z,20260740,18,AcceptOnce,first_admission,accepted,accepted,True,measured
components-20260723T020700Z,20260740,18,AcceptOnce,idempotent_retransmission,accepted,accepted,True,measured
components-20260723T020700Z,20260740,18,AcceptOnce,counter_conflict,rejected,rejected,True,measured
components-20260723T020700Z,20260740,18,Merkle proof,valid_merkle_proof,accepted,accepted,True,measured
components-20260723T020700Z,20260740,18,Merkle proof,modified_merkle_proof,rejected,rejected,True,measured
components-20260723T020700Z,20260740,18,Latest CAS,valid_cas,accepted,accepted,True,measured
components-20260723T020700Z,20260740,18,Latest CAS,stale_latest_pointer,rejected,rejected,True,measured
components-20260723T020700Z,20260740,18,Latest CAS,skipped_version,rejected,rejected,True,measured
components-20260723T020700Z,20260741,19,Signature,valid_signature,accepted,accepted,True,measured
components-20260723T020700Z,20260741,19,Signature,forged_signature,rejected,rejected,True,measured
components-20260723T020700Z,20260741,19,Signature,modified_signed_payload,rejected,rejected,True,measured
components-20260723T020700Z,20260741,19,AcceptOnce,first_admission,accepted,accepted,True,measured
components-20260723T020700Z,20260741,19,AcceptOnce,idempotent_retransmission,accepted,accepted,True,measured
components-20260723T020700Z,20260741,19,AcceptOnce,counter_conflict,rejected,rejected,True,measured
components-20260723T020700Z,20260741,19,Merkle proof,valid_merkle_proof,accepted,accepted,True,measured
components-20260723T020700Z,20260741,19,Merkle proof,modified_merkle_proof,rejected,rejected,True,measured
components-20260723T020700Z,20260741,19,Latest CAS,valid_cas,accepted,accepted,True,measured
components-20260723T020700Z,20260741,19,Latest CAS,stale_latest_pointer,rejected,rejected,True,measured
components-20260723T020700Z,20260741,19,Latest CAS,skipped_version,rejected,rejected,True,measured
components-20260723T020700Z,20260742,20,Signature,valid_signature,accepted,accepted,True,measured
components-20260723T020700Z,20260742,20,Signature,forged_signature,rejected,rejected,True,measured
components-20260723T020700Z,20260742,20,Signature,modified_signed_payload,rejected,rejected,True,measured
components-20260723T020700Z,20260742,20,AcceptOnce,first_admission,accepted,accepted,True,measured
components-20260723T020700Z,20260742,20,AcceptOnce,idempotent_retransmission,accepted,accepted,True,measured
components-20260723T020700Z,20260742,20,AcceptOnce,counter_conflict,rejected,rejected,True,measured
components-20260723T020700Z,20260742,20,Merkle proof,valid_merkle_proof,accepted,accepted,True,measured
components-20260723T020700Z,20260742,20,Merkle proof,modified_merkle_proof,rejected,rejected,True,measured
components-20260723T020700Z,20260742,20,Latest CAS,valid_cas,accepted,accepted,True,measured
components-20260723T020700Z,20260742,20,Latest CAS,stale_latest_pointer,rejected,rejected,True,measured
components-20260723T020700Z,20260742,20,Latest CAS,skipped_version,rejected,rejected,True,measured
components-20260723T020700Z,20260743,21,Signature,valid_signature,accepted,accepted,True,measured
components-20260723T020700Z,20260743,21,Signature,forged_signature,rejected,rejected,True,measured
components-20260723T020700Z,20260743,21,Signature,modified_signed_payload,rejected,rejected,True,measured
components-20260723T020700Z,20260743,21,AcceptOnce,first_admission,accepted,accepted,True,measured
components-20260723T020700Z,20260743,21,AcceptOnce,idempotent_retransmission,accepted,accepted,True,measured
components-20260723T020700Z,20260743,21,AcceptOnce,counter_conflict,rejected,rejected,True,measured
components-20260723T020700Z,20260743,21,Merkle proof,valid_merkle_proof,accepted,accepted,True,measured
components-20260723T020700Z,20260743,21,Merkle proof,modified_merkle_proof,rejected,rejected,True,measured
components-20260723T020700Z,20260743,21,Latest CAS,valid_cas,accepted,accepted,True,measured
components-20260723T020700Z,20260743,21,Latest CAS,stale_latest_pointer,rejected,rejected,True,measured
components-20260723T020700Z,20260743,21,Latest CAS,skipped_version,rejected,rejected,True,measured
components-20260723T020700Z,20260744,22,Signature,valid_signature,accepted,accepted,True,measured
components-20260723T020700Z,20260744,22,Signature,forged_signature,rejected,rejected,True,measured
components-20260723T020700Z,20260744,22,Signature,modified_signed_payload,rejected,rejected,True,measured
components-20260723T020700Z,20260744,22,AcceptOnce,first_admission,accepted,accepted,True,measured
components-20260723T020700Z,20260744,22,AcceptOnce,idempotent_retransmission,accepted,accepted,True,measured
components-20260723T020700Z,20260744,22,AcceptOnce,counter_conflict,rejected,rejected,True,measured
components-20260723T020700Z,20260744,22,Merkle proof,valid_merkle_proof,accepted,accepted,True,measured
components-20260723T020700Z,20260744,22,Merkle proof,modified_merkle_proof,rejected,rejected,True,measured
components-20260723T020700Z,20260744,22,Latest CAS,valid_cas,accepted,accepted,True,measured
components-20260723T020700Z,20260744,22,Latest CAS,stale_latest_pointer,rejected,rejected,True,measured
components-20260723T020700Z,20260744,22,Latest CAS,skipped_version,rejected,rejected,True,measured
components-20260723T020700Z,20260745,23,Signature,valid_signature,accepted,accepted,True,measured
components-20260723T020700Z,20260745,23,Signature,forged_signature,rejected,rejected,True,measured
components-20260723T020700Z,20260745,23,Signature,modified_signed_payload,rejected,rejected,True,measured
components-20260723T020700Z,20260745,23,AcceptOnce,first_admission,accepted,accepted,True,measured
components-20260723T020700Z,20260745,23,AcceptOnce,idempotent_retransmission,accepted,accepted,True,measured
components-20260723T020700Z,20260745,23,AcceptOnce,counter_conflict,rejected,rejected,True,measured
components-20260723T020700Z,20260745,23,Merkle proof,valid_merkle_proof,accepted,accepted,True,measured
components-20260723T020700Z,20260745,23,Merkle proof,modified_merkle_proof,rejected,rejected,True,measured
components-20260723T020700Z,20260745,23,Latest CAS,valid_cas,accepted,accepted,True,measured
components-20260723T020700Z,20260745,23,Latest CAS,stale_latest_pointer,rejected,rejected,True,measured
components-20260723T020700Z,20260745,23,Latest CAS,skipped_version,rejected,rejected,True,measured
components-20260723T020700Z,20260746,24,Signature,valid_signature,accepted,accepted,True,measured
components-20260723T020700Z,20260746,24,Signature,forged_signature,rejected,rejected,True,measured
components-20260723T020700Z,20260746,24,Signature,modified_signed_payload,rejected,rejected,True,measured
components-20260723T020700Z,20260746,24,AcceptOnce,first_admission,accepted,accepted,True,measured
components-20260723T020700Z,20260746,24,AcceptOnce,idempotent_retransmission,accepted,accepted,True,measured
components-20260723T020700Z,20260746,24,AcceptOnce,counter_conflict,rejected,rejected,True,measured
components-20260723T020700Z,20260746,24,Merkle proof,valid_merkle_proof,accepted,accepted,True,measured
components-20260723T020700Z,20260746,24,Merkle proof,modified_merkle_proof,rejected,rejected,True,measured
components-20260723T020700Z,20260746,24,Latest CAS,valid_cas,accepted,accepted,True,measured
components-20260723T020700Z,20260746,24,Latest CAS,stale_latest_pointer,rejected,rejected,True,measured
components-20260723T020700Z,20260746,24,Latest CAS,skipped_version,rejected,rejected,True,measured
components-20260723T020700Z,20260747,25,Signature,valid_signature,accepted,accepted,True,measured
components-20260723T020700Z,20260747,25,Signature,forged_signature,rejected,rejected,True,measured
components-20260723T020700Z,20260747,25,Signature,modified_signed_payload,rejected,rejected,True,measured
components-20260723T020700Z,20260747,25,AcceptOnce,first_admission,accepted,accepted,True,measured
components-20260723T020700Z,20260747,25,AcceptOnce,idempotent_retransmission,accepted,accepted,True,measured
components-20260723T020700Z,20260747,25,AcceptOnce,counter_conflict,rejected,rejected,True,measured
components-20260723T020700Z,20260747,25,Merkle proof,valid_merkle_proof,accepted,accepted,True,measured
components-20260723T020700Z,20260747,25,Merkle proof,modified_merkle_proof,rejected,rejected,True,measured
components-20260723T020700Z,20260747,25,Latest CAS,valid_cas,accepted,accepted,True,measured
components-20260723T020700Z,20260747,25,Latest CAS,stale_latest_pointer,rejected,rejected,True,measured
components-20260723T020700Z,20260747,25,Latest CAS,skipped_version,rejected,rejected,True,measured
components-20260723T020700Z,20260748,26,Signature,valid_signature,accepted,accepted,True,measured
components-20260723T020700Z,20260748,26,Signature,forged_signature,rejected,rejected,True,measured
components-20260723T020700Z,20260748,26,Signature,modified_signed_payload,rejected,rejected,True,measured
components-20260723T020700Z,20260748,26,AcceptOnce,first_admission,accepted,accepted,True,measured
components-20260723T020700Z,20260748,26,AcceptOnce,idempotent_retransmission,accepted,accepted,True,measured
components-20260723T020700Z,20260748,26,AcceptOnce,counter_conflict,rejected,rejected,True,measured
components-20260723T020700Z,20260748,26,Merkle proof,valid_merkle_proof,accepted,accepted,True,measured
components-20260723T020700Z,20260748,26,Merkle proof,modified_merkle_proof,rejected,rejected,True,measured
components-20260723T020700Z,20260748,26,Latest CAS,valid_cas,accepted,accepted,True,measured
components-20260723T020700Z,20260748,26,Latest CAS,stale_latest_pointer,rejected,rejected,True,measured
components-20260723T020700Z,20260748,26,Latest CAS,skipped_version,rejected,rejected,True,measured
components-20260723T020700Z,20260749,27,Signature,valid_signature,accepted,accepted,True,measured
components-20260723T020700Z,20260749,27,Signature,forged_signature,rejected,rejected,True,measured
components-20260723T020700Z,20260749,27,Signature,modified_signed_payload,rejected,rejected,True,measured
components-20260723T020700Z,20260749,27,AcceptOnce,first_admission,accepted,accepted,True,measured
components-20260723T020700Z,20260749,27,AcceptOnce,idempotent_retransmission,accepted,accepted,True,measured
components-20260723T020700Z,20260749,27,AcceptOnce,counter_conflict,rejected,rejected,True,measured
components-20260723T020700Z,20260749,27,Merkle proof,valid_merkle_proof,accepted,accepted,True,measured
components-20260723T020700Z,20260749,27,Merkle proof,modified_merkle_proof,rejected,rejected,True,measured
components-20260723T020700Z,20260749,27,Latest CAS,valid_cas,accepted,accepted,True,measured
components-20260723T020700Z,20260749,27,Latest CAS,stale_latest_pointer,rejected,rejected,True,measured
components-20260723T020700Z,20260749,27,Latest CAS,skipped_version,rejected,rejected,True,measured
components-20260723T020700Z,20260750,28,Signature,valid_signature,accepted,accepted,True,measured
components-20260723T020700Z,20260750,28,Signature,forged_signature,rejected,rejected,True,measured
components-20260723T020700Z,20260750,28,Signature,modified_signed_payload,rejected,rejected,True,measured
components-20260723T020700Z,20260750,28,AcceptOnce,first_admission,accepted,accepted,True,measured
components-20260723T020700Z,20260750,28,AcceptOnce,idempotent_retransmission,accepted,accepted,True,measured
components-20260723T020700Z,20260750,28,AcceptOnce,counter_conflict,rejected,rejected,True,measured
components-20260723T020700Z,20260750,28,Merkle proof,valid_merkle_proof,accepted,accepted,True,measured
components-20260723T020700Z,20260750,28,Merkle proof,modified_merkle_proof,rejected,rejected,True,measured
components-20260723T020700Z,20260750,28,Latest CAS,valid_cas,accepted,accepted,True,measured
components-20260723T020700Z,20260750,28,Latest CAS,stale_latest_pointer,rejected,rejected,True,measured
components-20260723T020700Z,20260750,28,Latest CAS,skipped_version,rejected,rejected,True,measured
components-20260723T020700Z,20260751,29,Signature,valid_signature,accepted,accepted,True,measured
components-20260723T020700Z,20260751,29,Signature,forged_signature,rejected,rejected,True,measured
components-20260723T020700Z,20260751,29,Signature,modified_signed_payload,rejected,rejected,True,measured
components-20260723T020700Z,20260751,29,AcceptOnce,first_admission,accepted,accepted,True,measured
components-20260723T020700Z,20260751,29,AcceptOnce,idempotent_retransmission,accepted,accepted,True,measured
components-20260723T020700Z,20260751,29,AcceptOnce,counter_conflict,rejected,rejected,True,measured
components-20260723T020700Z,20260751,29,Merkle proof,valid_merkle_proof,accepted,accepted,True,measured
components-20260723T020700Z,20260751,29,Merkle proof,modified_merkle_proof,rejected,rejected,True,measured
components-20260723T020700Z,20260751,29,Latest CAS,valid_cas,accepted,accepted,True,measured
components-20260723T020700Z,20260751,29,Latest CAS,stale_latest_pointer,rejected,rejected,True,measured
components-20260723T020700Z,20260751,29,Latest CAS,skipped_version,rejected,rejected,True,measured
components-20260723T020700Z,20260752,30,Signature,valid_signature,accepted,accepted,True,measured
components-20260723T020700Z,20260752,30,Signature,forged_signature,rejected,rejected,True,measured
components-20260723T020700Z,20260752,30,Signature,modified_signed_payload,rejected,rejected,True,measured
components-20260723T020700Z,20260752,30,AcceptOnce,first_admission,accepted,accepted,True,measured
components-20260723T020700Z,20260752,30,AcceptOnce,idempotent_retransmission,accepted,accepted,True,measured
components-20260723T020700Z,20260752,30,AcceptOnce,counter_conflict,rejected,rejected,True,measured
components-20260723T020700Z,20260752,30,Merkle proof,valid_merkle_proof,accepted,accepted,True,measured
components-20260723T020700Z,20260752,30,Merkle proof,modified_merkle_proof,rejected,rejected,True,measured
components-20260723T020700Z,20260752,30,Latest CAS,valid_cas,accepted,accepted,True,measured
components-20260723T020700Z,20260752,30,Latest CAS,stale_latest_pointer,rejected,rejected,True,measured
components-20260723T020700Z,20260752,30,Latest CAS,skipped_version,rejected,rejected,True,measured
components-20260723T020700Z,20260753,31,Signature,valid_signature,accepted,accepted,True,measured
components-20260723T020700Z,20260753,31,Signature,forged_signature,rejected,rejected,True,measured
components-20260723T020700Z,20260753,31,Signature,modified_signed_payload,rejected,rejected,True,measured
components-20260723T020700Z,20260753,31,AcceptOnce,first_admission,accepted,accepted,True,measured
components-20260723T020700Z,20260753,31,AcceptOnce,idempotent_retransmission,accepted,accepted,True,measured
components-20260723T020700Z,20260753,31,AcceptOnce,counter_conflict,rejected,rejected,True,measured
components-20260723T020700Z,20260753,31,Merkle proof,valid_merkle_proof,accepted,accepted,True,measured
components-20260723T020700Z,20260753,31,Merkle proof,modified_merkle_proof,rejected,rejected,True,measured
components-20260723T020700Z,20260753,31,Latest CAS,valid_cas,accepted,accepted,True,measured
components-20260723T020700Z,20260753,31,Latest CAS,stale_latest_pointer,rejected,rejected,True,measured
components-20260723T020700Z,20260753,31,Latest CAS,skipped_version,rejected,rejected,True,measured
components-20260723T020700Z,20260754,32,Signature,valid_signature,accepted,accepted,True,measured
components-20260723T020700Z,20260754,32,Signature,forged_signature,rejected,rejected,True,measured
components-20260723T020700Z,20260754,32,Signature,modified_signed_payload,rejected,rejected,True,measured
components-20260723T020700Z,20260754,32,AcceptOnce,first_admission,accepted,accepted,True,measured
components-20260723T020700Z,20260754,32,AcceptOnce,idempotent_retransmission,accepted,accepted,True,measured
components-20260723T020700Z,20260754,32,AcceptOnce,counter_conflict,rejected,rejected,True,measured
components-20260723T020700Z,20260754,32,Merkle proof,valid_merkle_proof,accepted,accepted,True,measured
components-20260723T020700Z,20260754,32,Merkle proof,modified_merkle_proof,rejected,rejected,True,measured
components-20260723T020700Z,20260754,32,Latest CAS,valid_cas,accepted,accepted,True,measured
components-20260723T020700Z,20260754,32,Latest CAS,stale_latest_pointer,rejected,rejected,True,measured
components-20260723T020700Z,20260754,32,Latest CAS,skipped_version,rejected,rejected,True,measured
components-20260723T020700Z,20260755,33,Signature,valid_signature,accepted,accepted,True,measured
components-20260723T020700Z,20260755,33,Signature,forged_signature,rejected,rejected,True,measured
components-20260723T020700Z,20260755,33,Signature,modified_signed_payload,rejected,rejected,True,measured
components-20260723T020700Z,20260755,33,AcceptOnce,first_admission,accepted,accepted,True,measured
components-20260723T020700Z,20260755,33,AcceptOnce,idempotent_retransmission,accepted,accepted,True,measured
components-20260723T020700Z,20260755,33,AcceptOnce,counter_conflict,rejected,rejected,True,measured
components-20260723T020700Z,20260755,33,Merkle proof,valid_merkle_proof,accepted,accepted,True,measured
components-20260723T020700Z,20260755,33,Merkle proof,modified_merkle_proof,rejected,rejected,True,measured
components-20260723T020700Z,20260755,33,Latest CAS,valid_cas,accepted,accepted,True,measured
components-20260723T020700Z,20260755,33,Latest CAS,stale_latest_pointer,rejected,rejected,True,measured
components-20260723T020700Z,20260755,33,Latest CAS,skipped_version,rejected,rejected,True,measured
components-20260723T020700Z,20260756,34,Signature,valid_signature,accepted,accepted,True,measured
components-20260723T020700Z,20260756,34,Signature,forged_signature,rejected,rejected,True,measured
components-20260723T020700Z,20260756,34,Signature,modified_signed_payload,rejected,rejected,True,measured
components-20260723T020700Z,20260756,34,AcceptOnce,first_admission,accepted,accepted,True,measured
components-20260723T020700Z,20260756,34,AcceptOnce,idempotent_retransmission,accepted,accepted,True,measured
components-20260723T020700Z,20260756,34,AcceptOnce,counter_conflict,rejected,rejected,True,measured
components-20260723T020700Z,20260756,34,Merkle proof,valid_merkle_proof,accepted,accepted,True,measured
components-20260723T020700Z,20260756,34,Merkle proof,modified_merkle_proof,rejected,rejected,True,measured
components-20260723T020700Z,20260756,34,Latest CAS,valid_cas,accepted,accepted,True,measured
components-20260723T020700Z,20260756,34,Latest CAS,stale_latest_pointer,rejected,rejected,True,measured
components-20260723T020700Z,20260756,34,Latest CAS,skipped_version,rejected,rejected,True,measured
components-20260723T020700Z,20260757,35,Signature,valid_signature,accepted,accepted,True,measured
components-20260723T020700Z,20260757,35,Signature,forged_signature,rejected,rejected,True,measured
components-20260723T020700Z,20260757,35,Signature,modified_signed_payload,rejected,rejected,True,measured
components-20260723T020700Z,20260757,35,AcceptOnce,first_admission,accepted,accepted,True,measured
components-20260723T020700Z,20260757,35,AcceptOnce,idempotent_retransmission,accepted,accepted,True,measured
components-20260723T020700Z,20260757,35,AcceptOnce,counter_conflict,rejected,rejected,True,measured
components-20260723T020700Z,20260757,35,Merkle proof,valid_merkle_proof,accepted,accepted,True,measured
components-20260723T020700Z,20260757,35,Merkle proof,modified_merkle_proof,rejected,rejected,True,measured
components-20260723T020700Z,20260757,35,Latest CAS,valid_cas,accepted,accepted,True,measured
components-20260723T020700Z,20260757,35,Latest CAS,stale_latest_pointer,rejected,rejected,True,measured
components-20260723T020700Z,20260757,35,Latest CAS,skipped_version,rejected,rejected,True,measured
components-20260723T020700Z,20260758,36,Signature,valid_signature,accepted,accepted,True,measured
components-20260723T020700Z,20260758,36,Signature,forged_signature,rejected,rejected,True,measured
components-20260723T020700Z,20260758,36,Signature,modified_signed_payload,rejected,rejected,True,measured
components-20260723T020700Z,20260758,36,AcceptOnce,first_admission,accepted,accepted,True,measured
components-20260723T020700Z,20260758,36,AcceptOnce,idempotent_retransmission,accepted,accepted,True,measured
components-20260723T020700Z,20260758,36,AcceptOnce,counter_conflict,rejected,rejected,True,measured
components-20260723T020700Z,20260758,36,Merkle proof,valid_merkle_proof,accepted,accepted,True,measured
components-20260723T020700Z,20260758,36,Merkle proof,modified_merkle_proof,rejected,rejected,True,measured
components-20260723T020700Z,20260758,36,Latest CAS,valid_cas,accepted,accepted,True,measured
components-20260723T020700Z,20260758,36,Latest CAS,stale_latest_pointer,rejected,rejected,True,measured
components-20260723T020700Z,20260758,36,Latest CAS,skipped_version,rejected,rejected,True,measured
components-20260723T020700Z,20260759,37,Signature,valid_signature,accepted,accepted,True,measured
components-20260723T020700Z,20260759,37,Signature,forged_signature,rejected,rejected,True,measured
components-20260723T020700Z,20260759,37,Signature,modified_signed_payload,rejected,rejected,True,measured
components-20260723T020700Z,20260759,37,AcceptOnce,first_admission,accepted,accepted,True,measured
components-20260723T020700Z,20260759,37,AcceptOnce,idempotent_retransmission,accepted,accepted,True,measured
components-20260723T020700Z,20260759,37,AcceptOnce,counter_conflict,rejected,rejected,True,measured
components-20260723T020700Z,20260759,37,Merkle proof,valid_merkle_proof,accepted,accepted,True,measured
components-20260723T020700Z,20260759,37,Merkle proof,modified_merkle_proof,rejected,rejected,True,measured
components-20260723T020700Z,20260759,37,Latest CAS,valid_cas,accepted,accepted,True,measured
components-20260723T020700Z,20260759,37,Latest CAS,stale_latest_pointer,rejected,rejected,True,measured
components-20260723T020700Z,20260759,37,Latest CAS,skipped_version,rejected,rejected,True,measured
components-20260723T020700Z,20260760,38,Signature,valid_signature,accepted,accepted,True,measured
components-20260723T020700Z,20260760,38,Signature,forged_signature,rejected,rejected,True,measured
components-20260723T020700Z,20260760,38,Signature,modified_signed_payload,rejected,rejected,True,measured
components-20260723T020700Z,20260760,38,AcceptOnce,first_admission,accepted,accepted,True,measured
components-20260723T020700Z,20260760,38,AcceptOnce,idempotent_retransmission,accepted,accepted,True,measured
components-20260723T020700Z,20260760,38,AcceptOnce,counter_conflict,rejected,rejected,True,measured
components-20260723T020700Z,20260760,38,Merkle proof,valid_merkle_proof,accepted,accepted,True,measured
components-20260723T020700Z,20260760,38,Merkle proof,modified_merkle_proof,rejected,rejected,True,measured
components-20260723T020700Z,20260760,38,Latest CAS,valid_cas,accepted,accepted,True,measured
components-20260723T020700Z,20260760,38,Latest CAS,stale_latest_pointer,rejected,rejected,True,measured
components-20260723T020700Z,20260760,38,Latest CAS,skipped_version,rejected,rejected,True,measured
components-20260723T020700Z,20260761,39,Signature,valid_signature,accepted,accepted,True,measured
components-20260723T020700Z,20260761,39,Signature,forged_signature,rejected,rejected,True,measured
components-20260723T020700Z,20260761,39,Signature,modified_signed_payload,rejected,rejected,True,measured
components-20260723T020700Z,20260761,39,AcceptOnce,first_admission,accepted,accepted,True,measured
components-20260723T020700Z,20260761,39,AcceptOnce,idempotent_retransmission,accepted,accepted,True,measured
components-20260723T020700Z,20260761,39,AcceptOnce,counter_conflict,rejected,rejected,True,measured
components-20260723T020700Z,20260761,39,Merkle proof,valid_merkle_proof,accepted,accepted,True,measured
components-20260723T020700Z,20260761,39,Merkle proof,modified_merkle_proof,rejected,rejected,True,measured
components-20260723T020700Z,20260761,39,Latest CAS,valid_cas,accepted,accepted,True,measured
components-20260723T020700Z,20260761,39,Latest CAS,stale_latest_pointer,rejected,rejected,True,measured
components-20260723T020700Z,20260761,39,Latest CAS,skipped_version,rejected,rejected,True,measured
components-20260723T020700Z,20260762,40,Signature,valid_signature,accepted,accepted,True,measured
components-20260723T020700Z,20260762,40,Signature,forged_signature,rejected,rejected,True,measured
components-20260723T020700Z,20260762,40,Signature,modified_signed_payload,rejected,rejected,True,measured
components-20260723T020700Z,20260762,40,AcceptOnce,first_admission,accepted,accepted,True,measured
components-20260723T020700Z,20260762,40,AcceptOnce,idempotent_retransmission,accepted,accepted,True,measured
components-20260723T020700Z,20260762,40,AcceptOnce,counter_conflict,rejected,rejected,True,measured
components-20260723T020700Z,20260762,40,Merkle proof,valid_merkle_proof,accepted,accepted,True,measured
components-20260723T020700Z,20260762,40,Merkle proof,modified_merkle_proof,rejected,rejected,True,measured
components-20260723T020700Z,20260762,40,Latest CAS,valid_cas,accepted,accepted,True,measured
components-20260723T020700Z,20260762,40,Latest CAS,stale_latest_pointer,rejected,rejected,True,measured
components-20260723T020700Z,20260762,40,Latest CAS,skipped_version,rejected,rejected,True,measured
components-20260723T020700Z,20260763,41,Signature,valid_signature,accepted,accepted,True,measured
components-20260723T020700Z,20260763,41,Signature,forged_signature,rejected,rejected,True,measured
components-20260723T020700Z,20260763,41,Signature,modified_signed_payload,rejected,rejected,True,measured
components-20260723T020700Z,20260763,41,AcceptOnce,first_admission,accepted,accepted,True,measured
components-20260723T020700Z,20260763,41,AcceptOnce,idempotent_retransmission,accepted,accepted,True,measured
components-20260723T020700Z,20260763,41,AcceptOnce,counter_conflict,rejected,rejected,True,measured
components-20260723T020700Z,20260763,41,Merkle proof,valid_merkle_proof,accepted,accepted,True,measured
components-20260723T020700Z,20260763,41,Merkle proof,modified_merkle_proof,rejected,rejected,True,measured
components-20260723T020700Z,20260763,41,Latest CAS,valid_cas,accepted,accepted,True,measured
components-20260723T020700Z,20260763,41,Latest CAS,stale_latest_pointer,rejected,rejected,True,measured
components-20260723T020700Z,20260763,41,Latest CAS,skipped_version,rejected,rejected,True,measured
components-20260723T020700Z,20260764,42,Signature,valid_signature,accepted,accepted,True,measured
components-20260723T020700Z,20260764,42,Signature,forged_signature,rejected,rejected,True,measured
components-20260723T020700Z,20260764,42,Signature,modified_signed_payload,rejected,rejected,True,measured
components-20260723T020700Z,20260764,42,AcceptOnce,first_admission,accepted,accepted,True,measured
components-20260723T020700Z,20260764,42,AcceptOnce,idempotent_retransmission,accepted,accepted,True,measured
components-20260723T020700Z,20260764,42,AcceptOnce,counter_conflict,rejected,rejected,True,measured
components-20260723T020700Z,20260764,42,Merkle proof,valid_merkle_proof,accepted,accepted,True,measured
components-20260723T020700Z,20260764,42,Merkle proof,modified_merkle_proof,rejected,rejected,True,measured
components-20260723T020700Z,20260764,42,Latest CAS,valid_cas,accepted,accepted,True,measured
components-20260723T020700Z,20260764,42,Latest CAS,stale_latest_pointer,rejected,rejected,True,measured
components-20260723T020700Z,20260764,42,Latest CAS,skipped_version,rejected,rejected,True,measured
components-20260723T020700Z,20260765,43,Signature,valid_signature,accepted,accepted,True,measured
components-20260723T020700Z,20260765,43,Signature,forged_signature,rejected,rejected,True,measured
components-20260723T020700Z,20260765,43,Signature,modified_signed_payload,rejected,rejected,True,measured
components-20260723T020700Z,20260765,43,AcceptOnce,first_admission,accepted,accepted,True,measured
components-20260723T020700Z,20260765,43,AcceptOnce,idempotent_retransmission,accepted,accepted,True,measured
components-20260723T020700Z,20260765,43,AcceptOnce,counter_conflict,rejected,rejected,True,measured
components-20260723T020700Z,20260765,43,Merkle proof,valid_merkle_proof,accepted,accepted,True,measured
components-20260723T020700Z,20260765,43,Merkle proof,modified_merkle_proof,rejected,rejected,True,measured
components-20260723T020700Z,20260765,43,Latest CAS,valid_cas,accepted,accepted,True,measured
components-20260723T020700Z,20260765,43,Latest CAS,stale_latest_pointer,rejected,rejected,True,measured
components-20260723T020700Z,20260765,43,Latest CAS,skipped_version,rejected,rejected,True,measured
components-20260723T020700Z,20260766,44,Signature,valid_signature,accepted,accepted,True,measured
components-20260723T020700Z,20260766,44,Signature,forged_signature,rejected,rejected,True,measured
components-20260723T020700Z,20260766,44,Signature,modified_signed_payload,rejected,rejected,True,measured
components-20260723T020700Z,20260766,44,AcceptOnce,first_admission,accepted,accepted,True,measured
components-20260723T020700Z,20260766,44,AcceptOnce,idempotent_retransmission,accepted,accepted,True,measured
components-20260723T020700Z,20260766,44,AcceptOnce,counter_conflict,rejected,rejected,True,measured
components-20260723T020700Z,20260766,44,Merkle proof,valid_merkle_proof,accepted,accepted,True,measured
components-20260723T020700Z,20260766,44,Merkle proof,modified_merkle_proof,rejected,rejected,True,measured
components-20260723T020700Z,20260766,44,Latest CAS,valid_cas,accepted,accepted,True,measured
components-20260723T020700Z,20260766,44,Latest CAS,stale_latest_pointer,rejected,rejected,True,measured
components-20260723T020700Z,20260766,44,Latest CAS,skipped_version,rejected,rejected,True,measured
components-20260723T020700Z,20260767,45,Signature,valid_signature,accepted,accepted,True,measured
components-20260723T020700Z,20260767,45,Signature,forged_signature,rejected,rejected,True,measured
components-20260723T020700Z,20260767,45,Signature,modified_signed_payload,rejected,rejected,True,measured
components-20260723T020700Z,20260767,45,AcceptOnce,first_admission,accepted,accepted,True,measured
components-20260723T020700Z,20260767,45,AcceptOnce,idempotent_retransmission,accepted,accepted,True,measured
components-20260723T020700Z,20260767,45,AcceptOnce,counter_conflict,rejected,rejected,True,measured
components-20260723T020700Z,20260767,45,Merkle proof,valid_merkle_proof,accepted,accepted,True,measured
components-20260723T020700Z,20260767,45,Merkle proof,modified_merkle_proof,rejected,rejected,True,measured
components-20260723T020700Z,20260767,45,Latest CAS,valid_cas,accepted,accepted,True,measured
components-20260723T020700Z,20260767,45,Latest CAS,stale_latest_pointer,rejected,rejected,True,measured
components-20260723T020700Z,20260767,45,Latest CAS,skipped_version,rejected,rejected,True,measured
components-20260723T020700Z,20260768,46,Signature,valid_signature,accepted,accepted,True,measured
components-20260723T020700Z,20260768,46,Signature,forged_signature,rejected,rejected,True,measured
components-20260723T020700Z,20260768,46,Signature,modified_signed_payload,rejected,rejected,True,measured
components-20260723T020700Z,20260768,46,AcceptOnce,first_admission,accepted,accepted,True,measured
components-20260723T020700Z,20260768,46,AcceptOnce,idempotent_retransmission,accepted,accepted,True,measured
components-20260723T020700Z,20260768,46,AcceptOnce,counter_conflict,rejected,rejected,True,measured
components-20260723T020700Z,20260768,46,Merkle proof,valid_merkle_proof,accepted,accepted,True,measured
components-20260723T020700Z,20260768,46,Merkle proof,modified_merkle_proof,rejected,rejected,True,measured
components-20260723T020700Z,20260768,46,Latest CAS,valid_cas,accepted,accepted,True,measured
components-20260723T020700Z,20260768,46,Latest CAS,stale_latest_pointer,rejected,rejected,True,measured
components-20260723T020700Z,20260768,46,Latest CAS,skipped_version,rejected,rejected,True,measured
components-20260723T020700Z,20260769,47,Signature,valid_signature,accepted,accepted,True,measured
components-20260723T020700Z,20260769,47,Signature,forged_signature,rejected,rejected,True,measured
components-20260723T020700Z,20260769,47,Signature,modified_signed_payload,rejected,rejected,True,measured
components-20260723T020700Z,20260769,47,AcceptOnce,first_admission,accepted,accepted,True,measured
components-20260723T020700Z,20260769,47,AcceptOnce,idempotent_retransmission,accepted,accepted,True,measured
components-20260723T020700Z,20260769,47,AcceptOnce,counter_conflict,rejected,rejected,True,measured
components-20260723T020700Z,20260769,47,Merkle proof,valid_merkle_proof,accepted,accepted,True,measured
components-20260723T020700Z,20260769,47,Merkle proof,modified_merkle_proof,rejected,rejected,True,measured
components-20260723T020700Z,20260769,47,Latest CAS,valid_cas,accepted,accepted,True,measured
components-20260723T020700Z,20260769,47,Latest CAS,stale_latest_pointer,rejected,rejected,True,measured
components-20260723T020700Z,20260769,47,Latest CAS,skipped_version,rejected,rejected,True,measured
components-20260723T020700Z,20260770,48,Signature,valid_signature,accepted,accepted,True,measured
components-20260723T020700Z,20260770,48,Signature,forged_signature,rejected,rejected,True,measured
components-20260723T020700Z,20260770,48,Signature,modified_signed_payload,rejected,rejected,True,measured
components-20260723T020700Z,20260770,48,AcceptOnce,first_admission,accepted,accepted,True,measured
components-20260723T020700Z,20260770,48,AcceptOnce,idempotent_retransmission,accepted,accepted,True,measured
components-20260723T020700Z,20260770,48,AcceptOnce,counter_conflict,rejected,rejected,True,measured
components-20260723T020700Z,20260770,48,Merkle proof,valid_merkle_proof,accepted,accepted,True,measured
components-20260723T020700Z,20260770,48,Merkle proof,modified_merkle_proof,rejected,rejected,True,measured
components-20260723T020700Z,20260770,48,Latest CAS,valid_cas,accepted,accepted,True,measured
components-20260723T020700Z,20260770,48,Latest CAS,stale_latest_pointer,rejected,rejected,True,measured
components-20260723T020700Z,20260770,48,Latest CAS,skipped_version,rejected,rejected,True,measured
components-20260723T020700Z,20260771,49,Signature,valid_signature,accepted,accepted,True,measured
components-20260723T020700Z,20260771,49,Signature,forged_signature,rejected,rejected,True,measured
components-20260723T020700Z,20260771,49,Signature,modified_signed_payload,rejected,rejected,True,measured
components-20260723T020700Z,20260771,49,AcceptOnce,first_admission,accepted,accepted,True,measured
components-20260723T020700Z,20260771,49,AcceptOnce,idempotent_retransmission,accepted,accepted,True,measured
components-20260723T020700Z,20260771,49,AcceptOnce,counter_conflict,rejected,rejected,True,measured
components-20260723T020700Z,20260771,49,Merkle proof,valid_merkle_proof,accepted,accepted,True,measured
components-20260723T020700Z,20260771,49,Merkle proof,modified_merkle_proof,rejected,rejected,True,measured
components-20260723T020700Z,20260771,49,Latest CAS,valid_cas,accepted,accepted,True,measured
components-20260723T020700Z,20260771,49,Latest CAS,stale_latest_pointer,rejected,rejected,True,measured
components-20260723T020700Z,20260771,49,Latest CAS,skipped_version,rejected,rejected,True,measured
components-20260723T020700Z,20260772,50,Signature,valid_signature,accepted,accepted,True,measured
components-20260723T020700Z,20260772,50,Signature,forged_signature,rejected,rejected,True,measured
components-20260723T020700Z,20260772,50,Signature,modified_signed_payload,rejected,rejected,True,measured
components-20260723T020700Z,20260772,50,AcceptOnce,first_admission,accepted,accepted,True,measured
components-20260723T020700Z,20260772,50,AcceptOnce,idempotent_retransmission,accepted,accepted,True,measured
components-20260723T020700Z,20260772,50,AcceptOnce,counter_conflict,rejected,rejected,True,measured
components-20260723T020700Z,20260772,50,Merkle proof,valid_merkle_proof,accepted,accepted,True,measured
components-20260723T020700Z,20260772,50,Merkle proof,modified_merkle_proof,rejected,rejected,True,measured
components-20260723T020700Z,20260772,50,Latest CAS,valid_cas,accepted,accepted,True,measured
components-20260723T020700Z,20260772,50,Latest CAS,stale_latest_pointer,rejected,rejected,True,measured
components-20260723T020700Z,20260772,50,Latest CAS,skipped_version,rejected,rejected,True,measured
components-20260723T020700Z,20260773,51,Signature,valid_signature,accepted,accepted,True,measured
components-20260723T020700Z,20260773,51,Signature,forged_signature,rejected,rejected,True,measured
components-20260723T020700Z,20260773,51,Signature,modified_signed_payload,rejected,rejected,True,measured
components-20260723T020700Z,20260773,51,AcceptOnce,first_admission,accepted,accepted,True,measured
components-20260723T020700Z,20260773,51,AcceptOnce,idempotent_retransmission,accepted,accepted,True,measured
components-20260723T020700Z,20260773,51,AcceptOnce,counter_conflict,rejected,rejected,True,measured
components-20260723T020700Z,20260773,51,Merkle proof,valid_merkle_proof,accepted,accepted,True,measured
components-20260723T020700Z,20260773,51,Merkle proof,modified_merkle_proof,rejected,rejected,True,measured
components-20260723T020700Z,20260773,51,Latest CAS,valid_cas,accepted,accepted,True,measured
components-20260723T020700Z,20260773,51,Latest CAS,stale_latest_pointer,rejected,rejected,True,measured
components-20260723T020700Z,20260773,51,Latest CAS,skipped_version,rejected,rejected,True,measured
components-20260723T020700Z,20260774,52,Signature,valid_signature,accepted,accepted,True,measured
components-20260723T020700Z,20260774,52,Signature,forged_signature,rejected,rejected,True,measured
components-20260723T020700Z,20260774,52,Signature,modified_signed_payload,rejected,rejected,True,measured
components-20260723T020700Z,20260774,52,AcceptOnce,first_admission,accepted,accepted,True,measured
components-20260723T020700Z,20260774,52,AcceptOnce,idempotent_retransmission,accepted,accepted,True,measured
components-20260723T020700Z,20260774,52,AcceptOnce,counter_conflict,rejected,rejected,True,measured
components-20260723T020700Z,20260774,52,Merkle proof,valid_merkle_proof,accepted,accepted,True,measured
components-20260723T020700Z,20260774,52,Merkle proof,modified_merkle_proof,rejected,rejected,True,measured
components-20260723T020700Z,20260774,52,Latest CAS,valid_cas,accepted,accepted,True,measured
components-20260723T020700Z,20260774,52,Latest CAS,stale_latest_pointer,rejected,rejected,True,measured
components-20260723T020700Z,20260774,52,Latest CAS,skipped_version,rejected,rejected,True,measured
components-20260723T020700Z,20260775,53,Signature,valid_signature,accepted,accepted,True,measured
components-20260723T020700Z,20260775,53,Signature,forged_signature,rejected,rejected,True,measured
components-20260723T020700Z,20260775,53,Signature,modified_signed_payload,rejected,rejected,True,measured
components-20260723T020700Z,20260775,53,AcceptOnce,first_admission,accepted,accepted,True,measured
components-20260723T020700Z,20260775,53,AcceptOnce,idempotent_retransmission,accepted,accepted,True,measured
components-20260723T020700Z,20260775,53,AcceptOnce,counter_conflict,rejected,rejected,True,measured
components-20260723T020700Z,20260775,53,Merkle proof,valid_merkle_proof,accepted,accepted,True,measured
components-20260723T020700Z,20260775,53,Merkle proof,modified_merkle_proof,rejected,rejected,True,measured
components-20260723T020700Z,20260775,53,Latest CAS,valid_cas,accepted,accepted,True,measured
components-20260723T020700Z,20260775,53,Latest CAS,stale_latest_pointer,rejected,rejected,True,measured
components-20260723T020700Z,20260775,53,Latest CAS,skipped_version,rejected,rejected,True,measured
components-20260723T020700Z,20260776,54,Signature,valid_signature,accepted,accepted,True,measured
components-20260723T020700Z,20260776,54,Signature,forged_signature,rejected,rejected,True,measured
components-20260723T020700Z,20260776,54,Signature,modified_signed_payload,rejected,rejected,True,measured
components-20260723T020700Z,20260776,54,AcceptOnce,first_admission,accepted,accepted,True,measured
components-20260723T020700Z,20260776,54,AcceptOnce,idempotent_retransmission,accepted,accepted,True,measured
components-20260723T020700Z,20260776,54,AcceptOnce,counter_conflict,rejected,rejected,True,measured
components-20260723T020700Z,20260776,54,Merkle proof,valid_merkle_proof,accepted,accepted,True,measured
components-20260723T020700Z,20260776,54,Merkle proof,modified_merkle_proof,rejected,rejected,True,measured
components-20260723T020700Z,20260776,54,Latest CAS,valid_cas,accepted,accepted,True,measured
components-20260723T020700Z,20260776,54,Latest CAS,stale_latest_pointer,rejected,rejected,True,measured
components-20260723T020700Z,20260776,54,Latest CAS,skipped_version,rejected,rejected,True,measured
components-20260723T020700Z,20260777,55,Signature,valid_signature,accepted,accepted,True,measured
components-20260723T020700Z,20260777,55,Signature,forged_signature,rejected,rejected,True,measured
components-20260723T020700Z,20260777,55,Signature,modified_signed_payload,rejected,rejected,True,measured
components-20260723T020700Z,20260777,55,AcceptOnce,first_admission,accepted,accepted,True,measured
components-20260723T020700Z,20260777,55,AcceptOnce,idempotent_retransmission,accepted,accepted,True,measured
components-20260723T020700Z,20260777,55,AcceptOnce,counter_conflict,rejected,rejected,True,measured
components-20260723T020700Z,20260777,55,Merkle proof,valid_merkle_proof,accepted,accepted,True,measured
components-20260723T020700Z,20260777,55,Merkle proof,modified_merkle_proof,rejected,rejected,True,measured
components-20260723T020700Z,20260777,55,Latest CAS,valid_cas,accepted,accepted,True,measured
components-20260723T020700Z,20260777,55,Latest CAS,stale_latest_pointer,rejected,rejected,True,measured
components-20260723T020700Z,20260777,55,Latest CAS,skipped_version,rejected,rejected,True,measured
components-20260723T020700Z,20260778,56,Signature,valid_signature,accepted,accepted,True,measured
components-20260723T020700Z,20260778,56,Signature,forged_signature,rejected,rejected,True,measured
components-20260723T020700Z,20260778,56,Signature,modified_signed_payload,rejected,rejected,True,measured
components-20260723T020700Z,20260778,56,AcceptOnce,first_admission,accepted,accepted,True,measured
components-20260723T020700Z,20260778,56,AcceptOnce,idempotent_retransmission,accepted,accepted,True,measured
components-20260723T020700Z,20260778,56,AcceptOnce,counter_conflict,rejected,rejected,True,measured
components-20260723T020700Z,20260778,56,Merkle proof,valid_merkle_proof,accepted,accepted,True,measured
components-20260723T020700Z,20260778,56,Merkle proof,modified_merkle_proof,rejected,rejected,True,measured
components-20260723T020700Z,20260778,56,Latest CAS,valid_cas,accepted,accepted,True,measured
components-20260723T020700Z,20260778,56,Latest CAS,stale_latest_pointer,rejected,rejected,True,measured
components-20260723T020700Z,20260778,56,Latest CAS,skipped_version,rejected,rejected,True,measured
components-20260723T020700Z,20260779,57,Signature,valid_signature,accepted,accepted,True,measured
components-20260723T020700Z,20260779,57,Signature,forged_signature,rejected,rejected,True,measured
components-20260723T020700Z,20260779,57,Signature,modified_signed_payload,rejected,rejected,True,measured
components-20260723T020700Z,20260779,57,AcceptOnce,first_admission,accepted,accepted,True,measured
components-20260723T020700Z,20260779,57,AcceptOnce,idempotent_retransmission,accepted,accepted,True,measured
components-20260723T020700Z,20260779,57,AcceptOnce,counter_conflict,rejected,rejected,True,measured
components-20260723T020700Z,20260779,57,Merkle proof,valid_merkle_proof,accepted,accepted,True,measured
components-20260723T020700Z,20260779,57,Merkle proof,modified_merkle_proof,rejected,rejected,True,measured
components-20260723T020700Z,20260779,57,Latest CAS,valid_cas,accepted,accepted,True,measured
components-20260723T020700Z,20260779,57,Latest CAS,stale_latest_pointer,rejected,rejected,True,measured
components-20260723T020700Z,20260779,57,Latest CAS,skipped_version,rejected,rejected,True,measured
components-20260723T020700Z,20260780,58,Signature,valid_signature,accepted,accepted,True,measured
components-20260723T020700Z,20260780,58,Signature,forged_signature,rejected,rejected,True,measured
components-20260723T020700Z,20260780,58,Signature,modified_signed_payload,rejected,rejected,True,measured
components-20260723T020700Z,20260780,58,AcceptOnce,first_admission,accepted,accepted,True,measured
components-20260723T020700Z,20260780,58,AcceptOnce,idempotent_retransmission,accepted,accepted,True,measured
components-20260723T020700Z,20260780,58,AcceptOnce,counter_conflict,rejected,rejected,True,measured
components-20260723T020700Z,20260780,58,Merkle proof,valid_merkle_proof,accepted,accepted,True,measured
components-20260723T020700Z,20260780,58,Merkle proof,modified_merkle_proof,rejected,rejected,True,measured
components-20260723T020700Z,20260780,58,Latest CAS,valid_cas,accepted,accepted,True,measured
components-20260723T020700Z,20260780,58,Latest CAS,stale_latest_pointer,rejected,rejected,True,measured
components-20260723T020700Z,20260780,58,Latest CAS,skipped_version,rejected,rejected,True,measured
components-20260723T020700Z,20260781,59,Signature,valid_signature,accepted,accepted,True,measured
components-20260723T020700Z,20260781,59,Signature,forged_signature,rejected,rejected,True,measured
components-20260723T020700Z,20260781,59,Signature,modified_signed_payload,rejected,rejected,True,measured
components-20260723T020700Z,20260781,59,AcceptOnce,first_admission,accepted,accepted,True,measured
components-20260723T020700Z,20260781,59,AcceptOnce,idempotent_retransmission,accepted,accepted,True,measured
components-20260723T020700Z,20260781,59,AcceptOnce,counter_conflict,rejected,rejected,True,measured
components-20260723T020700Z,20260781,59,Merkle proof,valid_merkle_proof,accepted,accepted,True,measured
components-20260723T020700Z,20260781,59,Merkle proof,modified_merkle_proof,rejected,rejected,True,measured
components-20260723T020700Z,20260781,59,Latest CAS,valid_cas,accepted,accepted,True,measured
components-20260723T020700Z,20260781,59,Latest CAS,stale_latest_pointer,rejected,rejected,True,measured
components-20260723T020700Z,20260781,59,Latest CAS,skipped_version,rejected,rejected,True,measured
components-20260723T020700Z,20260782,60,Signature,valid_signature,accepted,accepted,True,measured
components-20260723T020700Z,20260782,60,Signature,forged_signature,rejected,rejected,True,measured
components-20260723T020700Z,20260782,60,Signature,modified_signed_payload,rejected,rejected,True,measured
components-20260723T020700Z,20260782,60,AcceptOnce,first_admission,accepted,accepted,True,measured
components-20260723T020700Z,20260782,60,AcceptOnce,idempotent_retransmission,accepted,accepted,True,measured
components-20260723T020700Z,20260782,60,AcceptOnce,counter_conflict,rejected,rejected,True,measured
components-20260723T020700Z,20260782,60,Merkle proof,valid_merkle_proof,accepted,accepted,True,measured
components-20260723T020700Z,20260782,60,Merkle proof,modified_merkle_proof,rejected,rejected,True,measured
components-20260723T020700Z,20260782,60,Latest CAS,valid_cas,accepted,accepted,True,measured
components-20260723T020700Z,20260782,60,Latest CAS,stale_latest_pointer,rejected,rejected,True,measured
components-20260723T020700Z,20260782,60,Latest CAS,skipped_version,rejected,rejected,True,measured
components-20260723T020700Z,20260783,61,Signature,valid_signature,accepted,accepted,True,measured
components-20260723T020700Z,20260783,61,Signature,forged_signature,rejected,rejected,True,measured
components-20260723T020700Z,20260783,61,Signature,modified_signed_payload,rejected,rejected,True,measured
components-20260723T020700Z,20260783,61,AcceptOnce,first_admission,accepted,accepted,True,measured
components-20260723T020700Z,20260783,61,AcceptOnce,idempotent_retransmission,accepted,accepted,True,measured
components-20260723T020700Z,20260783,61,AcceptOnce,counter_conflict,rejected,rejected,True,measured
components-20260723T020700Z,20260783,61,Merkle proof,valid_merkle_proof,accepted,accepted,True,measured
components-20260723T020700Z,20260783,61,Merkle proof,modified_merkle_proof,rejected,rejected,True,measured
components-20260723T020700Z,20260783,61,Latest CAS,valid_cas,accepted,accepted,True,measured
components-20260723T020700Z,20260783,61,Latest CAS,stale_latest_pointer,rejected,rejected,True,measured
components-20260723T020700Z,20260783,61,Latest CAS,skipped_version,rejected,rejected,True,measured
components-20260723T020700Z,20260784,62,Signature,valid_signature,accepted,accepted,True,measured
components-20260723T020700Z,20260784,62,Signature,forged_signature,rejected,rejected,True,measured
components-20260723T020700Z,20260784,62,Signature,modified_signed_payload,rejected,rejected,True,measured
components-20260723T020700Z,20260784,62,AcceptOnce,first_admission,accepted,accepted,True,measured
components-20260723T020700Z,20260784,62,AcceptOnce,idempotent_retransmission,accepted,accepted,True,measured
components-20260723T020700Z,20260784,62,AcceptOnce,counter_conflict,rejected,rejected,True,measured
components-20260723T020700Z,20260784,62,Merkle proof,valid_merkle_proof,accepted,accepted,True,measured
components-20260723T020700Z,20260784,62,Merkle proof,modified_merkle_proof,rejected,rejected,True,measured
components-20260723T020700Z,20260784,62,Latest CAS,valid_cas,accepted,accepted,True,measured
components-20260723T020700Z,20260784,62,Latest CAS,stale_latest_pointer,rejected,rejected,True,measured
components-20260723T020700Z,20260784,62,Latest CAS,skipped_version,rejected,rejected,True,measured
components-20260723T020700Z,20260785,63,Signature,valid_signature,accepted,accepted,True,measured
components-20260723T020700Z,20260785,63,Signature,forged_signature,rejected,rejected,True,measured
components-20260723T020700Z,20260785,63,Signature,modified_signed_payload,rejected,rejected,True,measured
components-20260723T020700Z,20260785,63,AcceptOnce,first_admission,accepted,accepted,True,measured
components-20260723T020700Z,20260785,63,AcceptOnce,idempotent_retransmission,accepted,accepted,True,measured
components-20260723T020700Z,20260785,63,AcceptOnce,counter_conflict,rejected,rejected,True,measured
components-20260723T020700Z,20260785,63,Merkle proof,valid_merkle_proof,accepted,accepted,True,measured
components-20260723T020700Z,20260785,63,Merkle proof,modified_merkle_proof,rejected,rejected,True,measured
components-20260723T020700Z,20260785,63,Latest CAS,valid_cas,accepted,accepted,True,measured
components-20260723T020700Z,20260785,63,Latest CAS,stale_latest_pointer,rejected,rejected,True,measured
components-20260723T020700Z,20260785,63,Latest CAS,skipped_version,rejected,rejected,True,measured
components-20260723T020700Z,20260786,64,Signature,valid_signature,accepted,accepted,True,measured
components-20260723T020700Z,20260786,64,Signature,forged_signature,rejected,rejected,True,measured
components-20260723T020700Z,20260786,64,Signature,modified_signed_payload,rejected,rejected,True,measured
components-20260723T020700Z,20260786,64,AcceptOnce,first_admission,accepted,accepted,True,measured
components-20260723T020700Z,20260786,64,AcceptOnce,idempotent_retransmission,accepted,accepted,True,measured
components-20260723T020700Z,20260786,64,AcceptOnce,counter_conflict,rejected,rejected,True,measured
components-20260723T020700Z,20260786,64,Merkle proof,valid_merkle_proof,accepted,accepted,True,measured
components-20260723T020700Z,20260786,64,Merkle proof,modified_merkle_proof,rejected,rejected,True,measured
components-20260723T020700Z,20260786,64,Latest CAS,valid_cas,accepted,accepted,True,measured
components-20260723T020700Z,20260786,64,Latest CAS,stale_latest_pointer,rejected,rejected,True,measured
components-20260723T020700Z,20260786,64,Latest CAS,skipped_version,rejected,rejected,True,measured
components-20260723T020700Z,20260787,65,Signature,valid_signature,accepted,accepted,True,measured
components-20260723T020700Z,20260787,65,Signature,forged_signature,rejected,rejected,True,measured
components-20260723T020700Z,20260787,65,Signature,modified_signed_payload,rejected,rejected,True,measured
components-20260723T020700Z,20260787,65,AcceptOnce,first_admission,accepted,accepted,True,measured
components-20260723T020700Z,20260787,65,AcceptOnce,idempotent_retransmission,accepted,accepted,True,measured
components-20260723T020700Z,20260787,65,AcceptOnce,counter_conflict,rejected,rejected,True,measured
components-20260723T020700Z,20260787,65,Merkle proof,valid_merkle_proof,accepted,accepted,True,measured
components-20260723T020700Z,20260787,65,Merkle proof,modified_merkle_proof,rejected,rejected,True,measured
components-20260723T020700Z,20260787,65,Latest CAS,valid_cas,accepted,accepted,True,measured
components-20260723T020700Z,20260787,65,Latest CAS,stale_latest_pointer,rejected,rejected,True,measured
components-20260723T020700Z,20260787,65,Latest CAS,skipped_version,rejected,rejected,True,measured
components-20260723T020700Z,20260788,66,Signature,valid_signature,accepted,accepted,True,measured
components-20260723T020700Z,20260788,66,Signature,forged_signature,rejected,rejected,True,measured
components-20260723T020700Z,20260788,66,Signature,modified_signed_payload,rejected,rejected,True,measured
components-20260723T020700Z,20260788,66,AcceptOnce,first_admission,accepted,accepted,True,measured
components-20260723T020700Z,20260788,66,AcceptOnce,idempotent_retransmission,accepted,accepted,True,measured
components-20260723T020700Z,20260788,66,AcceptOnce,counter_conflict,rejected,rejected,True,measured
components-20260723T020700Z,20260788,66,Merkle proof,valid_merkle_proof,accepted,accepted,True,measured
components-20260723T020700Z,20260788,66,Merkle proof,modified_merkle_proof,rejected,rejected,True,measured
components-20260723T020700Z,20260788,66,Latest CAS,valid_cas,accepted,accepted,True,measured
components-20260723T020700Z,20260788,66,Latest CAS,stale_latest_pointer,rejected,rejected,True,measured
components-20260723T020700Z,20260788,66,Latest CAS,skipped_version,rejected,rejected,True,measured
components-20260723T020700Z,20260789,67,Signature,valid_signature,accepted,accepted,True,measured
components-20260723T020700Z,20260789,67,Signature,forged_signature,rejected,rejected,True,measured
components-20260723T020700Z,20260789,67,Signature,modified_signed_payload,rejected,rejected,True,measured
components-20260723T020700Z,20260789,67,AcceptOnce,first_admission,accepted,accepted,True,measured
components-20260723T020700Z,20260789,67,AcceptOnce,idempotent_retransmission,accepted,accepted,True,measured
components-20260723T020700Z,20260789,67,AcceptOnce,counter_conflict,rejected,rejected,True,measured
components-20260723T020700Z,20260789,67,Merkle proof,valid_merkle_proof,accepted,accepted,True,measured
components-20260723T020700Z,20260789,67,Merkle proof,modified_merkle_proof,rejected,rejected,True,measured
components-20260723T020700Z,20260789,67,Latest CAS,valid_cas,accepted,accepted,True,measured
components-20260723T020700Z,20260789,67,Latest CAS,stale_latest_pointer,rejected,rejected,True,measured
components-20260723T020700Z,20260789,67,Latest CAS,skipped_version,rejected,rejected,True,measured
components-20260723T020700Z,20260790,68,Signature,valid_signature,accepted,accepted,True,measured
components-20260723T020700Z,20260790,68,Signature,forged_signature,rejected,rejected,True,measured
components-20260723T020700Z,20260790,68,Signature,modified_signed_payload,rejected,rejected,True,measured
components-20260723T020700Z,20260790,68,AcceptOnce,first_admission,accepted,accepted,True,measured
components-20260723T020700Z,20260790,68,AcceptOnce,idempotent_retransmission,accepted,accepted,True,measured
components-20260723T020700Z,20260790,68,AcceptOnce,counter_conflict,rejected,rejected,True,measured
components-20260723T020700Z,20260790,68,Merkle proof,valid_merkle_proof,accepted,accepted,True,measured
components-20260723T020700Z,20260790,68,Merkle proof,modified_merkle_proof,rejected,rejected,True,measured
components-20260723T020700Z,20260790,68,Latest CAS,valid_cas,accepted,accepted,True,measured
components-20260723T020700Z,20260790,68,Latest CAS,stale_latest_pointer,rejected,rejected,True,measured
components-20260723T020700Z,20260790,68,Latest CAS,skipped_version,rejected,rejected,True,measured
components-20260723T020700Z,20260791,69,Signature,valid_signature,accepted,accepted,True,measured
components-20260723T020700Z,20260791,69,Signature,forged_signature,rejected,rejected,True,measured
components-20260723T020700Z,20260791,69,Signature,modified_signed_payload,rejected,rejected,True,measured
components-20260723T020700Z,20260791,69,AcceptOnce,first_admission,accepted,accepted,True,measured
components-20260723T020700Z,20260791,69,AcceptOnce,idempotent_retransmission,accepted,accepted,True,measured
components-20260723T020700Z,20260791,69,AcceptOnce,counter_conflict,rejected,rejected,True,measured
components-20260723T020700Z,20260791,69,Merkle proof,valid_merkle_proof,accepted,accepted,True,measured
components-20260723T020700Z,20260791,69,Merkle proof,modified_merkle_proof,rejected,rejected,True,measured
components-20260723T020700Z,20260791,69,Latest CAS,valid_cas,accepted,accepted,True,measured
components-20260723T020700Z,20260791,69,Latest CAS,stale_latest_pointer,rejected,rejected,True,measured
components-20260723T020700Z,20260791,69,Latest CAS,skipped_version,rejected,rejected,True,measured
components-20260723T020700Z,20260792,70,Signature,valid_signature,accepted,accepted,True,measured
components-20260723T020700Z,20260792,70,Signature,forged_signature,rejected,rejected,True,measured
components-20260723T020700Z,20260792,70,Signature,modified_signed_payload,rejected,rejected,True,measured
components-20260723T020700Z,20260792,70,AcceptOnce,first_admission,accepted,accepted,True,measured
components-20260723T020700Z,20260792,70,AcceptOnce,idempotent_retransmission,accepted,accepted,True,measured
components-20260723T020700Z,20260792,70,AcceptOnce,counter_conflict,rejected,rejected,True,measured
components-20260723T020700Z,20260792,70,Merkle proof,valid_merkle_proof,accepted,accepted,True,measured
components-20260723T020700Z,20260792,70,Merkle proof,modified_merkle_proof,rejected,rejected,True,measured
components-20260723T020700Z,20260792,70,Latest CAS,valid_cas,accepted,accepted,True,measured
components-20260723T020700Z,20260792,70,Latest CAS,stale_latest_pointer,rejected,rejected,True,measured
components-20260723T020700Z,20260792,70,Latest CAS,skipped_version,rejected,rejected,True,measured
components-20260723T020700Z,20260793,71,Signature,valid_signature,accepted,accepted,True,measured
components-20260723T020700Z,20260793,71,Signature,forged_signature,rejected,rejected,True,measured
components-20260723T020700Z,20260793,71,Signature,modified_signed_payload,rejected,rejected,True,measured
components-20260723T020700Z,20260793,71,AcceptOnce,first_admission,accepted,accepted,True,measured
components-20260723T020700Z,20260793,71,AcceptOnce,idempotent_retransmission,accepted,accepted,True,measured
components-20260723T020700Z,20260793,71,AcceptOnce,counter_conflict,rejected,rejected,True,measured
components-20260723T020700Z,20260793,71,Merkle proof,valid_merkle_proof,accepted,accepted,True,measured
components-20260723T020700Z,20260793,71,Merkle proof,modified_merkle_proof,rejected,rejected,True,measured
components-20260723T020700Z,20260793,71,Latest CAS,valid_cas,accepted,accepted,True,measured
components-20260723T020700Z,20260793,71,Latest CAS,stale_latest_pointer,rejected,rejected,True,measured
components-20260723T020700Z,20260793,71,Latest CAS,skipped_version,rejected,rejected,True,measured
components-20260723T020700Z,20260794,72,Signature,valid_signature,accepted,accepted,True,measured
components-20260723T020700Z,20260794,72,Signature,forged_signature,rejected,rejected,True,measured
components-20260723T020700Z,20260794,72,Signature,modified_signed_payload,rejected,rejected,True,measured
components-20260723T020700Z,20260794,72,AcceptOnce,first_admission,accepted,accepted,True,measured
components-20260723T020700Z,20260794,72,AcceptOnce,idempotent_retransmission,accepted,accepted,True,measured
components-20260723T020700Z,20260794,72,AcceptOnce,counter_conflict,rejected,rejected,True,measured
components-20260723T020700Z,20260794,72,Merkle proof,valid_merkle_proof,accepted,accepted,True,measured
components-20260723T020700Z,20260794,72,Merkle proof,modified_merkle_proof,rejected,rejected,True,measured
components-20260723T020700Z,20260794,72,Latest CAS,valid_cas,accepted,accepted,True,measured
components-20260723T020700Z,20260794,72,Latest CAS,stale_latest_pointer,rejected,rejected,True,measured
components-20260723T020700Z,20260794,72,Latest CAS,skipped_version,rejected,rejected,True,measured
components-20260723T020700Z,20260795,73,Signature,valid_signature,accepted,accepted,True,measured
components-20260723T020700Z,20260795,73,Signature,forged_signature,rejected,rejected,True,measured
components-20260723T020700Z,20260795,73,Signature,modified_signed_payload,rejected,rejected,True,measured
components-20260723T020700Z,20260795,73,AcceptOnce,first_admission,accepted,accepted,True,measured
components-20260723T020700Z,20260795,73,AcceptOnce,idempotent_retransmission,accepted,accepted,True,measured
components-20260723T020700Z,20260795,73,AcceptOnce,counter_conflict,rejected,rejected,True,measured
components-20260723T020700Z,20260795,73,Merkle proof,valid_merkle_proof,accepted,accepted,True,measured
components-20260723T020700Z,20260795,73,Merkle proof,modified_merkle_proof,rejected,rejected,True,measured
components-20260723T020700Z,20260795,73,Latest CAS,valid_cas,accepted,accepted,True,measured
components-20260723T020700Z,20260795,73,Latest CAS,stale_latest_pointer,rejected,rejected,True,measured
components-20260723T020700Z,20260795,73,Latest CAS,skipped_version,rejected,rejected,True,measured
components-20260723T020700Z,20260796,74,Signature,valid_signature,accepted,accepted,True,measured
components-20260723T020700Z,20260796,74,Signature,forged_signature,rejected,rejected,True,measured
components-20260723T020700Z,20260796,74,Signature,modified_signed_payload,rejected,rejected,True,measured
components-20260723T020700Z,20260796,74,AcceptOnce,first_admission,accepted,accepted,True,measured
components-20260723T020700Z,20260796,74,AcceptOnce,idempotent_retransmission,accepted,accepted,True,measured
components-20260723T020700Z,20260796,74,AcceptOnce,counter_conflict,rejected,rejected,True,measured
components-20260723T020700Z,20260796,74,Merkle proof,valid_merkle_proof,accepted,accepted,True,measured
components-20260723T020700Z,20260796,74,Merkle proof,modified_merkle_proof,rejected,rejected,True,measured
components-20260723T020700Z,20260796,74,Latest CAS,valid_cas,accepted,accepted,True,measured
components-20260723T020700Z,20260796,74,Latest CAS,stale_latest_pointer,rejected,rejected,True,measured
components-20260723T020700Z,20260796,74,Latest CAS,skipped_version,rejected,rejected,True,measured
components-20260723T020700Z,20260797,75,Signature,valid_signature,accepted,accepted,True,measured
components-20260723T020700Z,20260797,75,Signature,forged_signature,rejected,rejected,True,measured
components-20260723T020700Z,20260797,75,Signature,modified_signed_payload,rejected,rejected,True,measured
components-20260723T020700Z,20260797,75,AcceptOnce,first_admission,accepted,accepted,True,measured
components-20260723T020700Z,20260797,75,AcceptOnce,idempotent_retransmission,accepted,accepted,True,measured
components-20260723T020700Z,20260797,75,AcceptOnce,counter_conflict,rejected,rejected,True,measured
components-20260723T020700Z,20260797,75,Merkle proof,valid_merkle_proof,accepted,accepted,True,measured
components-20260723T020700Z,20260797,75,Merkle proof,modified_merkle_proof,rejected,rejected,True,measured
components-20260723T020700Z,20260797,75,Latest CAS,valid_cas,accepted,accepted,True,measured
components-20260723T020700Z,20260797,75,Latest CAS,stale_latest_pointer,rejected,rejected,True,measured
components-20260723T020700Z,20260797,75,Latest CAS,skipped_version,rejected,rejected,True,measured
components-20260723T020700Z,20260798,76,Signature,valid_signature,accepted,accepted,True,measured
components-20260723T020700Z,20260798,76,Signature,forged_signature,rejected,rejected,True,measured
components-20260723T020700Z,20260798,76,Signature,modified_signed_payload,rejected,rejected,True,measured
components-20260723T020700Z,20260798,76,AcceptOnce,first_admission,accepted,accepted,True,measured
components-20260723T020700Z,20260798,76,AcceptOnce,idempotent_retransmission,accepted,accepted,True,measured
components-20260723T020700Z,20260798,76,AcceptOnce,counter_conflict,rejected,rejected,True,measured
components-20260723T020700Z,20260798,76,Merkle proof,valid_merkle_proof,accepted,accepted,True,measured
components-20260723T020700Z,20260798,76,Merkle proof,modified_merkle_proof,rejected,rejected,True,measured
components-20260723T020700Z,20260798,76,Latest CAS,valid_cas,accepted,accepted,True,measured
components-20260723T020700Z,20260798,76,Latest CAS,stale_latest_pointer,rejected,rejected,True,measured
components-20260723T020700Z,20260798,76,Latest CAS,skipped_version,rejected,rejected,True,measured
components-20260723T020700Z,20260799,77,Signature,valid_signature,accepted,accepted,True,measured
components-20260723T020700Z,20260799,77,Signature,forged_signature,rejected,rejected,True,measured
components-20260723T020700Z,20260799,77,Signature,modified_signed_payload,rejected,rejected,True,measured
components-20260723T020700Z,20260799,77,AcceptOnce,first_admission,accepted,accepted,True,measured
components-20260723T020700Z,20260799,77,AcceptOnce,idempotent_retransmission,accepted,accepted,True,measured
components-20260723T020700Z,20260799,77,AcceptOnce,counter_conflict,rejected,rejected,True,measured
components-20260723T020700Z,20260799,77,Merkle proof,valid_merkle_proof,accepted,accepted,True,measured
components-20260723T020700Z,20260799,77,Merkle proof,modified_merkle_proof,rejected,rejected,True,measured
components-20260723T020700Z,20260799,77,Latest CAS,valid_cas,accepted,accepted,True,measured
components-20260723T020700Z,20260799,77,Latest CAS,stale_latest_pointer,rejected,rejected,True,measured
components-20260723T020700Z,20260799,77,Latest CAS,skipped_version,rejected,rejected,True,measured
components-20260723T020700Z,20260800,78,Signature,valid_signature,accepted,accepted,True,measured
components-20260723T020700Z,20260800,78,Signature,forged_signature,rejected,rejected,True,measured
components-20260723T020700Z,20260800,78,Signature,modified_signed_payload,rejected,rejected,True,measured
components-20260723T020700Z,20260800,78,AcceptOnce,first_admission,accepted,accepted,True,measured
components-20260723T020700Z,20260800,78,AcceptOnce,idempotent_retransmission,accepted,accepted,True,measured
components-20260723T020700Z,20260800,78,AcceptOnce,counter_conflict,rejected,rejected,True,measured
components-20260723T020700Z,20260800,78,Merkle proof,valid_merkle_proof,accepted,accepted,True,measured
components-20260723T020700Z,20260800,78,Merkle proof,modified_merkle_proof,rejected,rejected,True,measured
components-20260723T020700Z,20260800,78,Latest CAS,valid_cas,accepted,accepted,True,measured
components-20260723T020700Z,20260800,78,Latest CAS,stale_latest_pointer,rejected,rejected,True,measured
components-20260723T020700Z,20260800,78,Latest CAS,skipped_version,rejected,rejected,True,measured
components-20260723T020700Z,20260801,79,Signature,valid_signature,accepted,accepted,True,measured
components-20260723T020700Z,20260801,79,Signature,forged_signature,rejected,rejected,True,measured
components-20260723T020700Z,20260801,79,Signature,modified_signed_payload,rejected,rejected,True,measured
components-20260723T020700Z,20260801,79,AcceptOnce,first_admission,accepted,accepted,True,measured
components-20260723T020700Z,20260801,79,AcceptOnce,idempotent_retransmission,accepted,accepted,True,measured
components-20260723T020700Z,20260801,79,AcceptOnce,counter_conflict,rejected,rejected,True,measured
components-20260723T020700Z,20260801,79,Merkle proof,valid_merkle_proof,accepted,accepted,True,measured
components-20260723T020700Z,20260801,79,Merkle proof,modified_merkle_proof,rejected,rejected,True,measured
components-20260723T020700Z,20260801,79,Latest CAS,valid_cas,accepted,accepted,True,measured
components-20260723T020700Z,20260801,79,Latest CAS,stale_latest_pointer,rejected,rejected,True,measured
components-20260723T020700Z,20260801,79,Latest CAS,skipped_version,rejected,rejected,True,measured
components-20260723T020700Z,20260802,80,Signature,valid_signature,accepted,accepted,True,measured
components-20260723T020700Z,20260802,80,Signature,forged_signature,rejected,rejected,True,measured
components-20260723T020700Z,20260802,80,Signature,modified_signed_payload,rejected,rejected,True,measured
components-20260723T020700Z,20260802,80,AcceptOnce,first_admission,accepted,accepted,True,measured
components-20260723T020700Z,20260802,80,AcceptOnce,idempotent_retransmission,accepted,accepted,True,measured
components-20260723T020700Z,20260802,80,AcceptOnce,counter_conflict,rejected,rejected,True,measured
components-20260723T020700Z,20260802,80,Merkle proof,valid_merkle_proof,accepted,accepted,True,measured
components-20260723T020700Z,20260802,80,Merkle proof,modified_merkle_proof,rejected,rejected,True,measured
components-20260723T020700Z,20260802,80,Latest CAS,valid_cas,accepted,accepted,True,measured
components-20260723T020700Z,20260802,80,Latest CAS,stale_latest_pointer,rejected,rejected,True,measured
components-20260723T020700Z,20260802,80,Latest CAS,skipped_version,rejected,rejected,True,measured
components-20260723T020700Z,20260803,81,Signature,valid_signature,accepted,accepted,True,measured
components-20260723T020700Z,20260803,81,Signature,forged_signature,rejected,rejected,True,measured
components-20260723T020700Z,20260803,81,Signature,modified_signed_payload,rejected,rejected,True,measured
components-20260723T020700Z,20260803,81,AcceptOnce,first_admission,accepted,accepted,True,measured
components-20260723T020700Z,20260803,81,AcceptOnce,idempotent_retransmission,accepted,accepted,True,measured
components-20260723T020700Z,20260803,81,AcceptOnce,counter_conflict,rejected,rejected,True,measured
components-20260723T020700Z,20260803,81,Merkle proof,valid_merkle_proof,accepted,accepted,True,measured
components-20260723T020700Z,20260803,81,Merkle proof,modified_merkle_proof,rejected,rejected,True,measured
components-20260723T020700Z,20260803,81,Latest CAS,valid_cas,accepted,accepted,True,measured
components-20260723T020700Z,20260803,81,Latest CAS,stale_latest_pointer,rejected,rejected,True,measured
components-20260723T020700Z,20260803,81,Latest CAS,skipped_version,rejected,rejected,True,measured
components-20260723T020700Z,20260804,82,Signature,valid_signature,accepted,accepted,True,measured
components-20260723T020700Z,20260804,82,Signature,forged_signature,rejected,rejected,True,measured
components-20260723T020700Z,20260804,82,Signature,modified_signed_payload,rejected,rejected,True,measured
components-20260723T020700Z,20260804,82,AcceptOnce,first_admission,accepted,accepted,True,measured
components-20260723T020700Z,20260804,82,AcceptOnce,idempotent_retransmission,accepted,accepted,True,measured
components-20260723T020700Z,20260804,82,AcceptOnce,counter_conflict,rejected,rejected,True,measured
components-20260723T020700Z,20260804,82,Merkle proof,valid_merkle_proof,accepted,accepted,True,measured
components-20260723T020700Z,20260804,82,Merkle proof,modified_merkle_proof,rejected,rejected,True,measured
components-20260723T020700Z,20260804,82,Latest CAS,valid_cas,accepted,accepted,True,measured
components-20260723T020700Z,20260804,82,Latest CAS,stale_latest_pointer,rejected,rejected,True,measured
components-20260723T020700Z,20260804,82,Latest CAS,skipped_version,rejected,rejected,True,measured
components-20260723T020700Z,20260805,83,Signature,valid_signature,accepted,accepted,True,measured
components-20260723T020700Z,20260805,83,Signature,forged_signature,rejected,rejected,True,measured
components-20260723T020700Z,20260805,83,Signature,modified_signed_payload,rejected,rejected,True,measured
components-20260723T020700Z,20260805,83,AcceptOnce,first_admission,accepted,accepted,True,measured
components-20260723T020700Z,20260805,83,AcceptOnce,idempotent_retransmission,accepted,accepted,True,measured
components-20260723T020700Z,20260805,83,AcceptOnce,counter_conflict,rejected,rejected,True,measured
components-20260723T020700Z,20260805,83,Merkle proof,valid_merkle_proof,accepted,accepted,True,measured
components-20260723T020700Z,20260805,83,Merkle proof,modified_merkle_proof,rejected,rejected,True,measured
components-20260723T020700Z,20260805,83,Latest CAS,valid_cas,accepted,accepted,True,measured
components-20260723T020700Z,20260805,83,Latest CAS,stale_latest_pointer,rejected,rejected,True,measured
components-20260723T020700Z,20260805,83,Latest CAS,skipped_version,rejected,rejected,True,measured
components-20260723T020700Z,20260806,84,Signature,valid_signature,accepted,accepted,True,measured
components-20260723T020700Z,20260806,84,Signature,forged_signature,rejected,rejected,True,measured
components-20260723T020700Z,20260806,84,Signature,modified_signed_payload,rejected,rejected,True,measured
components-20260723T020700Z,20260806,84,AcceptOnce,first_admission,accepted,accepted,True,measured
components-20260723T020700Z,20260806,84,AcceptOnce,idempotent_retransmission,accepted,accepted,True,measured
components-20260723T020700Z,20260806,84,AcceptOnce,counter_conflict,rejected,rejected,True,measured
components-20260723T020700Z,20260806,84,Merkle proof,valid_merkle_proof,accepted,accepted,True,measured
components-20260723T020700Z,20260806,84,Merkle proof,modified_merkle_proof,rejected,rejected,True,measured
components-20260723T020700Z,20260806,84,Latest CAS,valid_cas,accepted,accepted,True,measured
components-20260723T020700Z,20260806,84,Latest CAS,stale_latest_pointer,rejected,rejected,True,measured
components-20260723T020700Z,20260806,84,Latest CAS,skipped_version,rejected,rejected,True,measured
components-20260723T020700Z,20260807,85,Signature,valid_signature,accepted,accepted,True,measured
components-20260723T020700Z,20260807,85,Signature,forged_signature,rejected,rejected,True,measured
components-20260723T020700Z,20260807,85,Signature,modified_signed_payload,rejected,rejected,True,measured
components-20260723T020700Z,20260807,85,AcceptOnce,first_admission,accepted,accepted,True,measured
components-20260723T020700Z,20260807,85,AcceptOnce,idempotent_retransmission,accepted,accepted,True,measured
components-20260723T020700Z,20260807,85,AcceptOnce,counter_conflict,rejected,rejected,True,measured
components-20260723T020700Z,20260807,85,Merkle proof,valid_merkle_proof,accepted,accepted,True,measured
components-20260723T020700Z,20260807,85,Merkle proof,modified_merkle_proof,rejected,rejected,True,measured
components-20260723T020700Z,20260807,85,Latest CAS,valid_cas,accepted,accepted,True,measured
components-20260723T020700Z,20260807,85,Latest CAS,stale_latest_pointer,rejected,rejected,True,measured
components-20260723T020700Z,20260807,85,Latest CAS,skipped_version,rejected,rejected,True,measured
components-20260723T020700Z,20260808,86,Signature,valid_signature,accepted,accepted,True,measured
components-20260723T020700Z,20260808,86,Signature,forged_signature,rejected,rejected,True,measured
components-20260723T020700Z,20260808,86,Signature,modified_signed_payload,rejected,rejected,True,measured
components-20260723T020700Z,20260808,86,AcceptOnce,first_admission,accepted,accepted,True,measured
components-20260723T020700Z,20260808,86,AcceptOnce,idempotent_retransmission,accepted,accepted,True,measured
components-20260723T020700Z,20260808,86,AcceptOnce,counter_conflict,rejected,rejected,True,measured
components-20260723T020700Z,20260808,86,Merkle proof,valid_merkle_proof,accepted,accepted,True,measured
components-20260723T020700Z,20260808,86,Merkle proof,modified_merkle_proof,rejected,rejected,True,measured
components-20260723T020700Z,20260808,86,Latest CAS,valid_cas,accepted,accepted,True,measured
components-20260723T020700Z,20260808,86,Latest CAS,stale_latest_pointer,rejected,rejected,True,measured
components-20260723T020700Z,20260808,86,Latest CAS,skipped_version,rejected,rejected,True,measured
components-20260723T020700Z,20260809,87,Signature,valid_signature,accepted,accepted,True,measured
components-20260723T020700Z,20260809,87,Signature,forged_signature,rejected,rejected,True,measured
components-20260723T020700Z,20260809,87,Signature,modified_signed_payload,rejected,rejected,True,measured
components-20260723T020700Z,20260809,87,AcceptOnce,first_admission,accepted,accepted,True,measured
components-20260723T020700Z,20260809,87,AcceptOnce,idempotent_retransmission,accepted,accepted,True,measured
components-20260723T020700Z,20260809,87,AcceptOnce,counter_conflict,rejected,rejected,True,measured
components-20260723T020700Z,20260809,87,Merkle proof,valid_merkle_proof,accepted,accepted,True,measured
components-20260723T020700Z,20260809,87,Merkle proof,modified_merkle_proof,rejected,rejected,True,measured
components-20260723T020700Z,20260809,87,Latest CAS,valid_cas,accepted,accepted,True,measured
components-20260723T020700Z,20260809,87,Latest CAS,stale_latest_pointer,rejected,rejected,True,measured
components-20260723T020700Z,20260809,87,Latest CAS,skipped_version,rejected,rejected,True,measured
components-20260723T020700Z,20260810,88,Signature,valid_signature,accepted,accepted,True,measured
components-20260723T020700Z,20260810,88,Signature,forged_signature,rejected,rejected,True,measured
components-20260723T020700Z,20260810,88,Signature,modified_signed_payload,rejected,rejected,True,measured
components-20260723T020700Z,20260810,88,AcceptOnce,first_admission,accepted,accepted,True,measured
components-20260723T020700Z,20260810,88,AcceptOnce,idempotent_retransmission,accepted,accepted,True,measured
components-20260723T020700Z,20260810,88,AcceptOnce,counter_conflict,rejected,rejected,True,measured
components-20260723T020700Z,20260810,88,Merkle proof,valid_merkle_proof,accepted,accepted,True,measured
components-20260723T020700Z,20260810,88,Merkle proof,modified_merkle_proof,rejected,rejected,True,measured
components-20260723T020700Z,20260810,88,Latest CAS,valid_cas,accepted,accepted,True,measured
components-20260723T020700Z,20260810,88,Latest CAS,stale_latest_pointer,rejected,rejected,True,measured
components-20260723T020700Z,20260810,88,Latest CAS,skipped_version,rejected,rejected,True,measured
components-20260723T020700Z,20260811,89,Signature,valid_signature,accepted,accepted,True,measured
components-20260723T020700Z,20260811,89,Signature,forged_signature,rejected,rejected,True,measured
components-20260723T020700Z,20260811,89,Signature,modified_signed_payload,rejected,rejected,True,measured
components-20260723T020700Z,20260811,89,AcceptOnce,first_admission,accepted,accepted,True,measured
components-20260723T020700Z,20260811,89,AcceptOnce,idempotent_retransmission,accepted,accepted,True,measured
components-20260723T020700Z,20260811,89,AcceptOnce,counter_conflict,rejected,rejected,True,measured
components-20260723T020700Z,20260811,89,Merkle proof,valid_merkle_proof,accepted,accepted,True,measured
components-20260723T020700Z,20260811,89,Merkle proof,modified_merkle_proof,rejected,rejected,True,measured
components-20260723T020700Z,20260811,89,Latest CAS,valid_cas,accepted,accepted,True,measured
components-20260723T020700Z,20260811,89,Latest CAS,stale_latest_pointer,rejected,rejected,True,measured
components-20260723T020700Z,20260811,89,Latest CAS,skipped_version,rejected,rejected,True,measured
components-20260723T020700Z,20260812,90,Signature,valid_signature,accepted,accepted,True,measured
components-20260723T020700Z,20260812,90,Signature,forged_signature,rejected,rejected,True,measured
components-20260723T020700Z,20260812,90,Signature,modified_signed_payload,rejected,rejected,True,measured
components-20260723T020700Z,20260812,90,AcceptOnce,first_admission,accepted,accepted,True,measured
components-20260723T020700Z,20260812,90,AcceptOnce,idempotent_retransmission,accepted,accepted,True,measured
components-20260723T020700Z,20260812,90,AcceptOnce,counter_conflict,rejected,rejected,True,measured
components-20260723T020700Z,20260812,90,Merkle proof,valid_merkle_proof,accepted,accepted,True,measured
components-20260723T020700Z,20260812,90,Merkle proof,modified_merkle_proof,rejected,rejected,True,measured
components-20260723T020700Z,20260812,90,Latest CAS,valid_cas,accepted,accepted,True,measured
components-20260723T020700Z,20260812,90,Latest CAS,stale_latest_pointer,rejected,rejected,True,measured
components-20260723T020700Z,20260812,90,Latest CAS,skipped_version,rejected,rejected,True,measured
components-20260723T020700Z,20260813,91,Signature,valid_signature,accepted,accepted,True,measured
components-20260723T020700Z,20260813,91,Signature,forged_signature,rejected,rejected,True,measured
components-20260723T020700Z,20260813,91,Signature,modified_signed_payload,rejected,rejected,True,measured
components-20260723T020700Z,20260813,91,AcceptOnce,first_admission,accepted,accepted,True,measured
components-20260723T020700Z,20260813,91,AcceptOnce,idempotent_retransmission,accepted,accepted,True,measured
components-20260723T020700Z,20260813,91,AcceptOnce,counter_conflict,rejected,rejected,True,measured
components-20260723T020700Z,20260813,91,Merkle proof,valid_merkle_proof,accepted,accepted,True,measured
components-20260723T020700Z,20260813,91,Merkle proof,modified_merkle_proof,rejected,rejected,True,measured
components-20260723T020700Z,20260813,91,Latest CAS,valid_cas,accepted,accepted,True,measured
components-20260723T020700Z,20260813,91,Latest CAS,stale_latest_pointer,rejected,rejected,True,measured
components-20260723T020700Z,20260813,91,Latest CAS,skipped_version,rejected,rejected,True,measured
components-20260723T020700Z,20260814,92,Signature,valid_signature,accepted,accepted,True,measured
components-20260723T020700Z,20260814,92,Signature,forged_signature,rejected,rejected,True,measured
components-20260723T020700Z,20260814,92,Signature,modified_signed_payload,rejected,rejected,True,measured
components-20260723T020700Z,20260814,92,AcceptOnce,first_admission,accepted,accepted,True,measured
components-20260723T020700Z,20260814,92,AcceptOnce,idempotent_retransmission,accepted,accepted,True,measured
components-20260723T020700Z,20260814,92,AcceptOnce,counter_conflict,rejected,rejected,True,measured
components-20260723T020700Z,20260814,92,Merkle proof,valid_merkle_proof,accepted,accepted,True,measured
components-20260723T020700Z,20260814,92,Merkle proof,modified_merkle_proof,rejected,rejected,True,measured
components-20260723T020700Z,20260814,92,Latest CAS,valid_cas,accepted,accepted,True,measured
components-20260723T020700Z,20260814,92,Latest CAS,stale_latest_pointer,rejected,rejected,True,measured
components-20260723T020700Z,20260814,92,Latest CAS,skipped_version,rejected,rejected,True,measured
components-20260723T020700Z,20260815,93,Signature,valid_signature,accepted,accepted,True,measured
components-20260723T020700Z,20260815,93,Signature,forged_signature,rejected,rejected,True,measured
components-20260723T020700Z,20260815,93,Signature,modified_signed_payload,rejected,rejected,True,measured
components-20260723T020700Z,20260815,93,AcceptOnce,first_admission,accepted,accepted,True,measured
components-20260723T020700Z,20260815,93,AcceptOnce,idempotent_retransmission,accepted,accepted,True,measured
components-20260723T020700Z,20260815,93,AcceptOnce,counter_conflict,rejected,rejected,True,measured
components-20260723T020700Z,20260815,93,Merkle proof,valid_merkle_proof,accepted,accepted,True,measured
components-20260723T020700Z,20260815,93,Merkle proof,modified_merkle_proof,rejected,rejected,True,measured
components-20260723T020700Z,20260815,93,Latest CAS,valid_cas,accepted,accepted,True,measured
components-20260723T020700Z,20260815,93,Latest CAS,stale_latest_pointer,rejected,rejected,True,measured
components-20260723T020700Z,20260815,93,Latest CAS,skipped_version,rejected,rejected,True,measured
components-20260723T020700Z,20260816,94,Signature,valid_signature,accepted,accepted,True,measured
components-20260723T020700Z,20260816,94,Signature,forged_signature,rejected,rejected,True,measured
components-20260723T020700Z,20260816,94,Signature,modified_signed_payload,rejected,rejected,True,measured
components-20260723T020700Z,20260816,94,AcceptOnce,first_admission,accepted,accepted,True,measured
components-20260723T020700Z,20260816,94,AcceptOnce,idempotent_retransmission,accepted,accepted,True,measured
components-20260723T020700Z,20260816,94,AcceptOnce,counter_conflict,rejected,rejected,True,measured
components-20260723T020700Z,20260816,94,Merkle proof,valid_merkle_proof,accepted,accepted,True,measured
components-20260723T020700Z,20260816,94,Merkle proof,modified_merkle_proof,rejected,rejected,True,measured
components-20260723T020700Z,20260816,94,Latest CAS,valid_cas,accepted,accepted,True,measured
components-20260723T020700Z,20260816,94,Latest CAS,stale_latest_pointer,rejected,rejected,True,measured
components-20260723T020700Z,20260816,94,Latest CAS,skipped_version,rejected,rejected,True,measured
components-20260723T020700Z,20260817,95,Signature,valid_signature,accepted,accepted,True,measured
components-20260723T020700Z,20260817,95,Signature,forged_signature,rejected,rejected,True,measured
components-20260723T020700Z,20260817,95,Signature,modified_signed_payload,rejected,rejected,True,measured
components-20260723T020700Z,20260817,95,AcceptOnce,first_admission,accepted,accepted,True,measured
components-20260723T020700Z,20260817,95,AcceptOnce,idempotent_retransmission,accepted,accepted,True,measured
components-20260723T020700Z,20260817,95,AcceptOnce,counter_conflict,rejected,rejected,True,measured
components-20260723T020700Z,20260817,95,Merkle proof,valid_merkle_proof,accepted,accepted,True,measured
components-20260723T020700Z,20260817,95,Merkle proof,modified_merkle_proof,rejected,rejected,True,measured
components-20260723T020700Z,20260817,95,Latest CAS,valid_cas,accepted,accepted,True,measured
components-20260723T020700Z,20260817,95,Latest CAS,stale_latest_pointer,rejected,rejected,True,measured
components-20260723T020700Z,20260817,95,Latest CAS,skipped_version,rejected,rejected,True,measured
components-20260723T020700Z,20260818,96,Signature,valid_signature,accepted,accepted,True,measured
components-20260723T020700Z,20260818,96,Signature,forged_signature,rejected,rejected,True,measured
components-20260723T020700Z,20260818,96,Signature,modified_signed_payload,rejected,rejected,True,measured
components-20260723T020700Z,20260818,96,AcceptOnce,first_admission,accepted,accepted,True,measured
components-20260723T020700Z,20260818,96,AcceptOnce,idempotent_retransmission,accepted,accepted,True,measured
components-20260723T020700Z,20260818,96,AcceptOnce,counter_conflict,rejected,rejected,True,measured
components-20260723T020700Z,20260818,96,Merkle proof,valid_merkle_proof,accepted,accepted,True,measured
components-20260723T020700Z,20260818,96,Merkle proof,modified_merkle_proof,rejected,rejected,True,measured
components-20260723T020700Z,20260818,96,Latest CAS,valid_cas,accepted,accepted,True,measured
components-20260723T020700Z,20260818,96,Latest CAS,stale_latest_pointer,rejected,rejected,True,measured
components-20260723T020700Z,20260818,96,Latest CAS,skipped_version,rejected,rejected,True,measured
components-20260723T020700Z,20260819,97,Signature,valid_signature,accepted,accepted,True,measured
components-20260723T020700Z,20260819,97,Signature,forged_signature,rejected,rejected,True,measured
components-20260723T020700Z,20260819,97,Signature,modified_signed_payload,rejected,rejected,True,measured
components-20260723T020700Z,20260819,97,AcceptOnce,first_admission,accepted,accepted,True,measured
components-20260723T020700Z,20260819,97,AcceptOnce,idempotent_retransmission,accepted,accepted,True,measured
components-20260723T020700Z,20260819,97,AcceptOnce,counter_conflict,rejected,rejected,True,measured
components-20260723T020700Z,20260819,97,Merkle proof,valid_merkle_proof,accepted,accepted,True,measured
components-20260723T020700Z,20260819,97,Merkle proof,modified_merkle_proof,rejected,rejected,True,measured
components-20260723T020700Z,20260819,97,Latest CAS,valid_cas,accepted,accepted,True,measured
components-20260723T020700Z,20260819,97,Latest CAS,stale_latest_pointer,rejected,rejected,True,measured
components-20260723T020700Z,20260819,97,Latest CAS,skipped_version,rejected,rejected,True,measured
components-20260723T020700Z,20260820,98,Signature,valid_signature,accepted,accepted,True,measured
components-20260723T020700Z,20260820,98,Signature,forged_signature,rejected,rejected,True,measured
components-20260723T020700Z,20260820,98,Signature,modified_signed_payload,rejected,rejected,True,measured
components-20260723T020700Z,20260820,98,AcceptOnce,first_admission,accepted,accepted,True,measured
components-20260723T020700Z,20260820,98,AcceptOnce,idempotent_retransmission,accepted,accepted,True,measured
components-20260723T020700Z,20260820,98,AcceptOnce,counter_conflict,rejected,rejected,True,measured
components-20260723T020700Z,20260820,98,Merkle proof,valid_merkle_proof,accepted,accepted,True,measured
components-20260723T020700Z,20260820,98,Merkle proof,modified_merkle_proof,rejected,rejected,True,measured
components-20260723T020700Z,20260820,98,Latest CAS,valid_cas,accepted,accepted,True,measured
components-20260723T020700Z,20260820,98,Latest CAS,stale_latest_pointer,rejected,rejected,True,measured
components-20260723T020700Z,20260820,98,Latest CAS,skipped_version,rejected,rejected,True,measured
components-20260723T020700Z,20260821,99,Signature,valid_signature,accepted,accepted,True,measured
components-20260723T020700Z,20260821,99,Signature,forged_signature,rejected,rejected,True,measured
components-20260723T020700Z,20260821,99,Signature,modified_signed_payload,rejected,rejected,True,measured
components-20260723T020700Z,20260821,99,AcceptOnce,first_admission,accepted,accepted,True,measured
components-20260723T020700Z,20260821,99,AcceptOnce,idempotent_retransmission,accepted,accepted,True,measured
components-20260723T020700Z,20260821,99,AcceptOnce,counter_conflict,rejected,rejected,True,measured
components-20260723T020700Z,20260821,99,Merkle proof,valid_merkle_proof,accepted,accepted,True,measured
components-20260723T020700Z,20260821,99,Merkle proof,modified_merkle_proof,rejected,rejected,True,measured
components-20260723T020700Z,20260821,99,Latest CAS,valid_cas,accepted,accepted,True,measured
components-20260723T020700Z,20260821,99,Latest CAS,stale_latest_pointer,rejected,rejected,True,measured
components-20260723T020700Z,20260821,99,Latest CAS,skipped_version,rejected,rejected,True,measured
components-20260723T020700Z,20260822,100,Signature,valid_signature,accepted,accepted,True,measured
components-20260723T020700Z,20260822,100,Signature,forged_signature,rejected,rejected,True,measured
components-20260723T020700Z,20260822,100,Signature,modified_signed_payload,rejected,rejected,True,measured
components-20260723T020700Z,20260822,100,AcceptOnce,first_admission,accepted,accepted,True,measured
components-20260723T020700Z,20260822,100,AcceptOnce,idempotent_retransmission,accepted,accepted,True,measured
components-20260723T020700Z,20260822,100,AcceptOnce,counter_conflict,rejected,rejected,True,measured
components-20260723T020700Z,20260822,100,Merkle proof,valid_merkle_proof,accepted,accepted,True,measured
components-20260723T020700Z,20260822,100,Merkle proof,modified_merkle_proof,rejected,rejected,True,measured
components-20260723T020700Z,20260822,100,Latest CAS,valid_cas,accepted,accepted,True,measured
components-20260723T020700Z,20260822,100,Latest CAS,stale_latest_pointer,rejected,rejected,True,measured
components-20260723T020700Z,20260822,100,Latest CAS,skipped_version,rejected,rejected,True,measured
components-20260723T020700Z,20260823,101,Signature,valid_signature,accepted,accepted,True,measured
components-20260723T020700Z,20260823,101,Signature,forged_signature,rejected,rejected,True,measured
components-20260723T020700Z,20260823,101,Signature,modified_signed_payload,rejected,rejected,True,measured
components-20260723T020700Z,20260823,101,AcceptOnce,first_admission,accepted,accepted,True,measured
components-20260723T020700Z,20260823,101,AcceptOnce,idempotent_retransmission,accepted,accepted,True,measured
components-20260723T020700Z,20260823,101,AcceptOnce,counter_conflict,rejected,rejected,True,measured
components-20260723T020700Z,20260823,101,Merkle proof,valid_merkle_proof,accepted,accepted,True,measured
components-20260723T020700Z,20260823,101,Merkle proof,modified_merkle_proof,rejected,rejected,True,measured
components-20260723T020700Z,20260823,101,Latest CAS,valid_cas,accepted,accepted,True,measured
components-20260723T020700Z,20260823,101,Latest CAS,stale_latest_pointer,rejected,rejected,True,measured
components-20260723T020700Z,20260823,101,Latest CAS,skipped_version,rejected,rejected,True,measured
components-20260723T020700Z,20260824,102,Signature,valid_signature,accepted,accepted,True,measured
components-20260723T020700Z,20260824,102,Signature,forged_signature,rejected,rejected,True,measured
components-20260723T020700Z,20260824,102,Signature,modified_signed_payload,rejected,rejected,True,measured
components-20260723T020700Z,20260824,102,AcceptOnce,first_admission,accepted,accepted,True,measured
components-20260723T020700Z,20260824,102,AcceptOnce,idempotent_retransmission,accepted,accepted,True,measured
components-20260723T020700Z,20260824,102,AcceptOnce,counter_conflict,rejected,rejected,True,measured
components-20260723T020700Z,20260824,102,Merkle proof,valid_merkle_proof,accepted,accepted,True,measured
components-20260723T020700Z,20260824,102,Merkle proof,modified_merkle_proof,rejected,rejected,True,measured
components-20260723T020700Z,20260824,102,Latest CAS,valid_cas,accepted,accepted,True,measured
components-20260723T020700Z,20260824,102,Latest CAS,stale_latest_pointer,rejected,rejected,True,measured
components-20260723T020700Z,20260824,102,Latest CAS,skipped_version,rejected,rejected,True,measured
components-20260723T020700Z,20260825,103,Signature,valid_signature,accepted,accepted,True,measured
components-20260723T020700Z,20260825,103,Signature,forged_signature,rejected,rejected,True,measured
components-20260723T020700Z,20260825,103,Signature,modified_signed_payload,rejected,rejected,True,measured
components-20260723T020700Z,20260825,103,AcceptOnce,first_admission,accepted,accepted,True,measured
components-20260723T020700Z,20260825,103,AcceptOnce,idempotent_retransmission,accepted,accepted,True,measured
components-20260723T020700Z,20260825,103,AcceptOnce,counter_conflict,rejected,rejected,True,measured
components-20260723T020700Z,20260825,103,Merkle proof,valid_merkle_proof,accepted,accepted,True,measured
components-20260723T020700Z,20260825,103,Merkle proof,modified_merkle_proof,rejected,rejected,True,measured
components-20260723T020700Z,20260825,103,Latest CAS,valid_cas,accepted,accepted,True,measured
components-20260723T020700Z,20260825,103,Latest CAS,stale_latest_pointer,rejected,rejected,True,measured
components-20260723T020700Z,20260825,103,Latest CAS,skipped_version,rejected,rejected,True,measured
components-20260723T020700Z,20260826,104,Signature,valid_signature,accepted,accepted,True,measured
components-20260723T020700Z,20260826,104,Signature,forged_signature,rejected,rejected,True,measured
components-20260723T020700Z,20260826,104,Signature,modified_signed_payload,rejected,rejected,True,measured
components-20260723T020700Z,20260826,104,AcceptOnce,first_admission,accepted,accepted,True,measured
components-20260723T020700Z,20260826,104,AcceptOnce,idempotent_retransmission,accepted,accepted,True,measured
components-20260723T020700Z,20260826,104,AcceptOnce,counter_conflict,rejected,rejected,True,measured
components-20260723T020700Z,20260826,104,Merkle proof,valid_merkle_proof,accepted,accepted,True,measured
components-20260723T020700Z,20260826,104,Merkle proof,modified_merkle_proof,rejected,rejected,True,measured
components-20260723T020700Z,20260826,104,Latest CAS,valid_cas,accepted,accepted,True,measured
components-20260723T020700Z,20260826,104,Latest CAS,stale_latest_pointer,rejected,rejected,True,measured
components-20260723T020700Z,20260826,104,Latest CAS,skipped_version,rejected,rejected,True,measured
components-20260723T020700Z,20260827,105,Signature,valid_signature,accepted,accepted,True,measured
components-20260723T020700Z,20260827,105,Signature,forged_signature,rejected,rejected,True,measured
components-20260723T020700Z,20260827,105,Signature,modified_signed_payload,rejected,rejected,True,measured
components-20260723T020700Z,20260827,105,AcceptOnce,first_admission,accepted,accepted,True,measured
components-20260723T020700Z,20260827,105,AcceptOnce,idempotent_retransmission,accepted,accepted,True,measured
components-20260723T020700Z,20260827,105,AcceptOnce,counter_conflict,rejected,rejected,True,measured
components-20260723T020700Z,20260827,105,Merkle proof,valid_merkle_proof,accepted,accepted,True,measured
components-20260723T020700Z,20260827,105,Merkle proof,modified_merkle_proof,rejected,rejected,True,measured
components-20260723T020700Z,20260827,105,Latest CAS,valid_cas,accepted,accepted,True,measured
components-20260723T020700Z,20260827,105,Latest CAS,stale_latest_pointer,rejected,rejected,True,measured
components-20260723T020700Z,20260827,105,Latest CAS,skipped_version,rejected,rejected,True,measured
components-20260723T020700Z,20260828,106,Signature,valid_signature,accepted,accepted,True,measured
components-20260723T020700Z,20260828,106,Signature,forged_signature,rejected,rejected,True,measured
components-20260723T020700Z,20260828,106,Signature,modified_signed_payload,rejected,rejected,True,measured
components-20260723T020700Z,20260828,106,AcceptOnce,first_admission,accepted,accepted,True,measured
components-20260723T020700Z,20260828,106,AcceptOnce,idempotent_retransmission,accepted,accepted,True,measured
components-20260723T020700Z,20260828,106,AcceptOnce,counter_conflict,rejected,rejected,True,measured
components-20260723T020700Z,20260828,106,Merkle proof,valid_merkle_proof,accepted,accepted,True,measured
components-20260723T020700Z,20260828,106,Merkle proof,modified_merkle_proof,rejected,rejected,True,measured
components-20260723T020700Z,20260828,106,Latest CAS,valid_cas,accepted,accepted,True,measured
components-20260723T020700Z,20260828,106,Latest CAS,stale_latest_pointer,rejected,rejected,True,measured
components-20260723T020700Z,20260828,106,Latest CAS,skipped_version,rejected,rejected,True,measured
components-20260723T020700Z,20260829,107,Signature,valid_signature,accepted,accepted,True,measured
components-20260723T020700Z,20260829,107,Signature,forged_signature,rejected,rejected,True,measured
components-20260723T020700Z,20260829,107,Signature,modified_signed_payload,rejected,rejected,True,measured
components-20260723T020700Z,20260829,107,AcceptOnce,first_admission,accepted,accepted,True,measured
components-20260723T020700Z,20260829,107,AcceptOnce,idempotent_retransmission,accepted,accepted,True,measured
components-20260723T020700Z,20260829,107,AcceptOnce,counter_conflict,rejected,rejected,True,measured
components-20260723T020700Z,20260829,107,Merkle proof,valid_merkle_proof,accepted,accepted,True,measured
components-20260723T020700Z,20260829,107,Merkle proof,modified_merkle_proof,rejected,rejected,True,measured
components-20260723T020700Z,20260829,107,Latest CAS,valid_cas,accepted,accepted,True,measured
components-20260723T020700Z,20260829,107,Latest CAS,stale_latest_pointer,rejected,rejected,True,measured
components-20260723T020700Z,20260829,107,Latest CAS,skipped_version,rejected,rejected,True,measured
components-20260723T020700Z,20260830,108,Signature,valid_signature,accepted,accepted,True,measured
components-20260723T020700Z,20260830,108,Signature,forged_signature,rejected,rejected,True,measured
components-20260723T020700Z,20260830,108,Signature,modified_signed_payload,rejected,rejected,True,measured
components-20260723T020700Z,20260830,108,AcceptOnce,first_admission,accepted,accepted,True,measured
components-20260723T020700Z,20260830,108,AcceptOnce,idempotent_retransmission,accepted,accepted,True,measured
components-20260723T020700Z,20260830,108,AcceptOnce,counter_conflict,rejected,rejected,True,measured
components-20260723T020700Z,20260830,108,Merkle proof,valid_merkle_proof,accepted,accepted,True,measured
components-20260723T020700Z,20260830,108,Merkle proof,modified_merkle_proof,rejected,rejected,True,measured
components-20260723T020700Z,20260830,108,Latest CAS,valid_cas,accepted,accepted,True,measured
components-20260723T020700Z,20260830,108,Latest CAS,stale_latest_pointer,rejected,rejected,True,measured
components-20260723T020700Z,20260830,108,Latest CAS,skipped_version,rejected,rejected,True,measured
components-20260723T020700Z,20260831,109,Signature,valid_signature,accepted,accepted,True,measured
components-20260723T020700Z,20260831,109,Signature,forged_signature,rejected,rejected,True,measured
components-20260723T020700Z,20260831,109,Signature,modified_signed_payload,rejected,rejected,True,measured
components-20260723T020700Z,20260831,109,AcceptOnce,first_admission,accepted,accepted,True,measured
components-20260723T020700Z,20260831,109,AcceptOnce,idempotent_retransmission,accepted,accepted,True,measured
components-20260723T020700Z,20260831,109,AcceptOnce,counter_conflict,rejected,rejected,True,measured
components-20260723T020700Z,20260831,109,Merkle proof,valid_merkle_proof,accepted,accepted,True,measured
components-20260723T020700Z,20260831,109,Merkle proof,modified_merkle_proof,rejected,rejected,True,measured
components-20260723T020700Z,20260831,109,Latest CAS,valid_cas,accepted,accepted,True,measured
components-20260723T020700Z,20260831,109,Latest CAS,stale_latest_pointer,rejected,rejected,True,measured
components-20260723T020700Z,20260831,109,Latest CAS,skipped_version,rejected,rejected,True,measured
components-20260723T020700Z,20260832,110,Signature,valid_signature,accepted,accepted,True,measured
components-20260723T020700Z,20260832,110,Signature,forged_signature,rejected,rejected,True,measured
components-20260723T020700Z,20260832,110,Signature,modified_signed_payload,rejected,rejected,True,measured
components-20260723T020700Z,20260832,110,AcceptOnce,first_admission,accepted,accepted,True,measured
components-20260723T020700Z,20260832,110,AcceptOnce,idempotent_retransmission,accepted,accepted,True,measured
components-20260723T020700Z,20260832,110,AcceptOnce,counter_conflict,rejected,rejected,True,measured
components-20260723T020700Z,20260832,110,Merkle proof,valid_merkle_proof,accepted,accepted,True,measured
components-20260723T020700Z,20260832,110,Merkle proof,modified_merkle_proof,rejected,rejected,True,measured
components-20260723T020700Z,20260832,110,Latest CAS,valid_cas,accepted,accepted,True,measured
components-20260723T020700Z,20260832,110,Latest CAS,stale_latest_pointer,rejected,rejected,True,measured
components-20260723T020700Z,20260832,110,Latest CAS,skipped_version,rejected,rejected,True,measured
components-20260723T020700Z,20260833,111,Signature,valid_signature,accepted,accepted,True,measured
components-20260723T020700Z,20260833,111,Signature,forged_signature,rejected,rejected,True,measured
components-20260723T020700Z,20260833,111,Signature,modified_signed_payload,rejected,rejected,True,measured
components-20260723T020700Z,20260833,111,AcceptOnce,first_admission,accepted,accepted,True,measured
components-20260723T020700Z,20260833,111,AcceptOnce,idempotent_retransmission,accepted,accepted,True,measured
components-20260723T020700Z,20260833,111,AcceptOnce,counter_conflict,rejected,rejected,True,measured
components-20260723T020700Z,20260833,111,Merkle proof,valid_merkle_proof,accepted,accepted,True,measured
components-20260723T020700Z,20260833,111,Merkle proof,modified_merkle_proof,rejected,rejected,True,measured
components-20260723T020700Z,20260833,111,Latest CAS,valid_cas,accepted,accepted,True,measured
components-20260723T020700Z,20260833,111,Latest CAS,stale_latest_pointer,rejected,rejected,True,measured
components-20260723T020700Z,20260833,111,Latest CAS,skipped_version,rejected,rejected,True,measured
components-20260723T020700Z,20260834,112,Signature,valid_signature,accepted,accepted,True,measured
components-20260723T020700Z,20260834,112,Signature,forged_signature,rejected,rejected,True,measured
components-20260723T020700Z,20260834,112,Signature,modified_signed_payload,rejected,rejected,True,measured
components-20260723T020700Z,20260834,112,AcceptOnce,first_admission,accepted,accepted,True,measured
components-20260723T020700Z,20260834,112,AcceptOnce,idempotent_retransmission,accepted,accepted,True,measured
components-20260723T020700Z,20260834,112,AcceptOnce,counter_conflict,rejected,rejected,True,measured
components-20260723T020700Z,20260834,112,Merkle proof,valid_merkle_proof,accepted,accepted,True,measured
components-20260723T020700Z,20260834,112,Merkle proof,modified_merkle_proof,rejected,rejected,True,measured
components-20260723T020700Z,20260834,112,Latest CAS,valid_cas,accepted,accepted,True,measured
components-20260723T020700Z,20260834,112,Latest CAS,stale_latest_pointer,rejected,rejected,True,measured
components-20260723T020700Z,20260834,112,Latest CAS,skipped_version,rejected,rejected,True,measured
components-20260723T020700Z,20260835,113,Signature,valid_signature,accepted,accepted,True,measured
components-20260723T020700Z,20260835,113,Signature,forged_signature,rejected,rejected,True,measured
components-20260723T020700Z,20260835,113,Signature,modified_signed_payload,rejected,rejected,True,measured
components-20260723T020700Z,20260835,113,AcceptOnce,first_admission,accepted,accepted,True,measured
components-20260723T020700Z,20260835,113,AcceptOnce,idempotent_retransmission,accepted,accepted,True,measured
components-20260723T020700Z,20260835,113,AcceptOnce,counter_conflict,rejected,rejected,True,measured
components-20260723T020700Z,20260835,113,Merkle proof,valid_merkle_proof,accepted,accepted,True,measured
components-20260723T020700Z,20260835,113,Merkle proof,modified_merkle_proof,rejected,rejected,True,measured
components-20260723T020700Z,20260835,113,Latest CAS,valid_cas,accepted,accepted,True,measured
components-20260723T020700Z,20260835,113,Latest CAS,stale_latest_pointer,rejected,rejected,True,measured
components-20260723T020700Z,20260835,113,Latest CAS,skipped_version,rejected,rejected,True,measured
components-20260723T020700Z,20260836,114,Signature,valid_signature,accepted,accepted,True,measured
components-20260723T020700Z,20260836,114,Signature,forged_signature,rejected,rejected,True,measured
components-20260723T020700Z,20260836,114,Signature,modified_signed_payload,rejected,rejected,True,measured
components-20260723T020700Z,20260836,114,AcceptOnce,first_admission,accepted,accepted,True,measured
components-20260723T020700Z,20260836,114,AcceptOnce,idempotent_retransmission,accepted,accepted,True,measured
components-20260723T020700Z,20260836,114,AcceptOnce,counter_conflict,rejected,rejected,True,measured
components-20260723T020700Z,20260836,114,Merkle proof,valid_merkle_proof,accepted,accepted,True,measured
components-20260723T020700Z,20260836,114,Merkle proof,modified_merkle_proof,rejected,rejected,True,measured
components-20260723T020700Z,20260836,114,Latest CAS,valid_cas,accepted,accepted,True,measured
components-20260723T020700Z,20260836,114,Latest CAS,stale_latest_pointer,rejected,rejected,True,measured
components-20260723T020700Z,20260836,114,Latest CAS,skipped_version,rejected,rejected,True,measured
components-20260723T020700Z,20260837,115,Signature,valid_signature,accepted,accepted,True,measured
components-20260723T020700Z,20260837,115,Signature,forged_signature,rejected,rejected,True,measured
components-20260723T020700Z,20260837,115,Signature,modified_signed_payload,rejected,rejected,True,measured
components-20260723T020700Z,20260837,115,AcceptOnce,first_admission,accepted,accepted,True,measured
components-20260723T020700Z,20260837,115,AcceptOnce,idempotent_retransmission,accepted,accepted,True,measured
components-20260723T020700Z,20260837,115,AcceptOnce,counter_conflict,rejected,rejected,True,measured
components-20260723T020700Z,20260837,115,Merkle proof,valid_merkle_proof,accepted,accepted,True,measured
components-20260723T020700Z,20260837,115,Merkle proof,modified_merkle_proof,rejected,rejected,True,measured
components-20260723T020700Z,20260837,115,Latest CAS,valid_cas,accepted,accepted,True,measured
components-20260723T020700Z,20260837,115,Latest CAS,stale_latest_pointer,rejected,rejected,True,measured
components-20260723T020700Z,20260837,115,Latest CAS,skipped_version,rejected,rejected,True,measured
components-20260723T020700Z,20260838,116,Signature,valid_signature,accepted,accepted,True,measured
components-20260723T020700Z,20260838,116,Signature,forged_signature,rejected,rejected,True,measured
components-20260723T020700Z,20260838,116,Signature,modified_signed_payload,rejected,rejected,True,measured
components-20260723T020700Z,20260838,116,AcceptOnce,first_admission,accepted,accepted,True,measured
components-20260723T020700Z,20260838,116,AcceptOnce,idempotent_retransmission,accepted,accepted,True,measured
components-20260723T020700Z,20260838,116,AcceptOnce,counter_conflict,rejected,rejected,True,measured
components-20260723T020700Z,20260838,116,Merkle proof,valid_merkle_proof,accepted,accepted,True,measured
components-20260723T020700Z,20260838,116,Merkle proof,modified_merkle_proof,rejected,rejected,True,measured
components-20260723T020700Z,20260838,116,Latest CAS,valid_cas,accepted,accepted,True,measured
components-20260723T020700Z,20260838,116,Latest CAS,stale_latest_pointer,rejected,rejected,True,measured
components-20260723T020700Z,20260838,116,Latest CAS,skipped_version,rejected,rejected,True,measured
components-20260723T020700Z,20260839,117,Signature,valid_signature,accepted,accepted,True,measured
components-20260723T020700Z,20260839,117,Signature,forged_signature,rejected,rejected,True,measured
components-20260723T020700Z,20260839,117,Signature,modified_signed_payload,rejected,rejected,True,measured
components-20260723T020700Z,20260839,117,AcceptOnce,first_admission,accepted,accepted,True,measured
components-20260723T020700Z,20260839,117,AcceptOnce,idempotent_retransmission,accepted,accepted,True,measured
components-20260723T020700Z,20260839,117,AcceptOnce,counter_conflict,rejected,rejected,True,measured
components-20260723T020700Z,20260839,117,Merkle proof,valid_merkle_proof,accepted,accepted,True,measured
components-20260723T020700Z,20260839,117,Merkle proof,modified_merkle_proof,rejected,rejected,True,measured
components-20260723T020700Z,20260839,117,Latest CAS,valid_cas,accepted,accepted,True,measured
components-20260723T020700Z,20260839,117,Latest CAS,stale_latest_pointer,rejected,rejected,True,measured
components-20260723T020700Z,20260839,117,Latest CAS,skipped_version,rejected,rejected,True,measured
components-20260723T020700Z,20260840,118,Signature,valid_signature,accepted,accepted,True,measured
components-20260723T020700Z,20260840,118,Signature,forged_signature,rejected,rejected,True,measured
components-20260723T020700Z,20260840,118,Signature,modified_signed_payload,rejected,rejected,True,measured
components-20260723T020700Z,20260840,118,AcceptOnce,first_admission,accepted,accepted,True,measured
components-20260723T020700Z,20260840,118,AcceptOnce,idempotent_retransmission,accepted,accepted,True,measured
components-20260723T020700Z,20260840,118,AcceptOnce,counter_conflict,rejected,rejected,True,measured
components-20260723T020700Z,20260840,118,Merkle proof,valid_merkle_proof,accepted,accepted,True,measured
components-20260723T020700Z,20260840,118,Merkle proof,modified_merkle_proof,rejected,rejected,True,measured
components-20260723T020700Z,20260840,118,Latest CAS,valid_cas,accepted,accepted,True,measured
components-20260723T020700Z,20260840,118,Latest CAS,stale_latest_pointer,rejected,rejected,True,measured
components-20260723T020700Z,20260840,118,Latest CAS,skipped_version,rejected,rejected,True,measured
components-20260723T020700Z,20260841,119,Signature,valid_signature,accepted,accepted,True,measured
components-20260723T020700Z,20260841,119,Signature,forged_signature,rejected,rejected,True,measured
components-20260723T020700Z,20260841,119,Signature,modified_signed_payload,rejected,rejected,True,measured
components-20260723T020700Z,20260841,119,AcceptOnce,first_admission,accepted,accepted,True,measured
components-20260723T020700Z,20260841,119,AcceptOnce,idempotent_retransmission,accepted,accepted,True,measured
components-20260723T020700Z,20260841,119,AcceptOnce,counter_conflict,rejected,rejected,True,measured
components-20260723T020700Z,20260841,119,Merkle proof,valid_merkle_proof,accepted,accepted,True,measured
components-20260723T020700Z,20260841,119,Merkle proof,modified_merkle_proof,rejected,rejected,True,measured
components-20260723T020700Z,20260841,119,Latest CAS,valid_cas,accepted,accepted,True,measured
components-20260723T020700Z,20260841,119,Latest CAS,stale_latest_pointer,rejected,rejected,True,measured
components-20260723T020700Z,20260841,119,Latest CAS,skipped_version,rejected,rejected,True,measured
components-20260723T020700Z,20260842,120,Signature,valid_signature,accepted,accepted,True,measured
components-20260723T020700Z,20260842,120,Signature,forged_signature,rejected,rejected,True,measured
components-20260723T020700Z,20260842,120,Signature,modified_signed_payload,rejected,rejected,True,measured
components-20260723T020700Z,20260842,120,AcceptOnce,first_admission,accepted,accepted,True,measured
components-20260723T020700Z,20260842,120,AcceptOnce,idempotent_retransmission,accepted,accepted,True,measured
components-20260723T020700Z,20260842,120,AcceptOnce,counter_conflict,rejected,rejected,True,measured
components-20260723T020700Z,20260842,120,Merkle proof,valid_merkle_proof,accepted,accepted,True,measured
components-20260723T020700Z,20260842,120,Merkle proof,modified_merkle_proof,rejected,rejected,True,measured
components-20260723T020700Z,20260842,120,Latest CAS,valid_cas,accepted,accepted,True,measured
components-20260723T020700Z,20260842,120,Latest CAS,stale_latest_pointer,rejected,rejected,True,measured
components-20260723T020700Z,20260842,120,Latest CAS,skipped_version,rejected,rejected,True,measured
components-20260723T020700Z,20260843,121,Signature,valid_signature,accepted,accepted,True,measured
components-20260723T020700Z,20260843,121,Signature,forged_signature,rejected,rejected,True,measured
components-20260723T020700Z,20260843,121,Signature,modified_signed_payload,rejected,rejected,True,measured
components-20260723T020700Z,20260843,121,AcceptOnce,first_admission,accepted,accepted,True,measured
components-20260723T020700Z,20260843,121,AcceptOnce,idempotent_retransmission,accepted,accepted,True,measured
components-20260723T020700Z,20260843,121,AcceptOnce,counter_conflict,rejected,rejected,True,measured
components-20260723T020700Z,20260843,121,Merkle proof,valid_merkle_proof,accepted,accepted,True,measured
components-20260723T020700Z,20260843,121,Merkle proof,modified_merkle_proof,rejected,rejected,True,measured
components-20260723T020700Z,20260843,121,Latest CAS,valid_cas,accepted,accepted,True,measured
components-20260723T020700Z,20260843,121,Latest CAS,stale_latest_pointer,rejected,rejected,True,measured
components-20260723T020700Z,20260843,121,Latest CAS,skipped_version,rejected,rejected,True,measured
components-20260723T020700Z,20260844,122,Signature,valid_signature,accepted,accepted,True,measured
components-20260723T020700Z,20260844,122,Signature,forged_signature,rejected,rejected,True,measured
components-20260723T020700Z,20260844,122,Signature,modified_signed_payload,rejected,rejected,True,measured
components-20260723T020700Z,20260844,122,AcceptOnce,first_admission,accepted,accepted,True,measured
components-20260723T020700Z,20260844,122,AcceptOnce,idempotent_retransmission,accepted,accepted,True,measured
components-20260723T020700Z,20260844,122,AcceptOnce,counter_conflict,rejected,rejected,True,measured
components-20260723T020700Z,20260844,122,Merkle proof,valid_merkle_proof,accepted,accepted,True,measured
components-20260723T020700Z,20260844,122,Merkle proof,modified_merkle_proof,rejected,rejected,True,measured
components-20260723T020700Z,20260844,122,Latest CAS,valid_cas,accepted,accepted,True,measured
components-20260723T020700Z,20260844,122,Latest CAS,stale_latest_pointer,rejected,rejected,True,measured
components-20260723T020700Z,20260844,122,Latest CAS,skipped_version,rejected,rejected,True,measured
components-20260723T020700Z,20260845,123,Signature,valid_signature,accepted,accepted,True,measured
components-20260723T020700Z,20260845,123,Signature,forged_signature,rejected,rejected,True,measured
components-20260723T020700Z,20260845,123,Signature,modified_signed_payload,rejected,rejected,True,measured
components-20260723T020700Z,20260845,123,AcceptOnce,first_admission,accepted,accepted,True,measured
components-20260723T020700Z,20260845,123,AcceptOnce,idempotent_retransmission,accepted,accepted,True,measured
components-20260723T020700Z,20260845,123,AcceptOnce,counter_conflict,rejected,rejected,True,measured
components-20260723T020700Z,20260845,123,Merkle proof,valid_merkle_proof,accepted,accepted,True,measured
components-20260723T020700Z,20260845,123,Merkle proof,modified_merkle_proof,rejected,rejected,True,measured
components-20260723T020700Z,20260845,123,Latest CAS,valid_cas,accepted,accepted,True,measured
components-20260723T020700Z,20260845,123,Latest CAS,stale_latest_pointer,rejected,rejected,True,measured
components-20260723T020700Z,20260845,123,Latest CAS,skipped_version,rejected,rejected,True,measured
components-20260723T020700Z,20260846,124,Signature,valid_signature,accepted,accepted,True,measured
components-20260723T020700Z,20260846,124,Signature,forged_signature,rejected,rejected,True,measured
components-20260723T020700Z,20260846,124,Signature,modified_signed_payload,rejected,rejected,True,measured
components-20260723T020700Z,20260846,124,AcceptOnce,first_admission,accepted,accepted,True,measured
components-20260723T020700Z,20260846,124,AcceptOnce,idempotent_retransmission,accepted,accepted,True,measured
components-20260723T020700Z,20260846,124,AcceptOnce,counter_conflict,rejected,rejected,True,measured
components-20260723T020700Z,20260846,124,Merkle proof,valid_merkle_proof,accepted,accepted,True,measured
components-20260723T020700Z,20260846,124,Merkle proof,modified_merkle_proof,rejected,rejected,True,measured
components-20260723T020700Z,20260846,124,Latest CAS,valid_cas,accepted,accepted,True,measured
components-20260723T020700Z,20260846,124,Latest CAS,stale_latest_pointer,rejected,rejected,True,measured
components-20260723T020700Z,20260846,124,Latest CAS,skipped_version,rejected,rejected,True,measured
components-20260723T020700Z,20260847,125,Signature,valid_signature,accepted,accepted,True,measured
components-20260723T020700Z,20260847,125,Signature,forged_signature,rejected,rejected,True,measured
components-20260723T020700Z,20260847,125,Signature,modified_signed_payload,rejected,rejected,True,measured
components-20260723T020700Z,20260847,125,AcceptOnce,first_admission,accepted,accepted,True,measured
components-20260723T020700Z,20260847,125,AcceptOnce,idempotent_retransmission,accepted,accepted,True,measured
components-20260723T020700Z,20260847,125,AcceptOnce,counter_conflict,rejected,rejected,True,measured
components-20260723T020700Z,20260847,125,Merkle proof,valid_merkle_proof,accepted,accepted,True,measured
components-20260723T020700Z,20260847,125,Merkle proof,modified_merkle_proof,rejected,rejected,True,measured
components-20260723T020700Z,20260847,125,Latest CAS,valid_cas,accepted,accepted,True,measured
components-20260723T020700Z,20260847,125,Latest CAS,stale_latest_pointer,rejected,rejected,True,measured
components-20260723T020700Z,20260847,125,Latest CAS,skipped_version,rejected,rejected,True,measured
components-20260723T020700Z,20260848,126,Signature,valid_signature,accepted,accepted,True,measured
components-20260723T020700Z,20260848,126,Signature,forged_signature,rejected,rejected,True,measured
components-20260723T020700Z,20260848,126,Signature,modified_signed_payload,rejected,rejected,True,measured
components-20260723T020700Z,20260848,126,AcceptOnce,first_admission,accepted,accepted,True,measured
components-20260723T020700Z,20260848,126,AcceptOnce,idempotent_retransmission,accepted,accepted,True,measured
components-20260723T020700Z,20260848,126,AcceptOnce,counter_conflict,rejected,rejected,True,measured
components-20260723T020700Z,20260848,126,Merkle proof,valid_merkle_proof,accepted,accepted,True,measured
components-20260723T020700Z,20260848,126,Merkle proof,modified_merkle_proof,rejected,rejected,True,measured
components-20260723T020700Z,20260848,126,Latest CAS,valid_cas,accepted,accepted,True,measured
components-20260723T020700Z,20260848,126,Latest CAS,stale_latest_pointer,rejected,rejected,True,measured
components-20260723T020700Z,20260848,126,Latest CAS,skipped_version,rejected,rejected,True,measured
components-20260723T020700Z,20260849,127,Signature,valid_signature,accepted,accepted,True,measured
components-20260723T020700Z,20260849,127,Signature,forged_signature,rejected,rejected,True,measured
components-20260723T020700Z,20260849,127,Signature,modified_signed_payload,rejected,rejected,True,measured
components-20260723T020700Z,20260849,127,AcceptOnce,first_admission,accepted,accepted,True,measured
components-20260723T020700Z,20260849,127,AcceptOnce,idempotent_retransmission,accepted,accepted,True,measured
components-20260723T020700Z,20260849,127,AcceptOnce,counter_conflict,rejected,rejected,True,measured
components-20260723T020700Z,20260849,127,Merkle proof,valid_merkle_proof,accepted,accepted,True,measured
components-20260723T020700Z,20260849,127,Merkle proof,modified_merkle_proof,rejected,rejected,True,measured
components-20260723T020700Z,20260849,127,Latest CAS,valid_cas,accepted,accepted,True,measured
components-20260723T020700Z,20260849,127,Latest CAS,stale_latest_pointer,rejected,rejected,True,measured
components-20260723T020700Z,20260849,127,Latest CAS,skipped_version,rejected,rejected,True,measured
components-20260723T020700Z,20260850,128,Signature,valid_signature,accepted,accepted,True,measured
components-20260723T020700Z,20260850,128,Signature,forged_signature,rejected,rejected,True,measured
components-20260723T020700Z,20260850,128,Signature,modified_signed_payload,rejected,rejected,True,measured
components-20260723T020700Z,20260850,128,AcceptOnce,first_admission,accepted,accepted,True,measured
components-20260723T020700Z,20260850,128,AcceptOnce,idempotent_retransmission,accepted,accepted,True,measured
components-20260723T020700Z,20260850,128,AcceptOnce,counter_conflict,rejected,rejected,True,measured
components-20260723T020700Z,20260850,128,Merkle proof,valid_merkle_proof,accepted,accepted,True,measured
components-20260723T020700Z,20260850,128,Merkle proof,modified_merkle_proof,rejected,rejected,True,measured
components-20260723T020700Z,20260850,128,Latest CAS,valid_cas,accepted,accepted,True,measured
components-20260723T020700Z,20260850,128,Latest CAS,stale_latest_pointer,rejected,rejected,True,measured
components-20260723T020700Z,20260850,128,Latest CAS,skipped_version,rejected,rejected,True,measured
components-20260723T020700Z,20260851,129,Signature,valid_signature,accepted,accepted,True,measured
components-20260723T020700Z,20260851,129,Signature,forged_signature,rejected,rejected,True,measured
components-20260723T020700Z,20260851,129,Signature,modified_signed_payload,rejected,rejected,True,measured
components-20260723T020700Z,20260851,129,AcceptOnce,first_admission,accepted,accepted,True,measured
components-20260723T020700Z,20260851,129,AcceptOnce,idempotent_retransmission,accepted,accepted,True,measured
components-20260723T020700Z,20260851,129,AcceptOnce,counter_conflict,rejected,rejected,True,measured
components-20260723T020700Z,20260851,129,Merkle proof,valid_merkle_proof,accepted,accepted,True,measured
components-20260723T020700Z,20260851,129,Merkle proof,modified_merkle_proof,rejected,rejected,True,measured
components-20260723T020700Z,20260851,129,Latest CAS,valid_cas,accepted,accepted,True,measured
components-20260723T020700Z,20260851,129,Latest CAS,stale_latest_pointer,rejected,rejected,True,measured
components-20260723T020700Z,20260851,129,Latest CAS,skipped_version,rejected,rejected,True,measured
components-20260723T020700Z,20260852,130,Signature,valid_signature,accepted,accepted,True,measured
components-20260723T020700Z,20260852,130,Signature,forged_signature,rejected,rejected,True,measured
components-20260723T020700Z,20260852,130,Signature,modified_signed_payload,rejected,rejected,True,measured
components-20260723T020700Z,20260852,130,AcceptOnce,first_admission,accepted,accepted,True,measured
components-20260723T020700Z,20260852,130,AcceptOnce,idempotent_retransmission,accepted,accepted,True,measured
components-20260723T020700Z,20260852,130,AcceptOnce,counter_conflict,rejected,rejected,True,measured
components-20260723T020700Z,20260852,130,Merkle proof,valid_merkle_proof,accepted,accepted,True,measured
components-20260723T020700Z,20260852,130,Merkle proof,modified_merkle_proof,rejected,rejected,True,measured
components-20260723T020700Z,20260852,130,Latest CAS,valid_cas,accepted,accepted,True,measured
components-20260723T020700Z,20260852,130,Latest CAS,stale_latest_pointer,rejected,rejected,True,measured
components-20260723T020700Z,20260852,130,Latest CAS,skipped_version,rejected,rejected,True,measured
components-20260723T020700Z,20260853,131,Signature,valid_signature,accepted,accepted,True,measured
components-20260723T020700Z,20260853,131,Signature,forged_signature,rejected,rejected,True,measured
components-20260723T020700Z,20260853,131,Signature,modified_signed_payload,rejected,rejected,True,measured
components-20260723T020700Z,20260853,131,AcceptOnce,first_admission,accepted,accepted,True,measured
components-20260723T020700Z,20260853,131,AcceptOnce,idempotent_retransmission,accepted,accepted,True,measured
components-20260723T020700Z,20260853,131,AcceptOnce,counter_conflict,rejected,rejected,True,measured
components-20260723T020700Z,20260853,131,Merkle proof,valid_merkle_proof,accepted,accepted,True,measured
components-20260723T020700Z,20260853,131,Merkle proof,modified_merkle_proof,rejected,rejected,True,measured
components-20260723T020700Z,20260853,131,Latest CAS,valid_cas,accepted,accepted,True,measured
components-20260723T020700Z,20260853,131,Latest CAS,stale_latest_pointer,rejected,rejected,True,measured
components-20260723T020700Z,20260853,131,Latest CAS,skipped_version,rejected,rejected,True,measured
components-20260723T020700Z,20260854,132,Signature,valid_signature,accepted,accepted,True,measured
components-20260723T020700Z,20260854,132,Signature,forged_signature,rejected,rejected,True,measured
components-20260723T020700Z,20260854,132,Signature,modified_signed_payload,rejected,rejected,True,measured
components-20260723T020700Z,20260854,132,AcceptOnce,first_admission,accepted,accepted,True,measured
components-20260723T020700Z,20260854,132,AcceptOnce,idempotent_retransmission,accepted,accepted,True,measured
components-20260723T020700Z,20260854,132,AcceptOnce,counter_conflict,rejected,rejected,True,measured
components-20260723T020700Z,20260854,132,Merkle proof,valid_merkle_proof,accepted,accepted,True,measured
components-20260723T020700Z,20260854,132,Merkle proof,modified_merkle_proof,rejected,rejected,True,measured
components-20260723T020700Z,20260854,132,Latest CAS,valid_cas,accepted,accepted,True,measured
components-20260723T020700Z,20260854,132,Latest CAS,stale_latest_pointer,rejected,rejected,True,measured
components-20260723T020700Z,20260854,132,Latest CAS,skipped_version,rejected,rejected,True,measured
components-20260723T020700Z,20260855,133,Signature,valid_signature,accepted,accepted,True,measured
components-20260723T020700Z,20260855,133,Signature,forged_signature,rejected,rejected,True,measured
components-20260723T020700Z,20260855,133,Signature,modified_signed_payload,rejected,rejected,True,measured
components-20260723T020700Z,20260855,133,AcceptOnce,first_admission,accepted,accepted,True,measured
components-20260723T020700Z,20260855,133,AcceptOnce,idempotent_retransmission,accepted,accepted,True,measured
components-20260723T020700Z,20260855,133,AcceptOnce,counter_conflict,rejected,rejected,True,measured
components-20260723T020700Z,20260855,133,Merkle proof,valid_merkle_proof,accepted,accepted,True,measured
components-20260723T020700Z,20260855,133,Merkle proof,modified_merkle_proof,rejected,rejected,True,measured
components-20260723T020700Z,20260855,133,Latest CAS,valid_cas,accepted,accepted,True,measured
components-20260723T020700Z,20260855,133,Latest CAS,stale_latest_pointer,rejected,rejected,True,measured
components-20260723T020700Z,20260855,133,Latest CAS,skipped_version,rejected,rejected,True,measured
components-20260723T020700Z,20260856,134,Signature,valid_signature,accepted,accepted,True,measured
components-20260723T020700Z,20260856,134,Signature,forged_signature,rejected,rejected,True,measured
components-20260723T020700Z,20260856,134,Signature,modified_signed_payload,rejected,rejected,True,measured
components-20260723T020700Z,20260856,134,AcceptOnce,first_admission,accepted,accepted,True,measured
components-20260723T020700Z,20260856,134,AcceptOnce,idempotent_retransmission,accepted,accepted,True,measured
components-20260723T020700Z,20260856,134,AcceptOnce,counter_conflict,rejected,rejected,True,measured
components-20260723T020700Z,20260856,134,Merkle proof,valid_merkle_proof,accepted,accepted,True,measured
components-20260723T020700Z,20260856,134,Merkle proof,modified_merkle_proof,rejected,rejected,True,measured
components-20260723T020700Z,20260856,134,Latest CAS,valid_cas,accepted,accepted,True,measured
components-20260723T020700Z,20260856,134,Latest CAS,stale_latest_pointer,rejected,rejected,True,measured
components-20260723T020700Z,20260856,134,Latest CAS,skipped_version,rejected,rejected,True,measured
components-20260723T020700Z,20260857,135,Signature,valid_signature,accepted,accepted,True,measured
components-20260723T020700Z,20260857,135,Signature,forged_signature,rejected,rejected,True,measured
components-20260723T020700Z,20260857,135,Signature,modified_signed_payload,rejected,rejected,True,measured
components-20260723T020700Z,20260857,135,AcceptOnce,first_admission,accepted,accepted,True,measured
components-20260723T020700Z,20260857,135,AcceptOnce,idempotent_retransmission,accepted,accepted,True,measured
components-20260723T020700Z,20260857,135,AcceptOnce,counter_conflict,rejected,rejected,True,measured
components-20260723T020700Z,20260857,135,Merkle proof,valid_merkle_proof,accepted,accepted,True,measured
components-20260723T020700Z,20260857,135,Merkle proof,modified_merkle_proof,rejected,rejected,True,measured
components-20260723T020700Z,20260857,135,Latest CAS,valid_cas,accepted,accepted,True,measured
components-20260723T020700Z,20260857,135,Latest CAS,stale_latest_pointer,rejected,rejected,True,measured
components-20260723T020700Z,20260857,135,Latest CAS,skipped_version,rejected,rejected,True,measured
components-20260723T020700Z,20260858,136,Signature,valid_signature,accepted,accepted,True,measured
components-20260723T020700Z,20260858,136,Signature,forged_signature,rejected,rejected,True,measured
components-20260723T020700Z,20260858,136,Signature,modified_signed_payload,rejected,rejected,True,measured
components-20260723T020700Z,20260858,136,AcceptOnce,first_admission,accepted,accepted,True,measured
components-20260723T020700Z,20260858,136,AcceptOnce,idempotent_retransmission,accepted,accepted,True,measured
components-20260723T020700Z,20260858,136,AcceptOnce,counter_conflict,rejected,rejected,True,measured
components-20260723T020700Z,20260858,136,Merkle proof,valid_merkle_proof,accepted,accepted,True,measured
components-20260723T020700Z,20260858,136,Merkle proof,modified_merkle_proof,rejected,rejected,True,measured
components-20260723T020700Z,20260858,136,Latest CAS,valid_cas,accepted,accepted,True,measured
components-20260723T020700Z,20260858,136,Latest CAS,stale_latest_pointer,rejected,rejected,True,measured
components-20260723T020700Z,20260858,136,Latest CAS,skipped_version,rejected,rejected,True,measured
components-20260723T020700Z,20260859,137,Signature,valid_signature,accepted,accepted,True,measured
components-20260723T020700Z,20260859,137,Signature,forged_signature,rejected,rejected,True,measured
components-20260723T020700Z,20260859,137,Signature,modified_signed_payload,rejected,rejected,True,measured
components-20260723T020700Z,20260859,137,AcceptOnce,first_admission,accepted,accepted,True,measured
components-20260723T020700Z,20260859,137,AcceptOnce,idempotent_retransmission,accepted,accepted,True,measured
components-20260723T020700Z,20260859,137,AcceptOnce,counter_conflict,rejected,rejected,True,measured
components-20260723T020700Z,20260859,137,Merkle proof,valid_merkle_proof,accepted,accepted,True,measured
components-20260723T020700Z,20260859,137,Merkle proof,modified_merkle_proof,rejected,rejected,True,measured
components-20260723T020700Z,20260859,137,Latest CAS,valid_cas,accepted,accepted,True,measured
components-20260723T020700Z,20260859,137,Latest CAS,stale_latest_pointer,rejected,rejected,True,measured
components-20260723T020700Z,20260859,137,Latest CAS,skipped_version,rejected,rejected,True,measured
components-20260723T020700Z,20260860,138,Signature,valid_signature,accepted,accepted,True,measured
components-20260723T020700Z,20260860,138,Signature,forged_signature,rejected,rejected,True,measured
components-20260723T020700Z,20260860,138,Signature,modified_signed_payload,rejected,rejected,True,measured
components-20260723T020700Z,20260860,138,AcceptOnce,first_admission,accepted,accepted,True,measured
components-20260723T020700Z,20260860,138,AcceptOnce,idempotent_retransmission,accepted,accepted,True,measured
components-20260723T020700Z,20260860,138,AcceptOnce,counter_conflict,rejected,rejected,True,measured
components-20260723T020700Z,20260860,138,Merkle proof,valid_merkle_proof,accepted,accepted,True,measured
components-20260723T020700Z,20260860,138,Merkle proof,modified_merkle_proof,rejected,rejected,True,measured
components-20260723T020700Z,20260860,138,Latest CAS,valid_cas,accepted,accepted,True,measured
components-20260723T020700Z,20260860,138,Latest CAS,stale_latest_pointer,rejected,rejected,True,measured
components-20260723T020700Z,20260860,138,Latest CAS,skipped_version,rejected,rejected,True,measured
components-20260723T020700Z,20260861,139,Signature,valid_signature,accepted,accepted,True,measured
components-20260723T020700Z,20260861,139,Signature,forged_signature,rejected,rejected,True,measured
components-20260723T020700Z,20260861,139,Signature,modified_signed_payload,rejected,rejected,True,measured
components-20260723T020700Z,20260861,139,AcceptOnce,first_admission,accepted,accepted,True,measured
components-20260723T020700Z,20260861,139,AcceptOnce,idempotent_retransmission,accepted,accepted,True,measured
components-20260723T020700Z,20260861,139,AcceptOnce,counter_conflict,rejected,rejected,True,measured
components-20260723T020700Z,20260861,139,Merkle proof,valid_merkle_proof,accepted,accepted,True,measured
components-20260723T020700Z,20260861,139,Merkle proof,modified_merkle_proof,rejected,rejected,True,measured
components-20260723T020700Z,20260861,139,Latest CAS,valid_cas,accepted,accepted,True,measured
components-20260723T020700Z,20260861,139,Latest CAS,stale_latest_pointer,rejected,rejected,True,measured
components-20260723T020700Z,20260861,139,Latest CAS,skipped_version,rejected,rejected,True,measured
components-20260723T020700Z,20260862,140,Signature,valid_signature,accepted,accepted,True,measured
components-20260723T020700Z,20260862,140,Signature,forged_signature,rejected,rejected,True,measured
components-20260723T020700Z,20260862,140,Signature,modified_signed_payload,rejected,rejected,True,measured
components-20260723T020700Z,20260862,140,AcceptOnce,first_admission,accepted,accepted,True,measured
components-20260723T020700Z,20260862,140,AcceptOnce,idempotent_retransmission,accepted,accepted,True,measured
components-20260723T020700Z,20260862,140,AcceptOnce,counter_conflict,rejected,rejected,True,measured
components-20260723T020700Z,20260862,140,Merkle proof,valid_merkle_proof,accepted,accepted,True,measured
components-20260723T020700Z,20260862,140,Merkle proof,modified_merkle_proof,rejected,rejected,True,measured
components-20260723T020700Z,20260862,140,Latest CAS,valid_cas,accepted,accepted,True,measured
components-20260723T020700Z,20260862,140,Latest CAS,stale_latest_pointer,rejected,rejected,True,measured
components-20260723T020700Z,20260862,140,Latest CAS,skipped_version,rejected,rejected,True,measured
components-20260723T020700Z,20260863,141,Signature,valid_signature,accepted,accepted,True,measured
components-20260723T020700Z,20260863,141,Signature,forged_signature,rejected,rejected,True,measured
components-20260723T020700Z,20260863,141,Signature,modified_signed_payload,rejected,rejected,True,measured
components-20260723T020700Z,20260863,141,AcceptOnce,first_admission,accepted,accepted,True,measured
components-20260723T020700Z,20260863,141,AcceptOnce,idempotent_retransmission,accepted,accepted,True,measured
components-20260723T020700Z,20260863,141,AcceptOnce,counter_conflict,rejected,rejected,True,measured
components-20260723T020700Z,20260863,141,Merkle proof,valid_merkle_proof,accepted,accepted,True,measured
components-20260723T020700Z,20260863,141,Merkle proof,modified_merkle_proof,rejected,rejected,True,measured
components-20260723T020700Z,20260863,141,Latest CAS,valid_cas,accepted,accepted,True,measured
components-20260723T020700Z,20260863,141,Latest CAS,stale_latest_pointer,rejected,rejected,True,measured
components-20260723T020700Z,20260863,141,Latest CAS,skipped_version,rejected,rejected,True,measured
components-20260723T020700Z,20260864,142,Signature,valid_signature,accepted,accepted,True,measured
components-20260723T020700Z,20260864,142,Signature,forged_signature,rejected,rejected,True,measured
components-20260723T020700Z,20260864,142,Signature,modified_signed_payload,rejected,rejected,True,measured
components-20260723T020700Z,20260864,142,AcceptOnce,first_admission,accepted,accepted,True,measured
components-20260723T020700Z,20260864,142,AcceptOnce,idempotent_retransmission,accepted,accepted,True,measured
components-20260723T020700Z,20260864,142,AcceptOnce,counter_conflict,rejected,rejected,True,measured
components-20260723T020700Z,20260864,142,Merkle proof,valid_merkle_proof,accepted,accepted,True,measured
components-20260723T020700Z,20260864,142,Merkle proof,modified_merkle_proof,rejected,rejected,True,measured
components-20260723T020700Z,20260864,142,Latest CAS,valid_cas,accepted,accepted,True,measured
components-20260723T020700Z,20260864,142,Latest CAS,stale_latest_pointer,rejected,rejected,True,measured
components-20260723T020700Z,20260864,142,Latest CAS,skipped_version,rejected,rejected,True,measured
components-20260723T020700Z,20260865,143,Signature,valid_signature,accepted,accepted,True,measured
components-20260723T020700Z,20260865,143,Signature,forged_signature,rejected,rejected,True,measured
components-20260723T020700Z,20260865,143,Signature,modified_signed_payload,rejected,rejected,True,measured
components-20260723T020700Z,20260865,143,AcceptOnce,first_admission,accepted,accepted,True,measured
components-20260723T020700Z,20260865,143,AcceptOnce,idempotent_retransmission,accepted,accepted,True,measured
components-20260723T020700Z,20260865,143,AcceptOnce,counter_conflict,rejected,rejected,True,measured
components-20260723T020700Z,20260865,143,Merkle proof,valid_merkle_proof,accepted,accepted,True,measured
components-20260723T020700Z,20260865,143,Merkle proof,modified_merkle_proof,rejected,rejected,True,measured
components-20260723T020700Z,20260865,143,Latest CAS,valid_cas,accepted,accepted,True,measured
components-20260723T020700Z,20260865,143,Latest CAS,stale_latest_pointer,rejected,rejected,True,measured
components-20260723T020700Z,20260865,143,Latest CAS,skipped_version,rejected,rejected,True,measured
components-20260723T020700Z,20260866,144,Signature,valid_signature,accepted,accepted,True,measured
components-20260723T020700Z,20260866,144,Signature,forged_signature,rejected,rejected,True,measured
components-20260723T020700Z,20260866,144,Signature,modified_signed_payload,rejected,rejected,True,measured
components-20260723T020700Z,20260866,144,AcceptOnce,first_admission,accepted,accepted,True,measured
components-20260723T020700Z,20260866,144,AcceptOnce,idempotent_retransmission,accepted,accepted,True,measured
components-20260723T020700Z,20260866,144,AcceptOnce,counter_conflict,rejected,rejected,True,measured
components-20260723T020700Z,20260866,144,Merkle proof,valid_merkle_proof,accepted,accepted,True,measured
components-20260723T020700Z,20260866,144,Merkle proof,modified_merkle_proof,rejected,rejected,True,measured
components-20260723T020700Z,20260866,144,Latest CAS,valid_cas,accepted,accepted,True,measured
components-20260723T020700Z,20260866,144,Latest CAS,stale_latest_pointer,rejected,rejected,True,measured
components-20260723T020700Z,20260866,144,Latest CAS,skipped_version,rejected,rejected,True,measured
components-20260723T020700Z,20260867,145,Signature,valid_signature,accepted,accepted,True,measured
components-20260723T020700Z,20260867,145,Signature,forged_signature,rejected,rejected,True,measured
components-20260723T020700Z,20260867,145,Signature,modified_signed_payload,rejected,rejected,True,measured
components-20260723T020700Z,20260867,145,AcceptOnce,first_admission,accepted,accepted,True,measured
components-20260723T020700Z,20260867,145,AcceptOnce,idempotent_retransmission,accepted,accepted,True,measured
components-20260723T020700Z,20260867,145,AcceptOnce,counter_conflict,rejected,rejected,True,measured
components-20260723T020700Z,20260867,145,Merkle proof,valid_merkle_proof,accepted,accepted,True,measured
components-20260723T020700Z,20260867,145,Merkle proof,modified_merkle_proof,rejected,rejected,True,measured
components-20260723T020700Z,20260867,145,Latest CAS,valid_cas,accepted,accepted,True,measured
components-20260723T020700Z,20260867,145,Latest CAS,stale_latest_pointer,rejected,rejected,True,measured
components-20260723T020700Z,20260867,145,Latest CAS,skipped_version,rejected,rejected,True,measured
components-20260723T020700Z,20260868,146,Signature,valid_signature,accepted,accepted,True,measured
components-20260723T020700Z,20260868,146,Signature,forged_signature,rejected,rejected,True,measured
components-20260723T020700Z,20260868,146,Signature,modified_signed_payload,rejected,rejected,True,measured
components-20260723T020700Z,20260868,146,AcceptOnce,first_admission,accepted,accepted,True,measured
components-20260723T020700Z,20260868,146,AcceptOnce,idempotent_retransmission,accepted,accepted,True,measured
components-20260723T020700Z,20260868,146,AcceptOnce,counter_conflict,rejected,rejected,True,measured
components-20260723T020700Z,20260868,146,Merkle proof,valid_merkle_proof,accepted,accepted,True,measured
components-20260723T020700Z,20260868,146,Merkle proof,modified_merkle_proof,rejected,rejected,True,measured
components-20260723T020700Z,20260868,146,Latest CAS,valid_cas,accepted,accepted,True,measured
components-20260723T020700Z,20260868,146,Latest CAS,stale_latest_pointer,rejected,rejected,True,measured
components-20260723T020700Z,20260868,146,Latest CAS,skipped_version,rejected,rejected,True,measured
components-20260723T020700Z,20260869,147,Signature,valid_signature,accepted,accepted,True,measured
components-20260723T020700Z,20260869,147,Signature,forged_signature,rejected,rejected,True,measured
components-20260723T020700Z,20260869,147,Signature,modified_signed_payload,rejected,rejected,True,measured
components-20260723T020700Z,20260869,147,AcceptOnce,first_admission,accepted,accepted,True,measured
components-20260723T020700Z,20260869,147,AcceptOnce,idempotent_retransmission,accepted,accepted,True,measured
components-20260723T020700Z,20260869,147,AcceptOnce,counter_conflict,rejected,rejected,True,measured
components-20260723T020700Z,20260869,147,Merkle proof,valid_merkle_proof,accepted,accepted,True,measured
components-20260723T020700Z,20260869,147,Merkle proof,modified_merkle_proof,rejected,rejected,True,measured
components-20260723T020700Z,20260869,147,Latest CAS,valid_cas,accepted,accepted,True,measured
components-20260723T020700Z,20260869,147,Latest CAS,stale_latest_pointer,rejected,rejected,True,measured
components-20260723T020700Z,20260869,147,Latest CAS,skipped_version,rejected,rejected,True,measured
components-20260723T020700Z,20260870,148,Signature,valid_signature,accepted,accepted,True,measured
components-20260723T020700Z,20260870,148,Signature,forged_signature,rejected,rejected,True,measured
components-20260723T020700Z,20260870,148,Signature,modified_signed_payload,rejected,rejected,True,measured
components-20260723T020700Z,20260870,148,AcceptOnce,first_admission,accepted,accepted,True,measured
components-20260723T020700Z,20260870,148,AcceptOnce,idempotent_retransmission,accepted,accepted,True,measured
components-20260723T020700Z,20260870,148,AcceptOnce,counter_conflict,rejected,rejected,True,measured
components-20260723T020700Z,20260870,148,Merkle proof,valid_merkle_proof,accepted,accepted,True,measured
components-20260723T020700Z,20260870,148,Merkle proof,modified_merkle_proof,rejected,rejected,True,measured
components-20260723T020700Z,20260870,148,Latest CAS,valid_cas,accepted,accepted,True,measured
components-20260723T020700Z,20260870,148,Latest CAS,stale_latest_pointer,rejected,rejected,True,measured
components-20260723T020700Z,20260870,148,Latest CAS,skipped_version,rejected,rejected,True,measured
components-20260723T020700Z,20260871,149,Signature,valid_signature,accepted,accepted,True,measured
components-20260723T020700Z,20260871,149,Signature,forged_signature,rejected,rejected,True,measured
components-20260723T020700Z,20260871,149,Signature,modified_signed_payload,rejected,rejected,True,measured
components-20260723T020700Z,20260871,149,AcceptOnce,first_admission,accepted,accepted,True,measured
components-20260723T020700Z,20260871,149,AcceptOnce,idempotent_retransmission,accepted,accepted,True,measured
components-20260723T020700Z,20260871,149,AcceptOnce,counter_conflict,rejected,rejected,True,measured
components-20260723T020700Z,20260871,149,Merkle proof,valid_merkle_proof,accepted,accepted,True,measured
components-20260723T020700Z,20260871,149,Merkle proof,modified_merkle_proof,rejected,rejected,True,measured
components-20260723T020700Z,20260871,149,Latest CAS,valid_cas,accepted,accepted,True,measured
components-20260723T020700Z,20260871,149,Latest CAS,stale_latest_pointer,rejected,rejected,True,measured
components-20260723T020700Z,20260871,149,Latest CAS,skipped_version,rejected,rejected,True,measured
components-20260723T020700Z,20260872,150,Signature,valid_signature,accepted,accepted,True,measured
components-20260723T020700Z,20260872,150,Signature,forged_signature,rejected,rejected,True,measured
components-20260723T020700Z,20260872,150,Signature,modified_signed_payload,rejected,rejected,True,measured
components-20260723T020700Z,20260872,150,AcceptOnce,first_admission,accepted,accepted,True,measured
components-20260723T020700Z,20260872,150,AcceptOnce,idempotent_retransmission,accepted,accepted,True,measured
components-20260723T020700Z,20260872,150,AcceptOnce,counter_conflict,rejected,rejected,True,measured
components-20260723T020700Z,20260872,150,Merkle proof,valid_merkle_proof,accepted,accepted,True,measured
components-20260723T020700Z,20260872,150,Merkle proof,modified_merkle_proof,rejected,rejected,True,measured
components-20260723T020700Z,20260872,150,Latest CAS,valid_cas,accepted,accepted,True,measured
components-20260723T020700Z,20260872,150,Latest CAS,stale_latest_pointer,rejected,rejected,True,measured
components-20260723T020700Z,20260872,150,Latest CAS,skipped_version,rejected,rejected,True,measured
components-20260723T020700Z,20260873,151,Signature,valid_signature,accepted,accepted,True,measured
components-20260723T020700Z,20260873,151,Signature,forged_signature,rejected,rejected,True,measured
components-20260723T020700Z,20260873,151,Signature,modified_signed_payload,rejected,rejected,True,measured
components-20260723T020700Z,20260873,151,AcceptOnce,first_admission,accepted,accepted,True,measured
components-20260723T020700Z,20260873,151,AcceptOnce,idempotent_retransmission,accepted,accepted,True,measured
components-20260723T020700Z,20260873,151,AcceptOnce,counter_conflict,rejected,rejected,True,measured
components-20260723T020700Z,20260873,151,Merkle proof,valid_merkle_proof,accepted,accepted,True,measured
components-20260723T020700Z,20260873,151,Merkle proof,modified_merkle_proof,rejected,rejected,True,measured
components-20260723T020700Z,20260873,151,Latest CAS,valid_cas,accepted,accepted,True,measured
components-20260723T020700Z,20260873,151,Latest CAS,stale_latest_pointer,rejected,rejected,True,measured
components-20260723T020700Z,20260873,151,Latest CAS,skipped_version,rejected,rejected,True,measured
components-20260723T020700Z,20260874,152,Signature,valid_signature,accepted,accepted,True,measured
components-20260723T020700Z,20260874,152,Signature,forged_signature,rejected,rejected,True,measured
components-20260723T020700Z,20260874,152,Signature,modified_signed_payload,rejected,rejected,True,measured
components-20260723T020700Z,20260874,152,AcceptOnce,first_admission,accepted,accepted,True,measured
components-20260723T020700Z,20260874,152,AcceptOnce,idempotent_retransmission,accepted,accepted,True,measured
components-20260723T020700Z,20260874,152,AcceptOnce,counter_conflict,rejected,rejected,True,measured
components-20260723T020700Z,20260874,152,Merkle proof,valid_merkle_proof,accepted,accepted,True,measured
components-20260723T020700Z,20260874,152,Merkle proof,modified_merkle_proof,rejected,rejected,True,measured
components-20260723T020700Z,20260874,152,Latest CAS,valid_cas,accepted,accepted,True,measured
components-20260723T020700Z,20260874,152,Latest CAS,stale_latest_pointer,rejected,rejected,True,measured
components-20260723T020700Z,20260874,152,Latest CAS,skipped_version,rejected,rejected,True,measured
components-20260723T020700Z,20260875,153,Signature,valid_signature,accepted,accepted,True,measured
components-20260723T020700Z,20260875,153,Signature,forged_signature,rejected,rejected,True,measured
components-20260723T020700Z,20260875,153,Signature,modified_signed_payload,rejected,rejected,True,measured
components-20260723T020700Z,20260875,153,AcceptOnce,first_admission,accepted,accepted,True,measured
components-20260723T020700Z,20260875,153,AcceptOnce,idempotent_retransmission,accepted,accepted,True,measured
components-20260723T020700Z,20260875,153,AcceptOnce,counter_conflict,rejected,rejected,True,measured
components-20260723T020700Z,20260875,153,Merkle proof,valid_merkle_proof,accepted,accepted,True,measured
components-20260723T020700Z,20260875,153,Merkle proof,modified_merkle_proof,rejected,rejected,True,measured
components-20260723T020700Z,20260875,153,Latest CAS,valid_cas,accepted,accepted,True,measured
components-20260723T020700Z,20260875,153,Latest CAS,stale_latest_pointer,rejected,rejected,True,measured
components-20260723T020700Z,20260875,153,Latest CAS,skipped_version,rejected,rejected,True,measured
components-20260723T020700Z,20260876,154,Signature,valid_signature,accepted,accepted,True,measured
components-20260723T020700Z,20260876,154,Signature,forged_signature,rejected,rejected,True,measured
components-20260723T020700Z,20260876,154,Signature,modified_signed_payload,rejected,rejected,True,measured
components-20260723T020700Z,20260876,154,AcceptOnce,first_admission,accepted,accepted,True,measured
components-20260723T020700Z,20260876,154,AcceptOnce,idempotent_retransmission,accepted,accepted,True,measured
components-20260723T020700Z,20260876,154,AcceptOnce,counter_conflict,rejected,rejected,True,measured
components-20260723T020700Z,20260876,154,Merkle proof,valid_merkle_proof,accepted,accepted,True,measured
components-20260723T020700Z,20260876,154,Merkle proof,modified_merkle_proof,rejected,rejected,True,measured
components-20260723T020700Z,20260876,154,Latest CAS,valid_cas,accepted,accepted,True,measured
components-20260723T020700Z,20260876,154,Latest CAS,stale_latest_pointer,rejected,rejected,True,measured
components-20260723T020700Z,20260876,154,Latest CAS,skipped_version,rejected,rejected,True,measured
components-20260723T020700Z,20260877,155,Signature,valid_signature,accepted,accepted,True,measured
components-20260723T020700Z,20260877,155,Signature,forged_signature,rejected,rejected,True,measured
components-20260723T020700Z,20260877,155,Signature,modified_signed_payload,rejected,rejected,True,measured
components-20260723T020700Z,20260877,155,AcceptOnce,first_admission,accepted,accepted,True,measured
components-20260723T020700Z,20260877,155,AcceptOnce,idempotent_retransmission,accepted,accepted,True,measured
components-20260723T020700Z,20260877,155,AcceptOnce,counter_conflict,rejected,rejected,True,measured
components-20260723T020700Z,20260877,155,Merkle proof,valid_merkle_proof,accepted,accepted,True,measured
components-20260723T020700Z,20260877,155,Merkle proof,modified_merkle_proof,rejected,rejected,True,measured
components-20260723T020700Z,20260877,155,Latest CAS,valid_cas,accepted,accepted,True,measured
components-20260723T020700Z,20260877,155,Latest CAS,stale_latest_pointer,rejected,rejected,True,measured
components-20260723T020700Z,20260877,155,Latest CAS,skipped_version,rejected,rejected,True,measured
components-20260723T020700Z,20260878,156,Signature,valid_signature,accepted,accepted,True,measured
components-20260723T020700Z,20260878,156,Signature,forged_signature,rejected,rejected,True,measured
components-20260723T020700Z,20260878,156,Signature,modified_signed_payload,rejected,rejected,True,measured
components-20260723T020700Z,20260878,156,AcceptOnce,first_admission,accepted,accepted,True,measured
components-20260723T020700Z,20260878,156,AcceptOnce,idempotent_retransmission,accepted,accepted,True,measured
components-20260723T020700Z,20260878,156,AcceptOnce,counter_conflict,rejected,rejected,True,measured
components-20260723T020700Z,20260878,156,Merkle proof,valid_merkle_proof,accepted,accepted,True,measured
components-20260723T020700Z,20260878,156,Merkle proof,modified_merkle_proof,rejected,rejected,True,measured
components-20260723T020700Z,20260878,156,Latest CAS,valid_cas,accepted,accepted,True,measured
components-20260723T020700Z,20260878,156,Latest CAS,stale_latest_pointer,rejected,rejected,True,measured
components-20260723T020700Z,20260878,156,Latest CAS,skipped_version,rejected,rejected,True,measured
components-20260723T020700Z,20260879,157,Signature,valid_signature,accepted,accepted,True,measured
components-20260723T020700Z,20260879,157,Signature,forged_signature,rejected,rejected,True,measured
components-20260723T020700Z,20260879,157,Signature,modified_signed_payload,rejected,rejected,True,measured
components-20260723T020700Z,20260879,157,AcceptOnce,first_admission,accepted,accepted,True,measured
components-20260723T020700Z,20260879,157,AcceptOnce,idempotent_retransmission,accepted,accepted,True,measured
components-20260723T020700Z,20260879,157,AcceptOnce,counter_conflict,rejected,rejected,True,measured
components-20260723T020700Z,20260879,157,Merkle proof,valid_merkle_proof,accepted,accepted,True,measured
components-20260723T020700Z,20260879,157,Merkle proof,modified_merkle_proof,rejected,rejected,True,measured
components-20260723T020700Z,20260879,157,Latest CAS,valid_cas,accepted,accepted,True,measured
components-20260723T020700Z,20260879,157,Latest CAS,stale_latest_pointer,rejected,rejected,True,measured
components-20260723T020700Z,20260879,157,Latest CAS,skipped_version,rejected,rejected,True,measured
components-20260723T020700Z,20260880,158,Signature,valid_signature,accepted,accepted,True,measured
components-20260723T020700Z,20260880,158,Signature,forged_signature,rejected,rejected,True,measured
components-20260723T020700Z,20260880,158,Signature,modified_signed_payload,rejected,rejected,True,measured
components-20260723T020700Z,20260880,158,AcceptOnce,first_admission,accepted,accepted,True,measured
components-20260723T020700Z,20260880,158,AcceptOnce,idempotent_retransmission,accepted,accepted,True,measured
components-20260723T020700Z,20260880,158,AcceptOnce,counter_conflict,rejected,rejected,True,measured
components-20260723T020700Z,20260880,158,Merkle proof,valid_merkle_proof,accepted,accepted,True,measured
components-20260723T020700Z,20260880,158,Merkle proof,modified_merkle_proof,rejected,rejected,True,measured
components-20260723T020700Z,20260880,158,Latest CAS,valid_cas,accepted,accepted,True,measured
components-20260723T020700Z,20260880,158,Latest CAS,stale_latest_pointer,rejected,rejected,True,measured
components-20260723T020700Z,20260880,158,Latest CAS,skipped_version,rejected,rejected,True,measured
components-20260723T020700Z,20260881,159,Signature,valid_signature,accepted,accepted,True,measured
components-20260723T020700Z,20260881,159,Signature,forged_signature,rejected,rejected,True,measured
components-20260723T020700Z,20260881,159,Signature,modified_signed_payload,rejected,rejected,True,measured
components-20260723T020700Z,20260881,159,AcceptOnce,first_admission,accepted,accepted,True,measured
components-20260723T020700Z,20260881,159,AcceptOnce,idempotent_retransmission,accepted,accepted,True,measured
components-20260723T020700Z,20260881,159,AcceptOnce,counter_conflict,rejected,rejected,True,measured
components-20260723T020700Z,20260881,159,Merkle proof,valid_merkle_proof,accepted,accepted,True,measured
components-20260723T020700Z,20260881,159,Merkle proof,modified_merkle_proof,rejected,rejected,True,measured
components-20260723T020700Z,20260881,159,Latest CAS,valid_cas,accepted,accepted,True,measured
components-20260723T020700Z,20260881,159,Latest CAS,stale_latest_pointer,rejected,rejected,True,measured
components-20260723T020700Z,20260881,159,Latest CAS,skipped_version,rejected,rejected,True,measured
components-20260723T020700Z,20260882,160,Signature,valid_signature,accepted,accepted,True,measured
components-20260723T020700Z,20260882,160,Signature,forged_signature,rejected,rejected,True,measured
components-20260723T020700Z,20260882,160,Signature,modified_signed_payload,rejected,rejected,True,measured
components-20260723T020700Z,20260882,160,AcceptOnce,first_admission,accepted,accepted,True,measured
components-20260723T020700Z,20260882,160,AcceptOnce,idempotent_retransmission,accepted,accepted,True,measured
components-20260723T020700Z,20260882,160,AcceptOnce,counter_conflict,rejected,rejected,True,measured
components-20260723T020700Z,20260882,160,Merkle proof,valid_merkle_proof,accepted,accepted,True,measured
components-20260723T020700Z,20260882,160,Merkle proof,modified_merkle_proof,rejected,rejected,True,measured
components-20260723T020700Z,20260882,160,Latest CAS,valid_cas,accepted,accepted,True,measured
components-20260723T020700Z,20260882,160,Latest CAS,stale_latest_pointer,rejected,rejected,True,measured
components-20260723T020700Z,20260882,160,Latest CAS,skipped_version,rejected,rejected,True,measured
components-20260723T020700Z,20260883,161,Signature,valid_signature,accepted,accepted,True,measured
components-20260723T020700Z,20260883,161,Signature,forged_signature,rejected,rejected,True,measured
components-20260723T020700Z,20260883,161,Signature,modified_signed_payload,rejected,rejected,True,measured
components-20260723T020700Z,20260883,161,AcceptOnce,first_admission,accepted,accepted,True,measured
components-20260723T020700Z,20260883,161,AcceptOnce,idempotent_retransmission,accepted,accepted,True,measured
components-20260723T020700Z,20260883,161,AcceptOnce,counter_conflict,rejected,rejected,True,measured
components-20260723T020700Z,20260883,161,Merkle proof,valid_merkle_proof,accepted,accepted,True,measured
components-20260723T020700Z,20260883,161,Merkle proof,modified_merkle_proof,rejected,rejected,True,measured
components-20260723T020700Z,20260883,161,Latest CAS,valid_cas,accepted,accepted,True,measured
components-20260723T020700Z,20260883,161,Latest CAS,stale_latest_pointer,rejected,rejected,True,measured
components-20260723T020700Z,20260883,161,Latest CAS,skipped_version,rejected,rejected,True,measured
components-20260723T020700Z,20260884,162,Signature,valid_signature,accepted,accepted,True,measured
components-20260723T020700Z,20260884,162,Signature,forged_signature,rejected,rejected,True,measured
components-20260723T020700Z,20260884,162,Signature,modified_signed_payload,rejected,rejected,True,measured
components-20260723T020700Z,20260884,162,AcceptOnce,first_admission,accepted,accepted,True,measured
components-20260723T020700Z,20260884,162,AcceptOnce,idempotent_retransmission,accepted,accepted,True,measured
components-20260723T020700Z,20260884,162,AcceptOnce,counter_conflict,rejected,rejected,True,measured
components-20260723T020700Z,20260884,162,Merkle proof,valid_merkle_proof,accepted,accepted,True,measured
components-20260723T020700Z,20260884,162,Merkle proof,modified_merkle_proof,rejected,rejected,True,measured
components-20260723T020700Z,20260884,162,Latest CAS,valid_cas,accepted,accepted,True,measured
components-20260723T020700Z,20260884,162,Latest CAS,stale_latest_pointer,rejected,rejected,True,measured
components-20260723T020700Z,20260884,162,Latest CAS,skipped_version,rejected,rejected,True,measured
components-20260723T020700Z,20260885,163,Signature,valid_signature,accepted,accepted,True,measured
components-20260723T020700Z,20260885,163,Signature,forged_signature,rejected,rejected,True,measured
components-20260723T020700Z,20260885,163,Signature,modified_signed_payload,rejected,rejected,True,measured
components-20260723T020700Z,20260885,163,AcceptOnce,first_admission,accepted,accepted,True,measured
components-20260723T020700Z,20260885,163,AcceptOnce,idempotent_retransmission,accepted,accepted,True,measured
components-20260723T020700Z,20260885,163,AcceptOnce,counter_conflict,rejected,rejected,True,measured
components-20260723T020700Z,20260885,163,Merkle proof,valid_merkle_proof,accepted,accepted,True,measured
components-20260723T020700Z,20260885,163,Merkle proof,modified_merkle_proof,rejected,rejected,True,measured
components-20260723T020700Z,20260885,163,Latest CAS,valid_cas,accepted,accepted,True,measured
components-20260723T020700Z,20260885,163,Latest CAS,stale_latest_pointer,rejected,rejected,True,measured
components-20260723T020700Z,20260885,163,Latest CAS,skipped_version,rejected,rejected,True,measured
components-20260723T020700Z,20260886,164,Signature,valid_signature,accepted,accepted,True,measured
components-20260723T020700Z,20260886,164,Signature,forged_signature,rejected,rejected,True,measured
components-20260723T020700Z,20260886,164,Signature,modified_signed_payload,rejected,rejected,True,measured
components-20260723T020700Z,20260886,164,AcceptOnce,first_admission,accepted,accepted,True,measured
components-20260723T020700Z,20260886,164,AcceptOnce,idempotent_retransmission,accepted,accepted,True,measured
components-20260723T020700Z,20260886,164,AcceptOnce,counter_conflict,rejected,rejected,True,measured
components-20260723T020700Z,20260886,164,Merkle proof,valid_merkle_proof,accepted,accepted,True,measured
components-20260723T020700Z,20260886,164,Merkle proof,modified_merkle_proof,rejected,rejected,True,measured
components-20260723T020700Z,20260886,164,Latest CAS,valid_cas,accepted,accepted,True,measured
components-20260723T020700Z,20260886,164,Latest CAS,stale_latest_pointer,rejected,rejected,True,measured
components-20260723T020700Z,20260886,164,Latest CAS,skipped_version,rejected,rejected,True,measured
components-20260723T020700Z,20260887,165,Signature,valid_signature,accepted,accepted,True,measured
components-20260723T020700Z,20260887,165,Signature,forged_signature,rejected,rejected,True,measured
components-20260723T020700Z,20260887,165,Signature,modified_signed_payload,rejected,rejected,True,measured
components-20260723T020700Z,20260887,165,AcceptOnce,first_admission,accepted,accepted,True,measured
components-20260723T020700Z,20260887,165,AcceptOnce,idempotent_retransmission,accepted,accepted,True,measured
components-20260723T020700Z,20260887,165,AcceptOnce,counter_conflict,rejected,rejected,True,measured
components-20260723T020700Z,20260887,165,Merkle proof,valid_merkle_proof,accepted,accepted,True,measured
components-20260723T020700Z,20260887,165,Merkle proof,modified_merkle_proof,rejected,rejected,True,measured
components-20260723T020700Z,20260887,165,Latest CAS,valid_cas,accepted,accepted,True,measured
components-20260723T020700Z,20260887,165,Latest CAS,stale_latest_pointer,rejected,rejected,True,measured
components-20260723T020700Z,20260887,165,Latest CAS,skipped_version,rejected,rejected,True,measured
components-20260723T020700Z,20260888,166,Signature,valid_signature,accepted,accepted,True,measured
components-20260723T020700Z,20260888,166,Signature,forged_signature,rejected,rejected,True,measured
components-20260723T020700Z,20260888,166,Signature,modified_signed_payload,rejected,rejected,True,measured
components-20260723T020700Z,20260888,166,AcceptOnce,first_admission,accepted,accepted,True,measured
components-20260723T020700Z,20260888,166,AcceptOnce,idempotent_retransmission,accepted,accepted,True,measured
components-20260723T020700Z,20260888,166,AcceptOnce,counter_conflict,rejected,rejected,True,measured
components-20260723T020700Z,20260888,166,Merkle proof,valid_merkle_proof,accepted,accepted,True,measured
components-20260723T020700Z,20260888,166,Merkle proof,modified_merkle_proof,rejected,rejected,True,measured
components-20260723T020700Z,20260888,166,Latest CAS,valid_cas,accepted,accepted,True,measured
components-20260723T020700Z,20260888,166,Latest CAS,stale_latest_pointer,rejected,rejected,True,measured
components-20260723T020700Z,20260888,166,Latest CAS,skipped_version,rejected,rejected,True,measured
components-20260723T020700Z,20260889,167,Signature,valid_signature,accepted,accepted,True,measured
components-20260723T020700Z,20260889,167,Signature,forged_signature,rejected,rejected,True,measured
components-20260723T020700Z,20260889,167,Signature,modified_signed_payload,rejected,rejected,True,measured
components-20260723T020700Z,20260889,167,AcceptOnce,first_admission,accepted,accepted,True,measured
components-20260723T020700Z,20260889,167,AcceptOnce,idempotent_retransmission,accepted,accepted,True,measured
components-20260723T020700Z,20260889,167,AcceptOnce,counter_conflict,rejected,rejected,True,measured
components-20260723T020700Z,20260889,167,Merkle proof,valid_merkle_proof,accepted,accepted,True,measured
components-20260723T020700Z,20260889,167,Merkle proof,modified_merkle_proof,rejected,rejected,True,measured
components-20260723T020700Z,20260889,167,Latest CAS,valid_cas,accepted,accepted,True,measured
components-20260723T020700Z,20260889,167,Latest CAS,stale_latest_pointer,rejected,rejected,True,measured
components-20260723T020700Z,20260889,167,Latest CAS,skipped_version,rejected,rejected,True,measured
components-20260723T020700Z,20260890,168,Signature,valid_signature,accepted,accepted,True,measured
components-20260723T020700Z,20260890,168,Signature,forged_signature,rejected,rejected,True,measured
components-20260723T020700Z,20260890,168,Signature,modified_signed_payload,rejected,rejected,True,measured
components-20260723T020700Z,20260890,168,AcceptOnce,first_admission,accepted,accepted,True,measured
components-20260723T020700Z,20260890,168,AcceptOnce,idempotent_retransmission,accepted,accepted,True,measured
components-20260723T020700Z,20260890,168,AcceptOnce,counter_conflict,rejected,rejected,True,measured
components-20260723T020700Z,20260890,168,Merkle proof,valid_merkle_proof,accepted,accepted,True,measured
components-20260723T020700Z,20260890,168,Merkle proof,modified_merkle_proof,rejected,rejected,True,measured
components-20260723T020700Z,20260890,168,Latest CAS,valid_cas,accepted,accepted,True,measured
components-20260723T020700Z,20260890,168,Latest CAS,stale_latest_pointer,rejected,rejected,True,measured
components-20260723T020700Z,20260890,168,Latest CAS,skipped_version,rejected,rejected,True,measured
components-20260723T020700Z,20260891,169,Signature,valid_signature,accepted,accepted,True,measured
components-20260723T020700Z,20260891,169,Signature,forged_signature,rejected,rejected,True,measured
components-20260723T020700Z,20260891,169,Signature,modified_signed_payload,rejected,rejected,True,measured
components-20260723T020700Z,20260891,169,AcceptOnce,first_admission,accepted,accepted,True,measured
components-20260723T020700Z,20260891,169,AcceptOnce,idempotent_retransmission,accepted,accepted,True,measured
components-20260723T020700Z,20260891,169,AcceptOnce,counter_conflict,rejected,rejected,True,measured
components-20260723T020700Z,20260891,169,Merkle proof,valid_merkle_proof,accepted,accepted,True,measured
components-20260723T020700Z,20260891,169,Merkle proof,modified_merkle_proof,rejected,rejected,True,measured
components-20260723T020700Z,20260891,169,Latest CAS,valid_cas,accepted,accepted,True,measured
components-20260723T020700Z,20260891,169,Latest CAS,stale_latest_pointer,rejected,rejected,True,measured
components-20260723T020700Z,20260891,169,Latest CAS,skipped_version,rejected,rejected,True,measured
components-20260723T020700Z,20260892,170,Signature,valid_signature,accepted,accepted,True,measured
components-20260723T020700Z,20260892,170,Signature,forged_signature,rejected,rejected,True,measured
components-20260723T020700Z,20260892,170,Signature,modified_signed_payload,rejected,rejected,True,measured
components-20260723T020700Z,20260892,170,AcceptOnce,first_admission,accepted,accepted,True,measured
components-20260723T020700Z,20260892,170,AcceptOnce,idempotent_retransmission,accepted,accepted,True,measured
components-20260723T020700Z,20260892,170,AcceptOnce,counter_conflict,rejected,rejected,True,measured
components-20260723T020700Z,20260892,170,Merkle proof,valid_merkle_proof,accepted,accepted,True,measured
components-20260723T020700Z,20260892,170,Merkle proof,modified_merkle_proof,rejected,rejected,True,measured
components-20260723T020700Z,20260892,170,Latest CAS,valid_cas,accepted,accepted,True,measured
components-20260723T020700Z,20260892,170,Latest CAS,stale_latest_pointer,rejected,rejected,True,measured
components-20260723T020700Z,20260892,170,Latest CAS,skipped_version,rejected,rejected,True,measured
components-20260723T020700Z,20260893,171,Signature,valid_signature,accepted,accepted,True,measured
components-20260723T020700Z,20260893,171,Signature,forged_signature,rejected,rejected,True,measured
components-20260723T020700Z,20260893,171,Signature,modified_signed_payload,rejected,rejected,True,measured
components-20260723T020700Z,20260893,171,AcceptOnce,first_admission,accepted,accepted,True,measured
components-20260723T020700Z,20260893,171,AcceptOnce,idempotent_retransmission,accepted,accepted,True,measured
components-20260723T020700Z,20260893,171,AcceptOnce,counter_conflict,rejected,rejected,True,measured
components-20260723T020700Z,20260893,171,Merkle proof,valid_merkle_proof,accepted,accepted,True,measured
components-20260723T020700Z,20260893,171,Merkle proof,modified_merkle_proof,rejected,rejected,True,measured
components-20260723T020700Z,20260893,171,Latest CAS,valid_cas,accepted,accepted,True,measured
components-20260723T020700Z,20260893,171,Latest CAS,stale_latest_pointer,rejected,rejected,True,measured
components-20260723T020700Z,20260893,171,Latest CAS,skipped_version,rejected,rejected,True,measured
components-20260723T020700Z,20260894,172,Signature,valid_signature,accepted,accepted,True,measured
components-20260723T020700Z,20260894,172,Signature,forged_signature,rejected,rejected,True,measured
components-20260723T020700Z,20260894,172,Signature,modified_signed_payload,rejected,rejected,True,measured
components-20260723T020700Z,20260894,172,AcceptOnce,first_admission,accepted,accepted,True,measured
components-20260723T020700Z,20260894,172,AcceptOnce,idempotent_retransmission,accepted,accepted,True,measured
components-20260723T020700Z,20260894,172,AcceptOnce,counter_conflict,rejected,rejected,True,measured
components-20260723T020700Z,20260894,172,Merkle proof,valid_merkle_proof,accepted,accepted,True,measured
components-20260723T020700Z,20260894,172,Merkle proof,modified_merkle_proof,rejected,rejected,True,measured
components-20260723T020700Z,20260894,172,Latest CAS,valid_cas,accepted,accepted,True,measured
components-20260723T020700Z,20260894,172,Latest CAS,stale_latest_pointer,rejected,rejected,True,measured
components-20260723T020700Z,20260894,172,Latest CAS,skipped_version,rejected,rejected,True,measured
components-20260723T020700Z,20260895,173,Signature,valid_signature,accepted,accepted,True,measured
components-20260723T020700Z,20260895,173,Signature,forged_signature,rejected,rejected,True,measured
components-20260723T020700Z,20260895,173,Signature,modified_signed_payload,rejected,rejected,True,measured
components-20260723T020700Z,20260895,173,AcceptOnce,first_admission,accepted,accepted,True,measured
components-20260723T020700Z,20260895,173,AcceptOnce,idempotent_retransmission,accepted,accepted,True,measured
components-20260723T020700Z,20260895,173,AcceptOnce,counter_conflict,rejected,rejected,True,measured
components-20260723T020700Z,20260895,173,Merkle proof,valid_merkle_proof,accepted,accepted,True,measured
components-20260723T020700Z,20260895,173,Merkle proof,modified_merkle_proof,rejected,rejected,True,measured
components-20260723T020700Z,20260895,173,Latest CAS,valid_cas,accepted,accepted,True,measured
components-20260723T020700Z,20260895,173,Latest CAS,stale_latest_pointer,rejected,rejected,True,measured
components-20260723T020700Z,20260895,173,Latest CAS,skipped_version,rejected,rejected,True,measured
components-20260723T020700Z,20260896,174,Signature,valid_signature,accepted,accepted,True,measured
components-20260723T020700Z,20260896,174,Signature,forged_signature,rejected,rejected,True,measured
components-20260723T020700Z,20260896,174,Signature,modified_signed_payload,rejected,rejected,True,measured
components-20260723T020700Z,20260896,174,AcceptOnce,first_admission,accepted,accepted,True,measured
components-20260723T020700Z,20260896,174,AcceptOnce,idempotent_retransmission,accepted,accepted,True,measured
components-20260723T020700Z,20260896,174,AcceptOnce,counter_conflict,rejected,rejected,True,measured
components-20260723T020700Z,20260896,174,Merkle proof,valid_merkle_proof,accepted,accepted,True,measured
components-20260723T020700Z,20260896,174,Merkle proof,modified_merkle_proof,rejected,rejected,True,measured
components-20260723T020700Z,20260896,174,Latest CAS,valid_cas,accepted,accepted,True,measured
components-20260723T020700Z,20260896,174,Latest CAS,stale_latest_pointer,rejected,rejected,True,measured
components-20260723T020700Z,20260896,174,Latest CAS,skipped_version,rejected,rejected,True,measured
components-20260723T020700Z,20260897,175,Signature,valid_signature,accepted,accepted,True,measured
components-20260723T020700Z,20260897,175,Signature,forged_signature,rejected,rejected,True,measured
components-20260723T020700Z,20260897,175,Signature,modified_signed_payload,rejected,rejected,True,measured
components-20260723T020700Z,20260897,175,AcceptOnce,first_admission,accepted,accepted,True,measured
components-20260723T020700Z,20260897,175,AcceptOnce,idempotent_retransmission,accepted,accepted,True,measured
components-20260723T020700Z,20260897,175,AcceptOnce,counter_conflict,rejected,rejected,True,measured
components-20260723T020700Z,20260897,175,Merkle proof,valid_merkle_proof,accepted,accepted,True,measured
components-20260723T020700Z,20260897,175,Merkle proof,modified_merkle_proof,rejected,rejected,True,measured
components-20260723T020700Z,20260897,175,Latest CAS,valid_cas,accepted,accepted,True,measured
components-20260723T020700Z,20260897,175,Latest CAS,stale_latest_pointer,rejected,rejected,True,measured
components-20260723T020700Z,20260897,175,Latest CAS,skipped_version,rejected,rejected,True,measured
components-20260723T020700Z,20260898,176,Signature,valid_signature,accepted,accepted,True,measured
components-20260723T020700Z,20260898,176,Signature,forged_signature,rejected,rejected,True,measured
components-20260723T020700Z,20260898,176,Signature,modified_signed_payload,rejected,rejected,True,measured
components-20260723T020700Z,20260898,176,AcceptOnce,first_admission,accepted,accepted,True,measured
components-20260723T020700Z,20260898,176,AcceptOnce,idempotent_retransmission,accepted,accepted,True,measured
components-20260723T020700Z,20260898,176,AcceptOnce,counter_conflict,rejected,rejected,True,measured
components-20260723T020700Z,20260898,176,Merkle proof,valid_merkle_proof,accepted,accepted,True,measured
components-20260723T020700Z,20260898,176,Merkle proof,modified_merkle_proof,rejected,rejected,True,measured
components-20260723T020700Z,20260898,176,Latest CAS,valid_cas,accepted,accepted,True,measured
components-20260723T020700Z,20260898,176,Latest CAS,stale_latest_pointer,rejected,rejected,True,measured
components-20260723T020700Z,20260898,176,Latest CAS,skipped_version,rejected,rejected,True,measured
components-20260723T020700Z,20260899,177,Signature,valid_signature,accepted,accepted,True,measured
components-20260723T020700Z,20260899,177,Signature,forged_signature,rejected,rejected,True,measured
components-20260723T020700Z,20260899,177,Signature,modified_signed_payload,rejected,rejected,True,measured
components-20260723T020700Z,20260899,177,AcceptOnce,first_admission,accepted,accepted,True,measured
components-20260723T020700Z,20260899,177,AcceptOnce,idempotent_retransmission,accepted,accepted,True,measured
components-20260723T020700Z,20260899,177,AcceptOnce,counter_conflict,rejected,rejected,True,measured
components-20260723T020700Z,20260899,177,Merkle proof,valid_merkle_proof,accepted,accepted,True,measured
components-20260723T020700Z,20260899,177,Merkle proof,modified_merkle_proof,rejected,rejected,True,measured
components-20260723T020700Z,20260899,177,Latest CAS,valid_cas,accepted,accepted,True,measured
components-20260723T020700Z,20260899,177,Latest CAS,stale_latest_pointer,rejected,rejected,True,measured
components-20260723T020700Z,20260899,177,Latest CAS,skipped_version,rejected,rejected,True,measured
components-20260723T020700Z,20260900,178,Signature,valid_signature,accepted,accepted,True,measured
components-20260723T020700Z,20260900,178,Signature,forged_signature,rejected,rejected,True,measured
components-20260723T020700Z,20260900,178,Signature,modified_signed_payload,rejected,rejected,True,measured
components-20260723T020700Z,20260900,178,AcceptOnce,first_admission,accepted,accepted,True,measured
components-20260723T020700Z,20260900,178,AcceptOnce,idempotent_retransmission,accepted,accepted,True,measured
components-20260723T020700Z,20260900,178,AcceptOnce,counter_conflict,rejected,rejected,True,measured
components-20260723T020700Z,20260900,178,Merkle proof,valid_merkle_proof,accepted,accepted,True,measured
components-20260723T020700Z,20260900,178,Merkle proof,modified_merkle_proof,rejected,rejected,True,measured
components-20260723T020700Z,20260900,178,Latest CAS,valid_cas,accepted,accepted,True,measured
components-20260723T020700Z,20260900,178,Latest CAS,stale_latest_pointer,rejected,rejected,True,measured
components-20260723T020700Z,20260900,178,Latest CAS,skipped_version,rejected,rejected,True,measured
components-20260723T020700Z,20260901,179,Signature,valid_signature,accepted,accepted,True,measured
components-20260723T020700Z,20260901,179,Signature,forged_signature,rejected,rejected,True,measured
components-20260723T020700Z,20260901,179,Signature,modified_signed_payload,rejected,rejected,True,measured
components-20260723T020700Z,20260901,179,AcceptOnce,first_admission,accepted,accepted,True,measured
components-20260723T020700Z,20260901,179,AcceptOnce,idempotent_retransmission,accepted,accepted,True,measured
components-20260723T020700Z,20260901,179,AcceptOnce,counter_conflict,rejected,rejected,True,measured
components-20260723T020700Z,20260901,179,Merkle proof,valid_merkle_proof,accepted,accepted,True,measured
components-20260723T020700Z,20260901,179,Merkle proof,modified_merkle_proof,rejected,rejected,True,measured
components-20260723T020700Z,20260901,179,Latest CAS,valid_cas,accepted,accepted,True,measured
components-20260723T020700Z,20260901,179,Latest CAS,stale_latest_pointer,rejected,rejected,True,measured
components-20260723T020700Z,20260901,179,Latest CAS,skipped_version,rejected,rejected,True,measured
components-20260723T020700Z,20260902,180,Signature,valid_signature,accepted,accepted,True,measured
components-20260723T020700Z,20260902,180,Signature,forged_signature,rejected,rejected,True,measured
components-20260723T020700Z,20260902,180,Signature,modified_signed_payload,rejected,rejected,True,measured
components-20260723T020700Z,20260902,180,AcceptOnce,first_admission,accepted,accepted,True,measured
components-20260723T020700Z,20260902,180,AcceptOnce,idempotent_retransmission,accepted,accepted,True,measured
components-20260723T020700Z,20260902,180,AcceptOnce,counter_conflict,rejected,rejected,True,measured
components-20260723T020700Z,20260902,180,Merkle proof,valid_merkle_proof,accepted,accepted,True,measured
components-20260723T020700Z,20260902,180,Merkle proof,modified_merkle_proof,rejected,rejected,True,measured
components-20260723T020700Z,20260902,180,Latest CAS,valid_cas,accepted,accepted,True,measured
components-20260723T020700Z,20260902,180,Latest CAS,stale_latest_pointer,rejected,rejected,True,measured
components-20260723T020700Z,20260902,180,Latest CAS,skipped_version,rejected,rejected,True,measured
components-20260723T020700Z,20260903,181,Signature,valid_signature,accepted,accepted,True,measured
components-20260723T020700Z,20260903,181,Signature,forged_signature,rejected,rejected,True,measured
components-20260723T020700Z,20260903,181,Signature,modified_signed_payload,rejected,rejected,True,measured
components-20260723T020700Z,20260903,181,AcceptOnce,first_admission,accepted,accepted,True,measured
components-20260723T020700Z,20260903,181,AcceptOnce,idempotent_retransmission,accepted,accepted,True,measured
components-20260723T020700Z,20260903,181,AcceptOnce,counter_conflict,rejected,rejected,True,measured
components-20260723T020700Z,20260903,181,Merkle proof,valid_merkle_proof,accepted,accepted,True,measured
components-20260723T020700Z,20260903,181,Merkle proof,modified_merkle_proof,rejected,rejected,True,measured
components-20260723T020700Z,20260903,181,Latest CAS,valid_cas,accepted,accepted,True,measured
components-20260723T020700Z,20260903,181,Latest CAS,stale_latest_pointer,rejected,rejected,True,measured
components-20260723T020700Z,20260903,181,Latest CAS,skipped_version,rejected,rejected,True,measured
components-20260723T020700Z,20260904,182,Signature,valid_signature,accepted,accepted,True,measured
components-20260723T020700Z,20260904,182,Signature,forged_signature,rejected,rejected,True,measured
components-20260723T020700Z,20260904,182,Signature,modified_signed_payload,rejected,rejected,True,measured
components-20260723T020700Z,20260904,182,AcceptOnce,first_admission,accepted,accepted,True,measured
components-20260723T020700Z,20260904,182,AcceptOnce,idempotent_retransmission,accepted,accepted,True,measured
components-20260723T020700Z,20260904,182,AcceptOnce,counter_conflict,rejected,rejected,True,measured
components-20260723T020700Z,20260904,182,Merkle proof,valid_merkle_proof,accepted,accepted,True,measured
components-20260723T020700Z,20260904,182,Merkle proof,modified_merkle_proof,rejected,rejected,True,measured
components-20260723T020700Z,20260904,182,Latest CAS,valid_cas,accepted,accepted,True,measured
components-20260723T020700Z,20260904,182,Latest CAS,stale_latest_pointer,rejected,rejected,True,measured
components-20260723T020700Z,20260904,182,Latest CAS,skipped_version,rejected,rejected,True,measured
components-20260723T020700Z,20260905,183,Signature,valid_signature,accepted,accepted,True,measured
components-20260723T020700Z,20260905,183,Signature,forged_signature,rejected,rejected,True,measured
components-20260723T020700Z,20260905,183,Signature,modified_signed_payload,rejected,rejected,True,measured
components-20260723T020700Z,20260905,183,AcceptOnce,first_admission,accepted,accepted,True,measured
components-20260723T020700Z,20260905,183,AcceptOnce,idempotent_retransmission,accepted,accepted,True,measured
components-20260723T020700Z,20260905,183,AcceptOnce,counter_conflict,rejected,rejected,True,measured
components-20260723T020700Z,20260905,183,Merkle proof,valid_merkle_proof,accepted,accepted,True,measured
components-20260723T020700Z,20260905,183,Merkle proof,modified_merkle_proof,rejected,rejected,True,measured
components-20260723T020700Z,20260905,183,Latest CAS,valid_cas,accepted,accepted,True,measured
components-20260723T020700Z,20260905,183,Latest CAS,stale_latest_pointer,rejected,rejected,True,measured
components-20260723T020700Z,20260905,183,Latest CAS,skipped_version,rejected,rejected,True,measured
components-20260723T020700Z,20260906,184,Signature,valid_signature,accepted,accepted,True,measured
components-20260723T020700Z,20260906,184,Signature,forged_signature,rejected,rejected,True,measured
components-20260723T020700Z,20260906,184,Signature,modified_signed_payload,rejected,rejected,True,measured
components-20260723T020700Z,20260906,184,AcceptOnce,first_admission,accepted,accepted,True,measured
components-20260723T020700Z,20260906,184,AcceptOnce,idempotent_retransmission,accepted,accepted,True,measured
components-20260723T020700Z,20260906,184,AcceptOnce,counter_conflict,rejected,rejected,True,measured
components-20260723T020700Z,20260906,184,Merkle proof,valid_merkle_proof,accepted,accepted,True,measured
components-20260723T020700Z,20260906,184,Merkle proof,modified_merkle_proof,rejected,rejected,True,measured
components-20260723T020700Z,20260906,184,Latest CAS,valid_cas,accepted,accepted,True,measured
components-20260723T020700Z,20260906,184,Latest CAS,stale_latest_pointer,rejected,rejected,True,measured
components-20260723T020700Z,20260906,184,Latest CAS,skipped_version,rejected,rejected,True,measured
components-20260723T020700Z,20260907,185,Signature,valid_signature,accepted,accepted,True,measured
components-20260723T020700Z,20260907,185,Signature,forged_signature,rejected,rejected,True,measured
components-20260723T020700Z,20260907,185,Signature,modified_signed_payload,rejected,rejected,True,measured
components-20260723T020700Z,20260907,185,AcceptOnce,first_admission,accepted,accepted,True,measured
components-20260723T020700Z,20260907,185,AcceptOnce,idempotent_retransmission,accepted,accepted,True,measured
components-20260723T020700Z,20260907,185,AcceptOnce,counter_conflict,rejected,rejected,True,measured
components-20260723T020700Z,20260907,185,Merkle proof,valid_merkle_proof,accepted,accepted,True,measured
components-20260723T020700Z,20260907,185,Merkle proof,modified_merkle_proof,rejected,rejected,True,measured
components-20260723T020700Z,20260907,185,Latest CAS,valid_cas,accepted,accepted,True,measured
components-20260723T020700Z,20260907,185,Latest CAS,stale_latest_pointer,rejected,rejected,True,measured
components-20260723T020700Z,20260907,185,Latest CAS,skipped_version,rejected,rejected,True,measured
components-20260723T020700Z,20260908,186,Signature,valid_signature,accepted,accepted,True,measured
components-20260723T020700Z,20260908,186,Signature,forged_signature,rejected,rejected,True,measured
components-20260723T020700Z,20260908,186,Signature,modified_signed_payload,rejected,rejected,True,measured
components-20260723T020700Z,20260908,186,AcceptOnce,first_admission,accepted,accepted,True,measured
components-20260723T020700Z,20260908,186,AcceptOnce,idempotent_retransmission,accepted,accepted,True,measured
components-20260723T020700Z,20260908,186,AcceptOnce,counter_conflict,rejected,rejected,True,measured
components-20260723T020700Z,20260908,186,Merkle proof,valid_merkle_proof,accepted,accepted,True,measured
components-20260723T020700Z,20260908,186,Merkle proof,modified_merkle_proof,rejected,rejected,True,measured
components-20260723T020700Z,20260908,186,Latest CAS,valid_cas,accepted,accepted,True,measured
components-20260723T020700Z,20260908,186,Latest CAS,stale_latest_pointer,rejected,rejected,True,measured
components-20260723T020700Z,20260908,186,Latest CAS,skipped_version,rejected,rejected,True,measured
components-20260723T020700Z,20260909,187,Signature,valid_signature,accepted,accepted,True,measured
components-20260723T020700Z,20260909,187,Signature,forged_signature,rejected,rejected,True,measured
components-20260723T020700Z,20260909,187,Signature,modified_signed_payload,rejected,rejected,True,measured
components-20260723T020700Z,20260909,187,AcceptOnce,first_admission,accepted,accepted,True,measured
components-20260723T020700Z,20260909,187,AcceptOnce,idempotent_retransmission,accepted,accepted,True,measured
components-20260723T020700Z,20260909,187,AcceptOnce,counter_conflict,rejected,rejected,True,measured
components-20260723T020700Z,20260909,187,Merkle proof,valid_merkle_proof,accepted,accepted,True,measured
components-20260723T020700Z,20260909,187,Merkle proof,modified_merkle_proof,rejected,rejected,True,measured
components-20260723T020700Z,20260909,187,Latest CAS,valid_cas,accepted,accepted,True,measured
components-20260723T020700Z,20260909,187,Latest CAS,stale_latest_pointer,rejected,rejected,True,measured
components-20260723T020700Z,20260909,187,Latest CAS,skipped_version,rejected,rejected,True,measured
components-20260723T020700Z,20260910,188,Signature,valid_signature,accepted,accepted,True,measured
components-20260723T020700Z,20260910,188,Signature,forged_signature,rejected,rejected,True,measured
components-20260723T020700Z,20260910,188,Signature,modified_signed_payload,rejected,rejected,True,measured
components-20260723T020700Z,20260910,188,AcceptOnce,first_admission,accepted,accepted,True,measured
components-20260723T020700Z,20260910,188,AcceptOnce,idempotent_retransmission,accepted,accepted,True,measured
components-20260723T020700Z,20260910,188,AcceptOnce,counter_conflict,rejected,rejected,True,measured
components-20260723T020700Z,20260910,188,Merkle proof,valid_merkle_proof,accepted,accepted,True,measured
components-20260723T020700Z,20260910,188,Merkle proof,modified_merkle_proof,rejected,rejected,True,measured
components-20260723T020700Z,20260910,188,Latest CAS,valid_cas,accepted,accepted,True,measured
components-20260723T020700Z,20260910,188,Latest CAS,stale_latest_pointer,rejected,rejected,True,measured
components-20260723T020700Z,20260910,188,Latest CAS,skipped_version,rejected,rejected,True,measured
components-20260723T020700Z,20260911,189,Signature,valid_signature,accepted,accepted,True,measured
components-20260723T020700Z,20260911,189,Signature,forged_signature,rejected,rejected,True,measured
components-20260723T020700Z,20260911,189,Signature,modified_signed_payload,rejected,rejected,True,measured
components-20260723T020700Z,20260911,189,AcceptOnce,first_admission,accepted,accepted,True,measured
components-20260723T020700Z,20260911,189,AcceptOnce,idempotent_retransmission,accepted,accepted,True,measured
components-20260723T020700Z,20260911,189,AcceptOnce,counter_conflict,rejected,rejected,True,measured
components-20260723T020700Z,20260911,189,Merkle proof,valid_merkle_proof,accepted,accepted,True,measured
components-20260723T020700Z,20260911,189,Merkle proof,modified_merkle_proof,rejected,rejected,True,measured
components-20260723T020700Z,20260911,189,Latest CAS,valid_cas,accepted,accepted,True,measured
components-20260723T020700Z,20260911,189,Latest CAS,stale_latest_pointer,rejected,rejected,True,measured
components-20260723T020700Z,20260911,189,Latest CAS,skipped_version,rejected,rejected,True,measured
components-20260723T020700Z,20260912,190,Signature,valid_signature,accepted,accepted,True,measured
components-20260723T020700Z,20260912,190,Signature,forged_signature,rejected,rejected,True,measured
components-20260723T020700Z,20260912,190,Signature,modified_signed_payload,rejected,rejected,True,measured
components-20260723T020700Z,20260912,190,AcceptOnce,first_admission,accepted,accepted,True,measured
components-20260723T020700Z,20260912,190,AcceptOnce,idempotent_retransmission,accepted,accepted,True,measured
components-20260723T020700Z,20260912,190,AcceptOnce,counter_conflict,rejected,rejected,True,measured
components-20260723T020700Z,20260912,190,Merkle proof,valid_merkle_proof,accepted,accepted,True,measured
components-20260723T020700Z,20260912,190,Merkle proof,modified_merkle_proof,rejected,rejected,True,measured
components-20260723T020700Z,20260912,190,Latest CAS,valid_cas,accepted,accepted,True,measured
components-20260723T020700Z,20260912,190,Latest CAS,stale_latest_pointer,rejected,rejected,True,measured
components-20260723T020700Z,20260912,190,Latest CAS,skipped_version,rejected,rejected,True,measured
components-20260723T020700Z,20260913,191,Signature,valid_signature,accepted,accepted,True,measured
components-20260723T020700Z,20260913,191,Signature,forged_signature,rejected,rejected,True,measured
components-20260723T020700Z,20260913,191,Signature,modified_signed_payload,rejected,rejected,True,measured
components-20260723T020700Z,20260913,191,AcceptOnce,first_admission,accepted,accepted,True,measured
components-20260723T020700Z,20260913,191,AcceptOnce,idempotent_retransmission,accepted,accepted,True,measured
components-20260723T020700Z,20260913,191,AcceptOnce,counter_conflict,rejected,rejected,True,measured
components-20260723T020700Z,20260913,191,Merkle proof,valid_merkle_proof,accepted,accepted,True,measured
components-20260723T020700Z,20260913,191,Merkle proof,modified_merkle_proof,rejected,rejected,True,measured
components-20260723T020700Z,20260913,191,Latest CAS,valid_cas,accepted,accepted,True,measured
components-20260723T020700Z,20260913,191,Latest CAS,stale_latest_pointer,rejected,rejected,True,measured
components-20260723T020700Z,20260913,191,Latest CAS,skipped_version,rejected,rejected,True,measured
components-20260723T020700Z,20260914,192,Signature,valid_signature,accepted,accepted,True,measured
components-20260723T020700Z,20260914,192,Signature,forged_signature,rejected,rejected,True,measured
components-20260723T020700Z,20260914,192,Signature,modified_signed_payload,rejected,rejected,True,measured
components-20260723T020700Z,20260914,192,AcceptOnce,first_admission,accepted,accepted,True,measured
components-20260723T020700Z,20260914,192,AcceptOnce,idempotent_retransmission,accepted,accepted,True,measured
components-20260723T020700Z,20260914,192,AcceptOnce,counter_conflict,rejected,rejected,True,measured
components-20260723T020700Z,20260914,192,Merkle proof,valid_merkle_proof,accepted,accepted,True,measured
components-20260723T020700Z,20260914,192,Merkle proof,modified_merkle_proof,rejected,rejected,True,measured
components-20260723T020700Z,20260914,192,Latest CAS,valid_cas,accepted,accepted,True,measured
components-20260723T020700Z,20260914,192,Latest CAS,stale_latest_pointer,rejected,rejected,True,measured
components-20260723T020700Z,20260914,192,Latest CAS,skipped_version,rejected,rejected,True,measured
components-20260723T020700Z,20260915,193,Signature,valid_signature,accepted,accepted,True,measured
components-20260723T020700Z,20260915,193,Signature,forged_signature,rejected,rejected,True,measured
components-20260723T020700Z,20260915,193,Signature,modified_signed_payload,rejected,rejected,True,measured
components-20260723T020700Z,20260915,193,AcceptOnce,first_admission,accepted,accepted,True,measured
components-20260723T020700Z,20260915,193,AcceptOnce,idempotent_retransmission,accepted,accepted,True,measured
components-20260723T020700Z,20260915,193,AcceptOnce,counter_conflict,rejected,rejected,True,measured
components-20260723T020700Z,20260915,193,Merkle proof,valid_merkle_proof,accepted,accepted,True,measured
components-20260723T020700Z,20260915,193,Merkle proof,modified_merkle_proof,rejected,rejected,True,measured
components-20260723T020700Z,20260915,193,Latest CAS,valid_cas,accepted,accepted,True,measured
components-20260723T020700Z,20260915,193,Latest CAS,stale_latest_pointer,rejected,rejected,True,measured
components-20260723T020700Z,20260915,193,Latest CAS,skipped_version,rejected,rejected,True,measured
components-20260723T020700Z,20260916,194,Signature,valid_signature,accepted,accepted,True,measured
components-20260723T020700Z,20260916,194,Signature,forged_signature,rejected,rejected,True,measured
components-20260723T020700Z,20260916,194,Signature,modified_signed_payload,rejected,rejected,True,measured
components-20260723T020700Z,20260916,194,AcceptOnce,first_admission,accepted,accepted,True,measured
components-20260723T020700Z,20260916,194,AcceptOnce,idempotent_retransmission,accepted,accepted,True,measured
components-20260723T020700Z,20260916,194,AcceptOnce,counter_conflict,rejected,rejected,True,measured
components-20260723T020700Z,20260916,194,Merkle proof,valid_merkle_proof,accepted,accepted,True,measured
components-20260723T020700Z,20260916,194,Merkle proof,modified_merkle_proof,rejected,rejected,True,measured
components-20260723T020700Z,20260916,194,Latest CAS,valid_cas,accepted,accepted,True,measured
components-20260723T020700Z,20260916,194,Latest CAS,stale_latest_pointer,rejected,rejected,True,measured
components-20260723T020700Z,20260916,194,Latest CAS,skipped_version,rejected,rejected,True,measured
components-20260723T020700Z,20260917,195,Signature,valid_signature,accepted,accepted,True,measured
components-20260723T020700Z,20260917,195,Signature,forged_signature,rejected,rejected,True,measured
components-20260723T020700Z,20260917,195,Signature,modified_signed_payload,rejected,rejected,True,measured
components-20260723T020700Z,20260917,195,AcceptOnce,first_admission,accepted,accepted,True,measured
components-20260723T020700Z,20260917,195,AcceptOnce,idempotent_retransmission,accepted,accepted,True,measured
components-20260723T020700Z,20260917,195,AcceptOnce,counter_conflict,rejected,rejected,True,measured
components-20260723T020700Z,20260917,195,Merkle proof,valid_merkle_proof,accepted,accepted,True,measured
components-20260723T020700Z,20260917,195,Merkle proof,modified_merkle_proof,rejected,rejected,True,measured
components-20260723T020700Z,20260917,195,Latest CAS,valid_cas,accepted,accepted,True,measured
components-20260723T020700Z,20260917,195,Latest CAS,stale_latest_pointer,rejected,rejected,True,measured
components-20260723T020700Z,20260917,195,Latest CAS,skipped_version,rejected,rejected,True,measured
components-20260723T020700Z,20260918,196,Signature,valid_signature,accepted,accepted,True,measured
components-20260723T020700Z,20260918,196,Signature,forged_signature,rejected,rejected,True,measured
components-20260723T020700Z,20260918,196,Signature,modified_signed_payload,rejected,rejected,True,measured
components-20260723T020700Z,20260918,196,AcceptOnce,first_admission,accepted,accepted,True,measured
components-20260723T020700Z,20260918,196,AcceptOnce,idempotent_retransmission,accepted,accepted,True,measured
components-20260723T020700Z,20260918,196,AcceptOnce,counter_conflict,rejected,rejected,True,measured
components-20260723T020700Z,20260918,196,Merkle proof,valid_merkle_proof,accepted,accepted,True,measured
components-20260723T020700Z,20260918,196,Merkle proof,modified_merkle_proof,rejected,rejected,True,measured
components-20260723T020700Z,20260918,196,Latest CAS,valid_cas,accepted,accepted,True,measured
components-20260723T020700Z,20260918,196,Latest CAS,stale_latest_pointer,rejected,rejected,True,measured
components-20260723T020700Z,20260918,196,Latest CAS,skipped_version,rejected,rejected,True,measured
components-20260723T020700Z,20260919,197,Signature,valid_signature,accepted,accepted,True,measured
components-20260723T020700Z,20260919,197,Signature,forged_signature,rejected,rejected,True,measured
components-20260723T020700Z,20260919,197,Signature,modified_signed_payload,rejected,rejected,True,measured
components-20260723T020700Z,20260919,197,AcceptOnce,first_admission,accepted,accepted,True,measured
components-20260723T020700Z,20260919,197,AcceptOnce,idempotent_retransmission,accepted,accepted,True,measured
components-20260723T020700Z,20260919,197,AcceptOnce,counter_conflict,rejected,rejected,True,measured
components-20260723T020700Z,20260919,197,Merkle proof,valid_merkle_proof,accepted,accepted,True,measured
components-20260723T020700Z,20260919,197,Merkle proof,modified_merkle_proof,rejected,rejected,True,measured
components-20260723T020700Z,20260919,197,Latest CAS,valid_cas,accepted,accepted,True,measured
components-20260723T020700Z,20260919,197,Latest CAS,stale_latest_pointer,rejected,rejected,True,measured
components-20260723T020700Z,20260919,197,Latest CAS,skipped_version,rejected,rejected,True,measured
components-20260723T020700Z,20260920,198,Signature,valid_signature,accepted,accepted,True,measured
components-20260723T020700Z,20260920,198,Signature,forged_signature,rejected,rejected,True,measured
components-20260723T020700Z,20260920,198,Signature,modified_signed_payload,rejected,rejected,True,measured
components-20260723T020700Z,20260920,198,AcceptOnce,first_admission,accepted,accepted,True,measured
components-20260723T020700Z,20260920,198,AcceptOnce,idempotent_retransmission,accepted,accepted,True,measured
components-20260723T020700Z,20260920,198,AcceptOnce,counter_conflict,rejected,rejected,True,measured
components-20260723T020700Z,20260920,198,Merkle proof,valid_merkle_proof,accepted,accepted,True,measured
components-20260723T020700Z,20260920,198,Merkle proof,modified_merkle_proof,rejected,rejected,True,measured
components-20260723T020700Z,20260920,198,Latest CAS,valid_cas,accepted,accepted,True,measured
components-20260723T020700Z,20260920,198,Latest CAS,stale_latest_pointer,rejected,rejected,True,measured
components-20260723T020700Z,20260920,198,Latest CAS,skipped_version,rejected,rejected,True,measured
components-20260723T020700Z,20260921,199,Signature,valid_signature,accepted,accepted,True,measured
components-20260723T020700Z,20260921,199,Signature,forged_signature,rejected,rejected,True,measured
components-20260723T020700Z,20260921,199,Signature,modified_signed_payload,rejected,rejected,True,measured
components-20260723T020700Z,20260921,199,AcceptOnce,first_admission,accepted,accepted,True,measured
components-20260723T020700Z,20260921,199,AcceptOnce,idempotent_retransmission,accepted,accepted,True,measured
components-20260723T020700Z,20260921,199,AcceptOnce,counter_conflict,rejected,rejected,True,measured
components-20260723T020700Z,20260921,199,Merkle proof,valid_merkle_proof,accepted,accepted,True,measured
components-20260723T020700Z,20260921,199,Merkle proof,modified_merkle_proof,rejected,rejected,True,measured
components-20260723T020700Z,20260921,199,Latest CAS,valid_cas,accepted,accepted,True,measured
components-20260723T020700Z,20260921,199,Latest CAS,stale_latest_pointer,rejected,rejected,True,measured
components-20260723T020700Z,20260921,199,Latest CAS,skipped_version,rejected,rejected,True,measured
