run_id,seed,batch_size,repetition,stage,duration_ns,record_count,late_count,provenance
python-20260723T020649Z,621553246858843935,16,0,sign_batch,604860,16,1,measured
python-20260723T020649Z,621553246858843935,16,0,late_rebuild,37345,16,1,measured
python-20260723T020649Z,621553246858843935,16,0,verify_batch,1759268,16,1,measured
python-20260723T020649Z,621553246858843935,16,0,merkle_build,17156,16,1,measured
python-20260723T020649Z,621553246858843935,16,0,proof_verify,17797,16,1,measured
python-20260723T020649Z,621553246858843935,16,0,signature_admission_batch,1848141,16,1,measured
python-20260723T020649Z,621553246858843935,16,1,late_rebuild,38036,16,1,measured
python-20260723T020649Z,621553246858843935,16,1,proof_verify,9714,16,1,measured
python-20260723T020649Z,621553246858843935,16,1,sign_batch,585321,16,1,measured
python-20260723T020649Z,621553246858843935,16,1,verify_batch,1912316,16,1,measured
python-20260723T020649Z,621553246858843935,16,1,signature_admission_batch,2407063,16,1,measured
python-20260723T020649Z,621553246858843935,16,1,merkle_build,24937,16,1,measured
python-20260723T020649Z,621553246858843935,16,2,proof_verify,18397,16,1,measured
python-20260723T020649Z,621553246858843935,16,2,late_rebuild,42253,16,1,measured
python-20260723T020649Z,621553246858843935,16,2,verify_batch,1940418,16,1,measured
python-20260723T020649Z,621553246858843935,16,2,sign_batch,624028,16,1,measured
python-20260723T020649Z,621553246858843935,16,2,signature_admission_batch,1860509,16,1,measured
python-20260723T020649Z,621553246858843935,16,2,merkle_build,20481,16,1,measured
python-20260723T020649Z,621553246858843935,16,3,proof_verify,12799,16,1,measured
python-20260723T020649Z,621553246858843935,16,3,verify_batch,1781972,16,1,measured
python-20260723T020649Z,621553246858843935,16,3,merkle_build,17205,16,1,measured
python-20260723T020649Z,621553246858843935,16,3,late_rebuild,38698,16,1,measured
python-20260723T020649Z,621553246858843935,16,3,signature_admission_batch,1814731,16,1,measured
python-20260723T020649Z,621553246858843935,16,3,sign_batch,600854,16,1,measured
python-20260723T020649Z,621553246858843935,16,4,sign_batch,579262,16,1,measured
python-20260723T020649Z,621553246858843935,16,4,signature_admission_batch,1838567,16,1,measured
python-20260723T020649Z,621553246858843935,16,4,verify_batch,1745609,16,1,measured
python-20260723T020649Z,621553246858843935,16,4,late_rebuild,40680,16,1,measured
python-20260723T020649Z,621553246858843935,16,4,proof_verify,14141,16,1,measured
python-20260723T020649Z,621553246858843935,16,4,merkle_build,14772,16,1,measured
python-20260723T020649Z,621553246858843935,16,5,proof_verify,7431,16,1,measured
python-20260723T020649Z,621553246858843935,16,5,late_rebuild,34472,16,1,measured
python-20260723T020649Z,621553246858843935,16,5,signature_admission_batch,1841871,16,1,measured
python-20260723T020649Z,621553246858843935,16,5,verify_batch,1733020,16,1,measured
python-20260723T020649Z,621553246858843935,16,5,sign_batch,582887,16,1,measured
python-20260723T020649Z,621553246858843935,16,5,merkle_build,17846,16,1,measured
python-20260723T020649Z,621553246858843935,16,6,proof_verify,9174,16,1,measured
python-20260723T020649Z,621553246858843935,16,6,merkle_build,14291,16,1,measured
python-20260723T020649Z,621553246858843935,16,6,late_rebuild,36484,16,1,measured
python-20260723T020649Z,621553246858843935,16,6,verify_batch,1846709,16,1,measured
python-20260723T020649Z,621553246858843935,16,6,sign_batch,603328,16,1,measured
python-20260723T020649Z,621553246858843935,16,6,signature_admission_batch,1988720,16,1,measured
python-20260723T020649Z,621553246858843935,16,7,proof_verify,17366,16,1,measured
python-20260723T020649Z,621553246858843935,16,7,verify_batch,1827340,16,1,measured
python-20260723T020649Z,621553246858843935,16,7,signature_admission_batch,1845036,16,1,measured
python-20260723T020649Z,621553246858843935,16,7,late_rebuild,47491,16,1,measured
python-20260723T020649Z,621553246858843935,16,7,merkle_build,15243,16,1,measured
python-20260723T020649Z,621553246858843935,16,7,sign_batch,587614,16,1,measured
python-20260723T020649Z,621553246858843935,16,8,verify_batch,1782833,16,1,measured
python-20260723T020649Z,621553246858843935,16,8,signature_admission_batch,1885537,16,1,measured
python-20260723T020649Z,621553246858843935,16,8,sign_batch,606973,16,1,measured
python-20260723T020649Z,621553246858843935,16,8,proof_verify,16695,16,1,measured
python-20260723T020649Z,621553246858843935,16,8,late_rebuild,42123,16,1,measured
python-20260723T020649Z,621553246858843935,16,8,merkle_build,14312,16,1,measured
python-20260723T020649Z,621553246858843935,16,9,verify_batch,1762644,16,1,measured
python-20260723T020649Z,621553246858843935,16,9,merkle_build,17786,16,1,measured
python-20260723T020649Z,621553246858843935,16,9,late_rebuild,43866,16,1,measured
python-20260723T020649Z,621553246858843935,16,9,proof_verify,9264,16,1,measured
python-20260723T020649Z,621553246858843935,16,9,sign_batch,602347,16,1,measured
python-20260723T020649Z,621553246858843935,16,9,signature_admission_batch,1839678,16,1,measured
python-20260723T020649Z,621553246858843935,16,10,proof_verify,10206,16,1,measured
python-20260723T020649Z,621553246858843935,16,10,verify_batch,1763605,16,1,measured
python-20260723T020649Z,621553246858843935,16,10,late_rebuild,41712,16,1,measured
python-20260723T020649Z,621553246858843935,16,10,signature_admission_batch,1836774,16,1,measured
python-20260723T020649Z,621553246858843935,16,10,merkle_build,16354,16,1,measured
python-20260723T020649Z,621553246858843935,16,10,sign_batch,581846,16,1,measured
python-20260723T020649Z,621553246858843935,16,11,sign_batch,601816,16,1,measured
python-20260723T020649Z,621553246858843935,16,11,late_rebuild,40030,16,1,measured
python-20260723T020649Z,621553246858843935,16,11,signature_admission_batch,1943082,16,1,measured
python-20260723T020649Z,621553246858843935,16,11,verify_batch,1786689,16,1,measured
python-20260723T020649Z,621553246858843935,16,11,merkle_build,20661,16,1,measured
python-20260723T020649Z,621553246858843935,16,11,proof_verify,12569,16,1,measured
python-20260723T020649Z,621553246858843935,16,12,merkle_build,14972,16,1,measured
python-20260723T020649Z,621553246858843935,16,12,sign_batch,585151,16,1,measured
python-20260723T020649Z,621553246858843935,16,12,proof_verify,8954,16,1,measured
python-20260723T020649Z,621553246858843935,16,12,late_rebuild,37716,16,1,measured
python-20260723T020649Z,621553246858843935,16,12,signature_admission_batch,1845747,16,1,measured
python-20260723T020649Z,621553246858843935,16,12,verify_batch,1770396,16,1,measured
python-20260723T020649Z,621553246858843935,16,13,merkle_build,17766,16,1,measured
python-20260723T020649Z,621553246858843935,16,13,sign_batch,584029,16,1,measured
python-20260723T020649Z,621553246858843935,16,13,verify_batch,1738147,16,1,measured
python-20260723T020649Z,621553246858843935,16,13,proof_verify,11247,16,1,measured
python-20260723T020649Z,621553246858843935,16,13,late_rebuild,37816,16,1,measured
python-20260723T020649Z,621553246858843935,16,13,signature_admission_batch,1883093,16,1,measured
python-20260723T020649Z,621553246858843935,16,14,late_rebuild,38076,16,1,measured
python-20260723T020649Z,621553246858843935,16,14,signature_admission_batch,1829313,16,1,measured
python-20260723T020649Z,621553246858843935,16,14,merkle_build,15473,16,1,measured
python-20260723T020649Z,621553246858843935,16,14,proof_verify,9655,16,1,measured
python-20260723T020649Z,621553246858843935,16,14,verify_batch,1770806,16,1,measured
python-20260723T020649Z,621553246858843935,16,14,sign_batch,583999,16,1,measured
python-20260723T020649Z,621553246858843935,16,15,merkle_build,17205,16,1,measured
python-20260723T020649Z,621553246858843935,16,15,proof_verify,8803,16,1,measured
python-20260723T020649Z,621553246858843935,16,15,sign_batch,610028,16,1,measured
python-20260723T020649Z,621553246858843935,16,15,verify_batch,1924324,16,1,measured
python-20260723T020649Z,621553246858843935,16,15,signature_admission_batch,2246233,16,1,measured
python-20260723T020649Z,621553246858843935,16,15,late_rebuild,50976,16,1,measured
python-20260723T020649Z,621553246858843935,16,16,late_rebuild,46429,16,1,measured
python-20260723T020649Z,621553246858843935,16,16,sign_batch,658340,16,1,measured
python-20260723T020649Z,621553246858843935,16,16,proof_verify,15793,16,1,measured
python-20260723T020649Z,621553246858843935,16,16,merkle_build,21452,16,1,measured
python-20260723T020649Z,621553246858843935,16,16,signature_admission_batch,2059145,16,1,measured
python-20260723T020649Z,621553246858843935,16,16,verify_batch,1769804,16,1,measured
python-20260723T020649Z,621553246858843935,16,17,proof_verify,14592,16,1,measured
python-20260723T020649Z,621553246858843935,16,17,signature_admission_batch,1893568,16,1,measured
python-20260723T020649Z,621553246858843935,16,17,merkle_build,19740,16,1,measured
python-20260723T020649Z,621553246858843935,16,17,sign_batch,582587,16,1,measured
python-20260723T020649Z,621553246858843935,16,17,verify_batch,1869182,16,1,measured
python-20260723T020649Z,621553246858843935,16,17,late_rebuild,53950,16,1,measured
python-20260723T020649Z,621553246858843935,16,18,merkle_build,49053,16,1,measured
python-20260723T020649Z,621553246858843935,16,18,late_rebuild,35162,16,1,measured
python-20260723T020649Z,621553246858843935,16,18,verify_batch,1775403,16,1,measured
python-20260723T020649Z,621553246858843935,16,18,sign_batch,608295,16,1,measured
python-20260723T020649Z,621553246858843935,16,18,signature_admission_batch,1875471,16,1,measured
python-20260723T020649Z,621553246858843935,16,18,proof_verify,16675,16,1,measured
python-20260723T020649Z,621553246858843935,16,19,late_rebuild,38958,16,1,measured
python-20260723T020649Z,621553246858843935,16,19,verify_batch,1787861,16,1,measured
python-20260723T020649Z,621553246858843935,16,19,merkle_build,18618,16,1,measured
python-20260723T020649Z,621553246858843935,16,19,sign_batch,598671,16,1,measured
python-20260723T020649Z,621553246858843935,16,19,signature_admission_batch,1838397,16,1,measured
python-20260723T020649Z,621553246858843935,16,19,proof_verify,11137,16,1,measured
python-20260723T020649Z,621553246858843935,16,20,signature_admission_batch,1852377,16,1,measured
python-20260723T020649Z,621553246858843935,16,20,late_rebuild,43605,16,1,measured
python-20260723T020649Z,621553246858843935,16,20,merkle_build,14541,16,1,measured
python-20260723T020649Z,621553246858843935,16,20,sign_batch,582888,16,1,measured
python-20260723T020649Z,621553246858843935,16,20,verify_batch,1771086,16,1,measured
python-20260723T020649Z,621553246858843935,16,20,proof_verify,11868,16,1,measured
python-20260723T020649Z,621553246858843935,16,21,merkle_build,15503,16,1,measured
python-20260723T020649Z,621553246858843935,16,21,verify_batch,1773710,16,1,measured
python-20260723T020649Z,621553246858843935,16,21,late_rebuild,41001,16,1,measured
python-20260723T020649Z,621553246858843935,16,21,sign_batch,615706,16,1,measured
python-20260723T020649Z,621553246858843935,16,21,signature_admission_batch,2108358,16,1,measured
python-20260723T020649Z,621553246858843935,16,21,proof_verify,13510,16,1,measured
python-20260723T020649Z,621553246858843935,16,22,sign_batch,729826,16,1,measured
python-20260723T020649Z,621553246858843935,16,22,proof_verify,13480,16,1,measured
python-20260723T020649Z,621553246858843935,16,22,late_rebuild,42844,16,1,measured
python-20260723T020649Z,621553246858843935,16,22,signature_admission_batch,2391740,16,1,measured
python-20260723T020649Z,621553246858843935,16,22,verify_batch,2026766,16,1,measured
python-20260723T020649Z,621553246858843935,16,22,merkle_build,23194,16,1,measured
python-20260723T020649Z,621553246858843935,16,23,late_rebuild,43535,16,1,measured
python-20260723T020649Z,621553246858843935,16,23,merkle_build,14862,16,1,measured
python-20260723T020649Z,621553246858843935,16,23,verify_batch,2208326,16,1,measured
python-20260723T020649Z,621553246858843935,16,23,signature_admission_batch,2330248,16,1,measured
python-20260723T020649Z,621553246858843935,16,23,proof_verify,26509,16,1,measured
python-20260723T020649Z,621553246858843935,16,23,sign_batch,813200,16,1,measured
python-20260723T020649Z,621553246858843935,16,24,merkle_build,37066,16,1,measured
python-20260723T020649Z,621553246858843935,16,24,late_rebuild,58477,16,1,measured
python-20260723T020649Z,621553246858843935,16,24,verify_batch,1764796,16,1,measured
python-20260723T020649Z,621553246858843935,16,24,signature_admission_batch,1866017,16,1,measured
python-20260723T020649Z,621553246858843935,16,24,proof_verify,14442,16,1,measured
python-20260723T020649Z,621553246858843935,16,24,sign_batch,627855,16,1,measured
python-20260723T020649Z,621553246858843935,16,25,proof_verify,9353,16,1,measured
python-20260723T020649Z,621553246858843935,16,25,signature_admission_batch,1850104,16,1,measured
python-20260723T020649Z,621553246858843935,16,25,merkle_build,18738,16,1,measured
python-20260723T020649Z,621553246858843935,16,25,sign_batch,585241,16,1,measured
python-20260723T020649Z,621553246858843935,16,25,late_rebuild,39008,16,1,measured
python-20260723T020649Z,621553246858843935,16,25,verify_batch,1765478,16,1,measured
python-20260723T020649Z,621553246858843935,16,26,verify_batch,1753120,16,1,measured
python-20260723T020649Z,621553246858843935,16,26,proof_verify,12599,16,1,measured
python-20260723T020649Z,621553246858843935,16,26,signature_admission_batch,1834721,16,1,measured
python-20260723T020649Z,621553246858843935,16,26,sign_batch,587615,16,1,measured
python-20260723T020649Z,621553246858843935,16,26,late_rebuild,42554,16,1,measured
python-20260723T020649Z,621553246858843935,16,26,merkle_build,14431,16,1,measured
python-20260723T020649Z,621553246858843935,16,27,sign_batch,583338,16,1,measured
python-20260723T020649Z,621553246858843935,16,27,signature_admission_batch,1965996,16,1,measured
python-20260723T020649Z,621553246858843935,16,27,merkle_build,20390,16,1,measured
python-20260723T020649Z,621553246858843935,16,27,proof_verify,19218,16,1,measured
python-20260723T020649Z,621553246858843935,16,27,verify_batch,2022830,16,1,measured
python-20260723T020649Z,621553246858843935,16,27,late_rebuild,66729,16,1,measured
python-20260723T020649Z,621553246858843935,16,28,verify_batch,1951925,16,1,measured
python-20260723T020649Z,621553246858843935,16,28,sign_batch,622246,16,1,measured
python-20260723T020649Z,621553246858843935,16,28,late_rebuild,46499,16,1,measured
python-20260723T020649Z,621553246858843935,16,28,proof_verify,14171,16,1,measured
python-20260723T020649Z,621553246858843935,16,28,signature_admission_batch,1828682,16,1,measured
python-20260723T020649Z,621553246858843935,16,28,merkle_build,16885,16,1,measured
python-20260723T020649Z,621553246858843935,16,29,signature_admission_batch,2147967,16,1,measured
python-20260723T020649Z,621553246858843935,16,29,merkle_build,18508,16,1,measured
python-20260723T020649Z,621553246858843935,16,29,verify_batch,1776284,16,1,measured
python-20260723T020649Z,621553246858843935,16,29,sign_batch,791338,16,1,measured
python-20260723T020649Z,621553246858843935,16,29,late_rebuild,72818,16,1,measured
python-20260723T020649Z,621553246858843935,16,29,proof_verify,16805,16,1,measured
python-20260723T020649Z,621553246858843935,16,30,verify_batch,2302237,16,1,measured
python-20260723T020649Z,621553246858843935,16,30,signature_admission_batch,2114517,16,1,measured
python-20260723T020649Z,621553246858843935,16,30,late_rebuild,43815,16,1,measured
python-20260723T020649Z,621553246858843935,16,30,sign_batch,613904,16,1,measured
python-20260723T020649Z,621553246858843935,16,30,merkle_build,22844,16,1,measured
python-20260723T020649Z,621553246858843935,16,30,proof_verify,12188,16,1,measured
python-20260723T020649Z,621553246858843935,16,31,late_rebuild,37786,16,1,measured
python-20260723T020649Z,621553246858843935,16,31,merkle_build,14832,16,1,measured
python-20260723T020649Z,621553246858843935,16,31,verify_batch,1861321,16,1,measured
python-20260723T020649Z,621553246858843935,16,31,proof_verify,13230,16,1,measured
python-20260723T020649Z,621553246858843935,16,31,sign_batch,660093,16,1,measured
python-20260723T020649Z,621553246858843935,16,31,signature_admission_batch,1883594,16,1,measured
python-20260723T020649Z,621553246858843935,16,32,late_rebuild,40891,16,1,measured
python-20260723T020649Z,621553246858843935,16,32,verify_batch,1809643,16,1,measured
python-20260723T020649Z,621553246858843935,16,32,proof_verify,12399,16,1,measured
python-20260723T020649Z,621553246858843935,16,32,sign_batch,624940,16,1,measured
python-20260723T020649Z,621553246858843935,16,32,signature_admission_batch,2317890,16,1,measured
python-20260723T020649Z,621553246858843935,16,32,merkle_build,19810,16,1,measured
python-20260723T020649Z,621553246858843935,16,33,late_rebuild,38998,16,1,measured
python-20260723T020649Z,621553246858843935,16,33,verify_batch,1757156,16,1,measured
python-20260723T020649Z,621553246858843935,16,33,signature_admission_batch,1844045,16,1,measured
python-20260723T020649Z,621553246858843935,16,33,merkle_build,16745,16,1,measured
python-20260723T020649Z,621553246858843935,16,33,proof_verify,13470,16,1,measured
python-20260723T020649Z,621553246858843935,16,33,sign_batch,585892,16,1,measured
python-20260723T020649Z,621553246858843935,16,34,late_rebuild,36734,16,1,measured
python-20260723T020649Z,621553246858843935,16,34,signature_admission_batch,2293133,16,1,measured
python-20260723T020649Z,621553246858843935,16,34,proof_verify,17816,16,1,measured
python-20260723T020649Z,621553246858843935,16,34,verify_batch,1762323,16,1,measured
python-20260723T020649Z,621553246858843935,16,34,sign_batch,607604,16,1,measured
python-20260723T020649Z,621553246858843935,16,34,merkle_build,31367,16,1,measured
python-20260723T020649Z,621553246858843935,16,35,sign_batch,623989,16,1,measured
python-20260723T020649Z,621553246858843935,16,35,signature_admission_batch,1865656,16,1,measured
python-20260723T020649Z,621553246858843935,16,35,merkle_build,17807,16,1,measured
python-20260723T020649Z,621553246858843935,16,35,proof_verify,11317,16,1,measured
python-20260723T020649Z,621553246858843935,16,35,late_rebuild,39499,16,1,measured
python-20260723T020649Z,621553246858843935,16,35,verify_batch,1774932,16,1,measured
python-20260723T020649Z,621553246858843935,16,36,signature_admission_batch,1840509,16,1,measured
python-20260723T020649Z,621553246858843935,16,36,sign_batch,582136,16,1,measured
python-20260723T020649Z,621553246858843935,16,36,late_rebuild,38497,16,1,measured
python-20260723T020649Z,621553246858843935,16,36,verify_batch,1733150,16,1,measured
python-20260723T020649Z,621553246858843935,16,36,merkle_build,16114,16,1,measured
python-20260723T020649Z,621553246858843935,16,36,proof_verify,9434,16,1,measured
python-20260723T020649Z,621553246858843935,16,37,verify_batch,1741222,16,1,measured
python-20260723T020649Z,621553246858843935,16,37,proof_verify,10185,16,1,measured
python-20260723T020649Z,621553246858843935,16,37,signature_admission_batch,1870374,16,1,measured
python-20260723T020649Z,621553246858843935,16,37,sign_batch,583108,16,1,measured
python-20260723T020649Z,621553246858843935,16,37,merkle_build,17076,16,1,measured
python-20260723T020649Z,621553246858843935,16,37,late_rebuild,36965,16,1,measured
python-20260723T020649Z,621553246858843935,16,38,sign_batch,604199,16,1,measured
python-20260723T020649Z,621553246858843935,16,38,verify_batch,1721873,16,1,measured
python-20260723T020649Z,621553246858843935,16,38,signature_admission_batch,1823585,16,1,measured
python-20260723T020649Z,621553246858843935,16,38,merkle_build,16665,16,1,measured
python-20260723T020649Z,621553246858843935,16,38,proof_verify,10246,16,1,measured
python-20260723T020649Z,621553246858843935,16,38,late_rebuild,35422,16,1,measured
python-20260723T020649Z,621553246858843935,16,39,verify_batch,2231341,16,1,measured
python-20260723T020649Z,621553246858843935,16,39,late_rebuild,74190,16,1,measured
python-20260723T020649Z,621553246858843935,16,39,merkle_build,25227,16,1,measured
python-20260723T020649Z,621553246858843935,16,39,sign_batch,789445,16,1,measured
python-20260723T020649Z,621553246858843935,16,39,signature_admission_batch,2274346,16,1,measured
python-20260723T020649Z,621553246858843935,16,39,proof_verify,17496,16,1,measured
python-20260723T020649Z,621553246858843935,16,40,late_rebuild,42153,16,1,measured
python-20260723T020649Z,621553246858843935,16,40,verify_batch,1768723,16,1,measured
python-20260723T020649Z,621553246858843935,16,40,merkle_build,16835,16,1,measured
python-20260723T020649Z,621553246858843935,16,40,signature_admission_batch,1844946,16,1,measured
python-20260723T020649Z,621553246858843935,16,40,proof_verify,10456,16,1,measured
python-20260723T020649Z,621553246858843935,16,40,sign_batch,585942,16,1,measured
python-20260723T020649Z,621553246858843935,16,41,sign_batch,578581,16,1,measured
python-20260723T020649Z,621553246858843935,16,41,proof_verify,10055,16,1,measured
python-20260723T020649Z,621553246858843935,16,41,signature_admission_batch,1830665,16,1,measured
python-20260723T020649Z,621553246858843935,16,41,late_rebuild,38768,16,1,measured
python-20260723T020649Z,621553246858843935,16,41,merkle_build,14391,16,1,measured
python-20260723T020649Z,621553246858843935,16,41,verify_batch,1743656,16,1,measured
python-20260723T020649Z,621553246858843935,16,42,proof_verify,10115,16,1,measured
python-20260723T020649Z,621553246858843935,16,42,signature_admission_batch,1848221,16,1,measured
python-20260723T020649Z,621553246858843935,16,42,merkle_build,16405,16,1,measured
python-20260723T020649Z,621553246858843935,16,42,sign_batch,729055,16,1,measured
python-20260723T020649Z,621553246858843935,16,42,verify_batch,1900989,16,1,measured
python-20260723T020649Z,621553246858843935,16,42,late_rebuild,46088,16,1,measured
python-20260723T020649Z,621553246858843935,16,43,proof_verify,10676,16,1,measured
python-20260723T020649Z,621553246858843935,16,43,merkle_build,14732,16,1,measured
python-20260723T020649Z,621553246858843935,16,43,signature_admission_batch,1889903,16,1,measured
python-20260723T020649Z,621553246858843935,16,43,sign_batch,580835,16,1,measured
python-20260723T020649Z,621553246858843935,16,43,verify_batch,1797876,16,1,measured
python-20260723T020649Z,621553246858843935,16,43,late_rebuild,45478,16,1,measured
python-20260723T020649Z,621553246858843935,16,44,late_rebuild,34181,16,1,measured
python-20260723T020649Z,621553246858843935,16,44,signature_admission_batch,2006897,16,1,measured
python-20260723T020649Z,621553246858843935,16,44,proof_verify,13510,16,1,measured
python-20260723T020649Z,621553246858843935,16,44,merkle_build,16665,16,1,measured
python-20260723T020649Z,621553246858843935,16,44,verify_batch,1759769,16,1,measured
python-20260723T020649Z,621553246858843935,16,44,sign_batch,630328,16,1,measured
python-20260723T020649Z,621553246858843935,16,45,proof_verify,11186,16,1,measured
python-20260723T020649Z,621553246858843935,16,45,sign_batch,593564,16,1,measured
python-20260723T020649Z,621553246858843935,16,45,verify_batch,1755483,16,1,measured
python-20260723T020649Z,621553246858843935,16,45,merkle_build,18487,16,1,measured
python-20260723T020649Z,621553246858843935,16,45,signature_admission_batch,1879588,16,1,measured
python-20260723T020649Z,621553246858843935,16,45,late_rebuild,42623,16,1,measured
python-20260723T020649Z,621553246858843935,16,46,proof_verify,9874,16,1,measured
python-20260723T020649Z,621553246858843935,16,46,late_rebuild,34371,16,1,measured
python-20260723T020649Z,621553246858843935,16,46,sign_batch,584771,16,1,measured
python-20260723T020649Z,621553246858843935,16,46,verify_batch,1851826,16,1,measured
python-20260723T020649Z,621553246858843935,16,46,merkle_build,19679,16,1,measured
python-20260723T020649Z,621553246858843935,16,46,signature_admission_batch,1903974,16,1,measured
python-20260723T020649Z,621553246858843935,16,47,proof_verify,11818,16,1,measured
python-20260723T020649Z,621553246858843935,16,47,merkle_build,15002,16,1,measured
python-20260723T020649Z,621553246858843935,16,47,sign_batch,615085,16,1,measured
python-20260723T020649Z,621553246858843935,16,47,verify_batch,1786308,16,1,measured
python-20260723T020649Z,621553246858843935,16,47,signature_admission_batch,1857064,16,1,measured
python-20260723T020649Z,621553246858843935,16,47,late_rebuild,44367,16,1,measured
python-20260723T020649Z,621553246858843935,16,48,sign_batch,581946,16,1,measured
python-20260723T020649Z,621553246858843935,16,48,verify_batch,1734151,16,1,measured
python-20260723T020649Z,621553246858843935,16,48,proof_verify,11217,16,1,measured
python-20260723T020649Z,621553246858843935,16,48,late_rebuild,36804,16,1,measured
python-20260723T020649Z,621553246858843935,16,48,signature_admission_batch,1848371,16,1,measured
python-20260723T020649Z,621553246858843935,16,48,merkle_build,15313,16,1,measured
python-20260723T020649Z,621553246858843935,16,49,sign_batch,668875,16,1,measured
python-20260723T020649Z,621553246858843935,16,49,merkle_build,19689,16,1,measured
python-20260723T020649Z,621553246858843935,16,49,late_rebuild,36144,16,1,measured
python-20260723T020649Z,621553246858843935,16,49,proof_verify,10446,16,1,measured
python-20260723T020649Z,621553246858843935,16,49,verify_batch,1755874,16,1,measured
python-20260723T020649Z,621553246858843935,16,49,signature_admission_batch,1853239,16,1,measured
python-20260723T020649Z,621553246858843935,16,50,signature_admission_batch,1816704,16,1,measured
python-20260723T020649Z,621553246858843935,16,50,verify_batch,1767661,16,1,measured
python-20260723T020649Z,621553246858843935,16,50,sign_batch,582747,16,1,measured
python-20260723T020649Z,621553246858843935,16,50,proof_verify,12058,16,1,measured
python-20260723T020649Z,621553246858843935,16,50,merkle_build,15703,16,1,measured
python-20260723T020649Z,621553246858843935,16,50,late_rebuild,35423,16,1,measured
python-20260723T020649Z,621553246858843935,16,51,late_rebuild,33069,16,1,measured
python-20260723T020649Z,621553246858843935,16,51,signature_admission_batch,1825758,16,1,measured
python-20260723T020649Z,621553246858843935,16,51,sign_batch,580574,16,1,measured
python-20260723T020649Z,621553246858843935,16,51,verify_batch,1743254,16,1,measured
python-20260723T020649Z,621553246858843935,16,51,merkle_build,17215,16,1,measured
python-20260723T020649Z,621553246858843935,16,51,proof_verify,16775,16,1,measured
python-20260723T020649Z,621553246858843935,16,52,late_rebuild,36124,16,1,measured
python-20260723T020649Z,621553246858843935,16,52,sign_batch,583528,16,1,measured
python-20260723T020649Z,621553246858843935,16,52,proof_verify,8843,16,1,measured
python-20260723T020649Z,621553246858843935,16,52,merkle_build,15272,16,1,measured
python-20260723T020649Z,621553246858843935,16,52,verify_batch,1732940,16,1,measured
python-20260723T020649Z,621553246858843935,16,52,signature_admission_batch,1834420,16,1,measured
python-20260723T020649Z,621553246858843935,16,53,proof_verify,8242,16,1,measured
python-20260723T020649Z,621553246858843935,16,53,verify_batch,1888641,16,1,measured
python-20260723T020649Z,621553246858843935,16,53,merkle_build,21612,16,1,measured
python-20260723T020649Z,621553246858843935,16,53,sign_batch,647474,16,1,measured
python-20260723T020649Z,621553246858843935,16,53,late_rebuild,132828,16,1,measured
python-20260723T020649Z,621553246858843935,16,53,signature_admission_batch,1969051,16,1,measured
python-20260723T020649Z,621553246858843935,16,54,merkle_build,17055,16,1,measured
python-20260723T020649Z,621553246858843935,16,54,proof_verify,12298,16,1,measured
python-20260723T020649Z,621553246858843935,16,54,verify_batch,1784957,16,1,measured
python-20260723T020649Z,621553246858843935,16,54,sign_batch,610648,16,1,measured
python-20260723T020649Z,621553246858843935,16,54,signature_admission_batch,2332422,16,1,measured
python-20260723T020649Z,621553246858843935,16,54,late_rebuild,65587,16,1,measured
python-20260723T020649Z,621553246858843935,16,55,merkle_build,15853,16,1,measured
python-20260723T020649Z,621553246858843935,16,55,sign_batch,709026,16,1,measured
python-20260723T020649Z,621553246858843935,16,55,verify_batch,2166074,16,1,measured
python-20260723T020649Z,621553246858843935,16,55,late_rebuild,48943,16,1,measured
python-20260723T020649Z,621553246858843935,16,55,signature_admission_batch,2100447,16,1,measured
python-20260723T020649Z,621553246858843935,16,55,proof_verify,18738,16,1,measured
python-20260723T020649Z,621553246858843935,16,56,proof_verify,8292,16,1,measured
python-20260723T020649Z,621553246858843935,16,56,merkle_build,51667,16,1,measured
python-20260723T020649Z,621553246858843935,16,56,sign_batch,713382,16,1,measured
python-20260723T020649Z,621553246858843935,16,56,late_rebuild,64977,16,1,measured
python-20260723T020649Z,621553246858843935,16,56,verify_batch,2054968,16,1,measured
python-20260723T020649Z,621553246858843935,16,56,signature_admission_batch,1924724,16,1,measured
python-20260723T020649Z,621553246858843935,16,57,verify_batch,2159104,16,1,measured
python-20260723T020649Z,621553246858843935,16,57,merkle_build,33710,16,1,measured
python-20260723T020649Z,621553246858843935,16,57,proof_verify,23415,16,1,measured
python-20260723T020649Z,621553246858843935,16,57,sign_batch,622336,16,1,measured
python-20260723T020649Z,621553246858843935,16,57,signature_admission_batch,1880389,16,1,measured
python-20260723T020649Z,621553246858843935,16,57,late_rebuild,44967,16,1,measured
python-20260723T020649Z,621553246858843935,16,58,verify_batch,1773520,16,1,measured
python-20260723T020649Z,621553246858843935,16,58,sign_batch,683878,16,1,measured
python-20260723T020649Z,621553246858843935,16,58,proof_verify,19168,16,1,measured
python-20260723T020649Z,621553246858843935,16,58,late_rebuild,48072,16,1,measured
python-20260723T020649Z,621553246858843935,16,58,merkle_build,15393,16,1,measured
python-20260723T020649Z,621553246858843935,16,58,signature_admission_batch,2358000,16,1,measured
python-20260723T020649Z,621553246858843935,16,59,proof_verify,14081,16,1,measured
python-20260723T020649Z,621553246858843935,16,59,verify_batch,2124462,16,1,measured
python-20260723T020649Z,621553246858843935,16,59,signature_admission_batch,1904004,16,1,measured
python-20260723T020649Z,621553246858843935,16,59,sign_batch,643178,16,1,measured
python-20260723T020649Z,621553246858843935,16,59,late_rebuild,68052,16,1,measured
python-20260723T020649Z,621553246858843935,16,59,merkle_build,29804,16,1,measured
python-20260723T020649Z,621553246858843935,16,60,proof_verify,17606,16,1,measured
python-20260723T020649Z,621553246858843935,16,60,sign_batch,754463,16,1,measured
python-20260723T020649Z,621553246858843935,16,60,verify_batch,2254465,16,1,measured
python-20260723T020649Z,621553246858843935,16,60,merkle_build,28853,16,1,measured
python-20260723T020649Z,621553246858843935,16,60,signature_admission_batch,2295246,16,1,measured
python-20260723T020649Z,621553246858843935,16,60,late_rebuild,43995,16,1,measured
python-20260723T020649Z,621553246858843935,16,61,signature_admission_batch,2417258,16,1,measured
python-20260723T020649Z,621553246858843935,16,61,sign_batch,718019,16,1,measured
python-20260723T020649Z,621553246858843935,16,61,merkle_build,20691,16,1,measured
python-20260723T020649Z,621553246858843935,16,61,proof_verify,17245,16,1,measured
python-20260723T020649Z,621553246858843935,16,61,verify_batch,1822222,16,1,measured
python-20260723T020649Z,621553246858843935,16,61,late_rebuild,45548,16,1,measured
python-20260723T020649Z,621553246858843935,16,62,proof_verify,11147,16,1,measured
python-20260723T020649Z,621553246858843935,16,62,late_rebuild,36084,16,1,measured
python-20260723T020649Z,621553246858843935,16,62,sign_batch,614325,16,1,measured
python-20260723T020649Z,621553246858843935,16,62,signature_admission_batch,2156259,16,1,measured
python-20260723T020649Z,621553246858843935,16,62,merkle_build,18507,16,1,measured
python-20260723T020649Z,621553246858843935,16,62,verify_batch,1775703,16,1,measured
python-20260723T020649Z,621553246858843935,16,63,merkle_build,17577,16,1,measured
python-20260723T020649Z,621553246858843935,16,63,sign_batch,587464,16,1,measured
python-20260723T020649Z,621553246858843935,16,63,verify_batch,1997724,16,1,measured
python-20260723T020649Z,621553246858843935,16,63,proof_verify,18417,16,1,measured
python-20260723T020649Z,621553246858843935,16,63,signature_admission_batch,2264180,16,1,measured
python-20260723T020649Z,621553246858843935,16,63,late_rebuild,65097,16,1,measured
python-20260723T020649Z,621553246858843935,16,64,signature_admission_batch,1947849,16,1,measured
python-20260723T020649Z,621553246858843935,16,64,late_rebuild,39389,16,1,measured
python-20260723T020649Z,621553246858843935,16,64,verify_batch,2050653,16,1,measured
python-20260723T020649Z,621553246858843935,16,64,merkle_build,31237,16,1,measured
python-20260723T020649Z,621553246858843935,16,64,proof_verify,20220,16,1,measured
python-20260723T020649Z,621553246858843935,16,64,sign_batch,671970,16,1,measured
python-20260723T020649Z,621553246858843935,16,65,proof_verify,11297,16,1,measured
python-20260723T020649Z,621553246858843935,16,65,merkle_build,15574,16,1,measured
python-20260723T020649Z,621553246858843935,16,65,signature_admission_batch,18805950,16,1,measured
python-20260723T020649Z,621553246858843935,16,65,late_rebuild,55823,16,1,measured
python-20260723T020649Z,621553246858843935,16,65,sign_batch,595326,16,1,measured
python-20260723T020649Z,621553246858843935,16,65,verify_batch,1784706,16,1,measured
python-20260723T020649Z,621553246858843935,16,66,proof_verify,18528,16,1,measured
python-20260723T020649Z,621553246858843935,16,66,merkle_build,16956,16,1,measured
python-20260723T020649Z,621553246858843935,16,66,late_rebuild,37075,16,1,measured
python-20260723T020649Z,621553246858843935,16,66,signature_admission_batch,1952246,16,1,measured
python-20260723T020649Z,621553246858843935,16,66,verify_batch,2079976,16,1,measured
python-20260723T020649Z,621553246858843935,16,66,sign_batch,647855,16,1,measured
python-20260723T020649Z,621553246858843935,16,67,signature_admission_batch,2346753,16,1,measured
python-20260723T020649Z,621553246858843935,16,67,late_rebuild,71767,16,1,measured
python-20260723T020649Z,621553246858843935,16,67,merkle_build,23085,16,1,measured
python-20260723T020649Z,621553246858843935,16,67,sign_batch,742736,16,1,measured
python-20260723T020649Z,621553246858843935,16,67,verify_batch,1912166,16,1,measured
python-20260723T020649Z,621553246858843935,16,67,proof_verify,26300,16,1,measured
python-20260723T020649Z,621553246858843935,16,68,signature_admission_batch,2382877,16,1,measured
python-20260723T020649Z,621553246858843935,16,68,merkle_build,22673,16,1,measured
python-20260723T020649Z,621553246858843935,16,68,verify_batch,2087677,16,1,measured
python-20260723T020649Z,621553246858843935,16,68,proof_verify,25178,16,1,measured
python-20260723T020649Z,621553246858843935,16,68,sign_batch,753661,16,1,measured
python-20260723T020649Z,621553246858843935,16,68,late_rebuild,67030,16,1,measured
python-20260723T020649Z,621553246858843935,16,69,proof_verify,14671,16,1,measured
python-20260723T020649Z,621553246858843935,16,69,sign_batch,737097,16,1,measured
python-20260723T020649Z,621553246858843935,16,69,merkle_build,29283,16,1,measured
python-20260723T020649Z,621553246858843935,16,69,verify_batch,2101107,16,1,measured
python-20260723T020649Z,621553246858843935,16,69,late_rebuild,66409,16,1,measured
python-20260723T020649Z,621553246858843935,16,69,signature_admission_batch,2160766,16,1,measured
python-20260723T020649Z,621553246858843935,16,70,signature_admission_batch,2642654,16,1,measured
python-20260723T020649Z,621553246858843935,16,70,proof_verify,24246,16,1,measured
python-20260723T020649Z,621553246858843935,16,70,late_rebuild,71707,16,1,measured
python-20260723T020649Z,621553246858843935,16,70,merkle_build,24477,16,1,measured
python-20260723T020649Z,621553246858843935,16,70,verify_batch,1994108,16,1,measured
python-20260723T020649Z,621553246858843935,16,70,sign_batch,755765,16,1,measured
python-20260723T020649Z,621553246858843935,16,71,verify_batch,2218332,16,1,measured
python-20260723T020649Z,621553246858843935,16,71,sign_batch,760802,16,1,measured
python-20260723T020649Z,621553246858843935,16,71,proof_verify,56965,16,1,measured
python-20260723T020649Z,621553246858843935,16,71,merkle_build,28953,16,1,measured
python-20260723T020649Z,621553246858843935,16,71,signature_admission_batch,2081958,16,1,measured
python-20260723T020649Z,621553246858843935,16,71,late_rebuild,56244,16,1,measured
python-20260723T020649Z,621553246858843935,16,72,merkle_build,24196,16,1,measured
python-20260723T020649Z,621553246858843935,16,72,verify_batch,2241457,16,1,measured
python-20260723T020649Z,621553246858843935,16,72,signature_admission_batch,2444108,16,1,measured
python-20260723T020649Z,621553246858843935,16,72,sign_batch,619882,16,1,measured
python-20260723T020649Z,621553246858843935,16,72,late_rebuild,57676,16,1,measured
python-20260723T020649Z,621553246858843935,16,72,proof_verify,19409,16,1,measured
python-20260723T020649Z,621553246858843935,16,73,sign_batch,768924,16,1,measured
python-20260723T020649Z,621553246858843935,16,73,verify_batch,1976632,16,1,measured
python-20260723T020649Z,621553246858843935,16,73,late_rebuild,59008,16,1,measured
python-20260723T020649Z,621553246858843935,16,73,merkle_build,15222,16,1,measured
python-20260723T020649Z,621553246858843935,16,73,signature_admission_batch,1944655,16,1,measured
python-20260723T020649Z,621553246858843935,16,73,proof_verify,15393,16,1,measured
python-20260723T020649Z,621553246858843935,16,74,late_rebuild,40030,16,1,measured
python-20260723T020649Z,621553246858843935,16,74,merkle_build,17015,16,1,measured
python-20260723T020649Z,621553246858843935,16,74,verify_batch,1820480,16,1,measured
python-20260723T020649Z,621553246858843935,16,74,signature_admission_batch,1874660,16,1,measured
python-20260723T020649Z,621553246858843935,16,74,proof_verify,19399,16,1,measured
python-20260723T020649Z,621553246858843935,16,74,sign_batch,601074,16,1,measured
python-20260723T020649Z,621553246858843935,16,75,verify_batch,1750706,16,1,measured
python-20260723T020649Z,621553246858843935,16,75,merkle_build,18568,16,1,measured
python-20260723T020649Z,621553246858843935,16,75,sign_batch,581205,16,1,measured
python-20260723T020649Z,621553246858843935,16,75,late_rebuild,39889,16,1,measured
python-20260723T020649Z,621553246858843935,16,75,proof_verify,9915,16,1,measured
python-20260723T020649Z,621553246858843935,16,75,signature_admission_batch,1917934,16,1,measured
python-20260723T020649Z,621553246858843935,16,76,merkle_build,17987,16,1,measured
python-20260723T020649Z,621553246858843935,16,76,late_rebuild,37496,16,1,measured
python-20260723T020649Z,621553246858843935,16,76,signature_admission_batch,1856623,16,1,measured
python-20260723T020649Z,621553246858843935,16,76,proof_verify,10866,16,1,measured
python-20260723T020649Z,621553246858843935,16,76,sign_batch,586613,16,1,measured
python-20260723T020649Z,621553246858843935,16,76,verify_batch,1801942,16,1,measured
python-20260723T020649Z,621553246858843935,16,77,sign_batch,608216,16,1,measured
python-20260723T020649Z,621553246858843935,16,77,merkle_build,18807,16,1,measured
python-20260723T020649Z,621553246858843935,16,77,late_rebuild,36844,16,1,measured
python-20260723T020649Z,621553246858843935,16,77,verify_batch,1723695,16,1,measured
python-20260723T020649Z,621553246858843935,16,77,signature_admission_batch,1889893,16,1,measured
python-20260723T020649Z,621553246858843935,16,77,proof_verify,12388,16,1,measured
python-20260723T020649Z,621553246858843935,16,78,late_rebuild,36445,16,1,measured
python-20260723T020649Z,621553246858843935,16,78,merkle_build,14682,16,1,measured
python-20260723T020649Z,621553246858843935,16,78,sign_batch,585011,16,1,measured
python-20260723T020649Z,621553246858843935,16,78,proof_verify,8843,16,1,measured
python-20260723T020649Z,621553246858843935,16,78,signature_admission_batch,1827741,16,1,measured
python-20260723T020649Z,621553246858843935,16,78,verify_batch,1751106,16,1,measured
python-20260723T020649Z,621553246858843935,16,79,signature_admission_batch,1828702,16,1,measured
python-20260723T020649Z,621553246858843935,16,79,proof_verify,9925,16,1,measured
python-20260723T020649Z,621553246858843935,16,79,sign_batch,596858,16,1,measured
python-20260723T020649Z,621553246858843935,16,79,late_rebuild,39379,16,1,measured
python-20260723T020649Z,621553246858843935,16,79,merkle_build,14321,16,1,measured
python-20260723T020649Z,621553246858843935,16,79,verify_batch,1743956,16,1,measured
python-20260723T020649Z,621553246858843935,16,80,signature_admission_batch,1829223,16,1,measured
python-20260723T020649Z,621553246858843935,16,80,verify_batch,1787230,16,1,measured
python-20260723T020649Z,621553246858843935,16,80,late_rebuild,45337,16,1,measured
python-20260723T020649Z,621553246858843935,16,80,proof_verify,11697,16,1,measured
python-20260723T020649Z,621553246858843935,16,80,sign_batch,747683,16,1,measured
python-20260723T020649Z,621553246858843935,16,80,merkle_build,30435,16,1,measured
python-20260723T020649Z,621553246858843935,16,81,proof_verify,15063,16,1,measured
python-20260723T020649Z,621553246858843935,16,81,merkle_build,23124,16,1,measured
python-20260723T020649Z,621553246858843935,16,81,verify_batch,2318931,16,1,measured
python-20260723T020649Z,621553246858843935,16,81,sign_batch,776056,16,1,measured
python-20260723T020649Z,621553246858843935,16,81,signature_admission_batch,2314115,16,1,measured
python-20260723T020649Z,621553246858843935,16,81,late_rebuild,56915,16,1,measured
python-20260723T020649Z,621553246858843935,16,82,proof_verify,19979,16,1,measured
python-20260723T020649Z,621553246858843935,16,82,late_rebuild,37936,16,1,measured
python-20260723T020649Z,621553246858843935,16,82,signature_admission_batch,2353623,16,1,measured
python-20260723T020649Z,621553246858843935,16,82,merkle_build,18598,16,1,measured
python-20260723T020649Z,621553246858843935,16,82,verify_batch,2225803,16,1,measured
python-20260723T020649Z,621553246858843935,16,82,sign_batch,721514,16,1,measured
python-20260723T020649Z,621553246858843935,16,83,proof_verify,17647,16,1,measured
python-20260723T020649Z,621553246858843935,16,83,late_rebuild,42303,16,1,measured
python-20260723T020649Z,621553246858843935,16,83,sign_batch,591060,16,1,measured
python-20260723T020649Z,621553246858843935,16,83,merkle_build,16385,16,1,measured
python-20260723T020649Z,621553246858843935,16,83,verify_batch,1795463,16,1,measured
python-20260723T020649Z,621553246858843935,16,83,signature_admission_batch,1861240,16,1,measured
python-20260723T020649Z,621553246858843935,16,84,verify_batch,1730115,16,1,measured
python-20260723T020649Z,621553246858843935,16,84,sign_batch,604500,16,1,measured
python-20260723T020649Z,621553246858843935,16,84,merkle_build,19288,16,1,measured
python-20260723T020649Z,621553246858843935,16,84,proof_verify,11868,16,1,measured
python-20260723T020649Z,621553246858843935,16,84,signature_admission_batch,1842813,16,1,measured
python-20260723T020649Z,621553246858843935,16,84,late_rebuild,39068,16,1,measured
python-20260723T020649Z,621553246858843935,16,85,signature_admission_batch,1840049,16,1,measured
python-20260723T020649Z,621553246858843935,16,85,late_rebuild,36565,16,1,measured
python-20260723T020649Z,621553246858843935,16,85,merkle_build,14091,16,1,measured
python-20260723T020649Z,621553246858843935,16,85,verify_batch,1745217,16,1,measured
python-20260723T020649Z,621553246858843935,16,85,proof_verify,12048,16,1,measured
python-20260723T020649Z,621553246858843935,16,85,sign_batch,581927,16,1,measured
python-20260723T020649Z,621553246858843935,16,86,merkle_build,17345,16,1,measured
python-20260723T020649Z,621553246858843935,16,86,signature_admission_batch,1841581,16,1,measured
python-20260723T020649Z,621553246858843935,16,86,sign_batch,581836,16,1,measured
python-20260723T020649Z,621553246858843935,16,86,verify_batch,1761743,16,1,measured
python-20260723T020649Z,621553246858843935,16,86,proof_verify,11257,16,1,measured
python-20260723T020649Z,621553246858843935,16,86,late_rebuild,36615,16,1,measured
python-20260723T020649Z,621553246858843935,16,87,merkle_build,14402,16,1,measured
python-20260723T020649Z,621553246858843935,16,87,signature_admission_batch,1848973,16,1,measured
python-20260723T020649Z,621553246858843935,16,87,proof_verify,9263,16,1,measured
python-20260723T020649Z,621553246858843935,16,87,sign_batch,584821,16,1,measured
python-20260723T020649Z,621553246858843935,16,87,verify_batch,1756294,16,1,measured
python-20260723T020649Z,621553246858843935,16,87,late_rebuild,39539,16,1,measured
python-20260723T020649Z,621553246858843935,16,88,late_rebuild,33840,16,1,measured
python-20260723T020649Z,621553246858843935,16,88,verify_batch,1750135,16,1,measured
python-20260723T020649Z,621553246858843935,16,88,merkle_build,15944,16,1,measured
python-20260723T020649Z,621553246858843935,16,88,sign_batch,611480,16,1,measured
python-20260723T020649Z,621553246858843935,16,88,signature_admission_batch,1868691,16,1,measured
python-20260723T020649Z,621553246858843935,16,88,proof_verify,11567,16,1,measured
python-20260723T020649Z,621553246858843935,16,89,signature_admission_batch,1834410,16,1,measured
python-20260723T020649Z,621553246858843935,16,89,merkle_build,16675,16,1,measured
python-20260723T020649Z,621553246858843935,16,89,proof_verify,8513,16,1,measured
python-20260723T020649Z,621553246858843935,16,89,verify_batch,1743054,16,1,measured
python-20260723T020649Z,621553246858843935,16,89,late_rebuild,38427,16,1,measured
python-20260723T020649Z,621553246858843935,16,89,sign_batch,583238,16,1,measured
python-20260723T020649Z,621553246858843935,16,90,late_rebuild,34782,16,1,measured
python-20260723T020649Z,621553246858843935,16,90,verify_batch,1774701,16,1,measured
python-20260723T020649Z,621553246858843935,16,90,merkle_build,16965,16,1,measured
python-20260723T020649Z,621553246858843935,16,90,signature_admission_batch,1910704,16,1,measured
python-20260723T020649Z,621553246858843935,16,90,proof_verify,12899,16,1,measured
python-20260723T020649Z,621553246858843935,16,90,sign_batch,605001,16,1,measured
python-20260723T020649Z,621553246858843935,16,91,sign_batch,759080,16,1,measured
python-20260723T020649Z,621553246858843935,16,91,merkle_build,29364,16,1,measured
python-20260723T020649Z,621553246858843935,16,91,verify_batch,2240365,16,1,measured
python-20260723T020649Z,621553246858843935,16,91,proof_verify,31377,16,1,measured
python-20260723T020649Z,621553246858843935,16,91,signature_admission_batch,2407914,16,1,measured
python-20260723T020649Z,621553246858843935,16,91,late_rebuild,49043,16,1,measured
python-20260723T020649Z,621553246858843935,16,92,late_rebuild,36764,16,1,measured
python-20260723T020649Z,621553246858843935,16,92,sign_batch,793290,16,1,measured
python-20260723T020649Z,621553246858843935,16,92,merkle_build,29343,16,1,measured
python-20260723T020649Z,621553246858843935,16,92,signature_admission_batch,2243560,16,1,measured
python-20260723T020649Z,621553246858843935,16,92,verify_batch,2047678,16,1,measured
python-20260723T020649Z,621553246858843935,16,92,proof_verify,27681,16,1,measured
python-20260723T020649Z,621553246858843935,16,93,proof_verify,12949,16,1,measured
python-20260723T020649Z,621553246858843935,16,93,merkle_build,25899,16,1,measured
python-20260723T020649Z,621553246858843935,16,93,sign_batch,778879,16,1,measured
python-20260723T020649Z,621553246858843935,16,93,verify_batch,2125153,16,1,measured
python-20260723T020649Z,621553246858843935,16,93,late_rebuild,117745,16,1,measured
python-20260723T020649Z,621553246858843935,16,93,signature_admission_batch,2406262,16,1,measured
python-20260723T020649Z,621553246858843935,16,94,proof_verify,25518,16,1,measured
python-20260723T020649Z,621553246858843935,16,94,sign_batch,769796,16,1,measured
python-20260723T020649Z,621553246858843935,16,94,late_rebuild,70846,16,1,measured
python-20260723T020649Z,621553246858843935,16,94,merkle_build,19048,16,1,measured
python-20260723T020649Z,621553246858843935,16,94,signature_admission_batch,1927278,16,1,measured
python-20260723T020649Z,621553246858843935,16,94,verify_batch,1772839,16,1,measured
python-20260723T020649Z,621553246858843935,16,95,signature_admission_batch,2267205,16,1,measured
python-20260723T020649Z,621553246858843935,16,95,verify_batch,2281225,16,1,measured
python-20260723T020649Z,621553246858843935,16,95,merkle_build,37335,16,1,measured
python-20260723T020649Z,621553246858843935,16,95,sign_batch,743466,16,1,measured
python-20260723T020649Z,621553246858843935,16,95,proof_verify,20701,16,1,measured
python-20260723T020649Z,621553246858843935,16,95,late_rebuild,44787,16,1,measured
python-20260723T020649Z,621553246858843935,16,96,merkle_build,18277,16,1,measured
python-20260723T020649Z,621553246858843935,16,96,verify_batch,1796955,16,1,measured
python-20260723T020649Z,621553246858843935,16,96,sign_batch,791308,16,1,measured
python-20260723T020649Z,621553246858843935,16,96,signature_admission_batch,2305091,16,1,measured
python-20260723T020649Z,621553246858843935,16,96,proof_verify,23335,16,1,measured
python-20260723T020649Z,621553246858843935,16,96,late_rebuild,45457,16,1,measured
python-20260723T020649Z,621553246858843935,16,97,signature_admission_batch,2323128,16,1,measured
python-20260723T020649Z,621553246858843935,16,97,proof_verify,14812,16,1,measured
python-20260723T020649Z,621553246858843935,16,97,verify_batch,2358521,16,1,measured
python-20260723T020649Z,621553246858843935,16,97,sign_batch,717007,16,1,measured
python-20260723T020649Z,621553246858843935,16,97,merkle_build,24327,16,1,measured
python-20260723T020649Z,621553246858843935,16,97,late_rebuild,42744,16,1,measured
python-20260723T020649Z,621553246858843935,16,98,merkle_build,15614,16,1,measured
python-20260723T020649Z,621553246858843935,16,98,late_rebuild,34992,16,1,measured
python-20260723T020649Z,621553246858843935,16,98,verify_batch,2087547,16,1,measured
python-20260723T020649Z,621553246858843935,16,98,proof_verify,23675,16,1,measured
python-20260723T020649Z,621553246858843935,16,98,sign_batch,632061,16,1,measured
python-20260723T020649Z,621553246858843935,16,98,signature_admission_batch,2147596,16,1,measured
python-20260723T020649Z,621553246858843935,16,99,verify_batch,2113446,16,1,measured
python-20260723T020649Z,621553246858843935,16,99,sign_batch,767462,16,1,measured
python-20260723T020649Z,621553246858843935,16,99,signature_admission_batch,2608923,16,1,measured
python-20260723T020649Z,621553246858843935,16,99,proof_verify,24046,16,1,measured
python-20260723T020649Z,621553246858843935,16,99,late_rebuild,66819,16,1,measured
python-20260723T020649Z,621553246858843935,16,99,merkle_build,22684,16,1,measured
python-20260723T020649Z,621553246858843935,16,100,late_rebuild,52758,16,1,measured
python-20260723T020649Z,621553246858843935,16,100,verify_batch,2073005,16,1,measured
python-20260723T020649Z,621553246858843935,16,100,proof_verify,14422,16,1,measured
python-20260723T020649Z,621553246858843935,16,100,signature_admission_batch,2074448,16,1,measured
python-20260723T020649Z,621553246858843935,16,100,sign_batch,770487,16,1,measured
python-20260723T020649Z,621553246858843935,16,100,merkle_build,24727,16,1,measured
python-20260723T020649Z,621553246858843935,16,101,proof_verify,12669,16,1,measured
python-20260723T020649Z,621553246858843935,16,101,signature_admission_batch,2303067,16,1,measured
python-20260723T020649Z,621553246858843935,16,101,sign_batch,661444,16,1,measured
python-20260723T020649Z,621553246858843935,16,101,verify_batch,1777807,16,1,measured
python-20260723T020649Z,621553246858843935,16,101,merkle_build,22223,16,1,measured
python-20260723T020649Z,621553246858843935,16,101,late_rebuild,43214,16,1,measured
python-20260723T020649Z,621553246858843935,16,102,verify_batch,1777946,16,1,measured
python-20260723T020649Z,621553246858843935,16,102,late_rebuild,39859,16,1,measured
python-20260723T020649Z,621553246858843935,16,102,merkle_build,14541,16,1,measured
python-20260723T020649Z,621553246858843935,16,102,signature_admission_batch,1882462,16,1,measured
python-20260723T020649Z,621553246858843935,16,102,proof_verify,14882,16,1,measured
python-20260723T020649Z,621553246858843935,16,102,sign_batch,586482,16,1,measured
python-20260723T020649Z,621553246858843935,16,103,merkle_build,16465,16,1,measured
python-20260723T020649Z,621553246858843935,16,103,proof_verify,9174,16,1,measured
python-20260723T020649Z,621553246858843935,16,103,verify_batch,1772428,16,1,measured
python-20260723T020649Z,621553246858843935,16,103,late_rebuild,40190,16,1,measured
python-20260723T020649Z,621553246858843935,16,103,sign_batch,582818,16,1,measured
python-20260723T020649Z,621553246858843935,16,103,signature_admission_batch,1880449,16,1,measured
python-20260723T020649Z,621553246858843935,16,104,sign_batch,586002,16,1,measured
python-20260723T020649Z,621553246858843935,16,104,late_rebuild,38286,16,1,measured
python-20260723T020649Z,621553246858843935,16,104,merkle_build,14472,16,1,measured
python-20260723T020649Z,621553246858843935,16,104,proof_verify,9865,16,1,measured
python-20260723T020649Z,621553246858843935,16,104,signature_admission_batch,1867740,16,1,measured
python-20260723T020649Z,621553246858843935,16,104,verify_batch,1761401,16,1,measured
python-20260723T020649Z,621553246858843935,16,105,verify_batch,1727471,16,1,measured
python-20260723T020649Z,621553246858843935,16,105,sign_batch,605782,16,1,measured
python-20260723T020649Z,621553246858843935,16,105,late_rebuild,41301,16,1,measured
python-20260723T020649Z,621553246858843935,16,105,merkle_build,15493,16,1,measured
python-20260723T020649Z,621553246858843935,16,105,proof_verify,10746,16,1,measured
python-20260723T020649Z,621553246858843935,16,105,signature_admission_batch,1857615,16,1,measured
python-20260723T020649Z,621553246858843935,16,106,verify_batch,1726460,16,1,measured
python-20260723T020649Z,621553246858843935,16,106,sign_batch,607344,16,1,measured
python-20260723T020649Z,621553246858843935,16,106,proof_verify,10185,16,1,measured
python-20260723T020649Z,621553246858843935,16,106,merkle_build,16014,16,1,measured
python-20260723T020649Z,621553246858843935,16,106,signature_admission_batch,1897424,16,1,measured
python-20260723T020649Z,621553246858843935,16,106,late_rebuild,38728,16,1,measured
python-20260723T020649Z,621553246858843935,16,107,proof_verify,9755,16,1,measured
python-20260723T020649Z,621553246858843935,16,107,merkle_build,14792,16,1,measured
python-20260723T020649Z,621553246858843935,16,107,sign_batch,593994,16,1,measured
python-20260723T020649Z,621553246858843935,16,107,verify_batch,1774200,16,1,measured
python-20260723T020649Z,621553246858843935,16,107,late_rebuild,40240,16,1,measured
python-20260723T020649Z,621553246858843935,16,107,signature_admission_batch,1846568,16,1,measured
python-20260723T020649Z,621553246858843935,16,108,late_rebuild,35703,16,1,measured
python-20260723T020649Z,621553246858843935,16,108,proof_verify,8623,16,1,measured
python-20260723T020649Z,621553246858843935,16,108,merkle_build,14532,16,1,measured
python-20260723T020649Z,621553246858843935,16,108,signature_admission_batch,1836012,16,1,measured
python-20260723T020649Z,621553246858843935,16,108,sign_batch,609418,16,1,measured
python-20260723T020649Z,621553246858843935,16,108,verify_batch,1830374,16,1,measured
python-20260723T020649Z,621553246858843935,16,109,merkle_build,20811,16,1,measured
python-20260723T020649Z,621553246858843935,16,109,verify_batch,2238081,16,1,measured
python-20260723T020649Z,621553246858843935,16,109,late_rebuild,72077,16,1,measured
python-20260723T020649Z,621553246858843935,16,109,signature_admission_batch,2234566,16,1,measured
python-20260723T020649Z,621553246858843935,16,109,proof_verify,16464,16,1,measured
python-20260723T020649Z,621553246858843935,16,109,sign_batch,620183,16,1,measured
python-20260723T020649Z,621553246858843935,16,110,sign_batch,583679,16,1,measured
python-20260723T020649Z,621553246858843935,16,110,late_rebuild,42604,16,1,measured
python-20260723T020649Z,621553246858843935,16,110,merkle_build,14782,16,1,measured
python-20260723T020649Z,621553246858843935,16,110,verify_batch,1802904,16,1,measured
python-20260723T020649Z,621553246858843935,16,110,proof_verify,12028,16,1,measured
python-20260723T020649Z,621553246858843935,16,110,signature_admission_batch,1859387,16,1,measured
python-20260723T020649Z,621553246858843935,16,111,verify_batch,1747992,16,1,measured
python-20260723T020649Z,621553246858843935,16,111,late_rebuild,41211,16,1,measured
python-20260723T020649Z,621553246858843935,16,111,merkle_build,14252,16,1,measured
python-20260723T020649Z,621553246858843935,16,111,signature_admission_batch,1845577,16,1,measured
python-20260723T020649Z,621553246858843935,16,111,sign_batch,585812,16,1,measured
python-20260723T020649Z,621553246858843935,16,111,proof_verify,12068,16,1,measured
python-20260723T020649Z,621553246858843935,16,112,late_rebuild,36565,16,1,measured
python-20260723T020649Z,621553246858843935,16,112,merkle_build,14351,16,1,measured
python-20260723T020649Z,621553246858843935,16,112,verify_batch,1986817,16,1,measured
python-20260723T020649Z,621553246858843935,16,112,proof_verify,23945,16,1,measured
python-20260723T020649Z,621553246858843935,16,112,signature_admission_batch,1971654,16,1,measured
python-20260723T020649Z,621553246858843935,16,112,sign_batch,614294,16,1,measured
python-20260723T020649Z,621553246858843935,16,113,merkle_build,19309,16,1,measured
python-20260723T020649Z,621553246858843935,16,113,signature_admission_batch,1944394,16,1,measured
python-20260723T020649Z,621553246858843935,16,113,sign_batch,619102,16,1,measured
python-20260723T020649Z,621553246858843935,16,113,late_rebuild,44296,16,1,measured
python-20260723T020649Z,621553246858843935,16,113,verify_batch,1786339,16,1,measured
python-20260723T020649Z,621553246858843935,16,113,proof_verify,15182,16,1,measured
python-20260723T020649Z,621553246858843935,16,114,merkle_build,15583,16,1,measured
python-20260723T020649Z,621553246858843935,16,114,sign_batch,583359,16,1,measured
python-20260723T020649Z,621553246858843935,16,114,signature_admission_batch,1891235,16,1,measured
python-20260723T020649Z,621553246858843935,16,114,verify_batch,2221887,16,1,measured
python-20260723T020649Z,621553246858843935,16,114,proof_verify,23855,16,1,measured
python-20260723T020649Z,621553246858843935,16,114,late_rebuild,56274,16,1,measured
python-20260723T020649Z,621553246858843935,16,115,verify_batch,2222939,16,1,measured
python-20260723T020649Z,621553246858843935,16,115,proof_verify,23454,16,1,measured
python-20260723T020649Z,621553246858843935,16,115,merkle_build,27401,16,1,measured
python-20260723T020649Z,621553246858843935,16,115,signature_admission_batch,1972766,16,1,measured
python-20260723T020649Z,621553246858843935,16,115,sign_batch,588716,16,1,measured
python-20260723T020649Z,621553246858843935,16,115,late_rebuild,43555,16,1,measured
python-20260723T020649Z,621553246858843935,16,116,proof_verify,21232,16,1,measured
python-20260723T020649Z,621553246858843935,16,116,sign_batch,709476,16,1,measured
python-20260723T020649Z,621553246858843935,16,116,verify_batch,1975380,16,1,measured
python-20260723T020649Z,621553246858843935,16,116,late_rebuild,47180,16,1,measured
python-20260723T020649Z,621553246858843935,16,116,signature_admission_batch,1883383,16,1,measured
python-20260723T020649Z,621553246858843935,16,116,merkle_build,17126,16,1,measured
python-20260723T020649Z,621553246858843935,16,117,late_rebuild,36685,16,1,measured
python-20260723T020649Z,621553246858843935,16,117,merkle_build,14221,16,1,measured
python-20260723T020649Z,621553246858843935,16,117,verify_batch,1756194,16,1,measured
python-20260723T020649Z,621553246858843935,16,117,sign_batch,586743,16,1,measured
python-20260723T020649Z,621553246858843935,16,117,proof_verify,13640,16,1,measured
python-20260723T020649Z,621553246858843935,16,117,signature_admission_batch,2064703,16,1,measured
python-20260723T020649Z,621553246858843935,16,118,proof_verify,19439,16,1,measured
python-20260723T020649Z,621553246858843935,16,118,signature_admission_batch,2217270,16,1,measured
python-20260723T020649Z,621553246858843935,16,118,late_rebuild,55172,16,1,measured
python-20260723T020649Z,621553246858843935,16,118,sign_batch,685850,16,1,measured
python-20260723T020649Z,621553246858843935,16,118,verify_batch,1995360,16,1,measured
python-20260723T020649Z,621553246858843935,16,118,merkle_build,22274,16,1,measured
python-20260723T020649Z,621553246858843935,16,119,late_rebuild,41011,16,1,measured
python-20260723T020649Z,621553246858843935,16,119,proof_verify,13180,16,1,measured
python-20260723T020649Z,621553246858843935,16,119,verify_batch,2055029,16,1,measured
python-20260723T020649Z,621553246858843935,16,119,signature_admission_batch,1999737,16,1,measured
python-20260723T020649Z,621553246858843935,16,119,merkle_build,19539,16,1,measured
python-20260723T020649Z,621553246858843935,16,119,sign_batch,590188,16,1,measured
python-20260723T020649Z,621553246858843935,16,120,merkle_build,15973,16,1,measured
python-20260723T020649Z,621553246858843935,16,120,verify_batch,1811587,16,1,measured
python-20260723T020649Z,621553246858843935,16,120,proof_verify,17066,16,1,measured
python-20260723T020649Z,621553246858843935,16,120,late_rebuild,42964,16,1,measured
python-20260723T020649Z,621553246858843935,16,120,sign_batch,585712,16,1,measured
python-20260723T020649Z,621553246858843935,16,120,signature_admission_batch,1907750,16,1,measured
python-20260723T020649Z,621553246858843935,16,121,late_rebuild,42954,16,1,measured
python-20260723T020649Z,621553246858843935,16,121,signature_admission_batch,2330819,16,1,measured
python-20260723T020649Z,621553246858843935,16,121,merkle_build,28503,16,1,measured
python-20260723T020649Z,621553246858843935,16,121,verify_batch,2388225,16,1,measured
python-20260723T020649Z,621553246858843935,16,121,sign_batch,898587,16,1,measured
python-20260723T020649Z,621553246858843935,16,121,proof_verify,28102,16,1,measured
python-20260723T020649Z,621553246858843935,16,122,signature_admission_batch,2069600,16,1,measured
python-20260723T020649Z,621553246858843935,16,122,verify_batch,2128718,16,1,measured
python-20260723T020649Z,621553246858843935,16,122,late_rebuild,57806,16,1,measured
python-20260723T020649Z,621553246858843935,16,122,proof_verify,13861,16,1,measured
python-20260723T020649Z,621553246858843935,16,122,sign_batch,694023,16,1,measured
python-20260723T020649Z,621553246858843935,16,122,merkle_build,29193,16,1,measured
python-20260723T020649Z,621553246858843935,16,123,late_rebuild,59218,16,1,measured
python-20260723T020649Z,621553246858843935,16,123,sign_batch,761203,16,1,measured
python-20260723T020649Z,621553246858843935,16,123,verify_batch,2138373,16,1,measured
python-20260723T020649Z,621553246858843935,16,123,proof_verify,25608,16,1,measured
python-20260723T020649Z,621553246858843935,16,123,signature_admission_batch,2366652,16,1,measured
python-20260723T020649Z,621553246858843935,16,123,merkle_build,23435,16,1,measured
python-20260723T020649Z,621553246858843935,16,124,signature_admission_batch,2296979,16,1,measured
python-20260723T020649Z,621553246858843935,16,124,proof_verify,28262,16,1,measured
python-20260723T020649Z,621553246858843935,16,124,late_rebuild,136423,16,1,measured
python-20260723T020649Z,621553246858843935,16,124,verify_batch,2041178,16,1,measured
python-20260723T020649Z,621553246858843935,16,124,merkle_build,21752,16,1,measured
python-20260723T020649Z,621553246858843935,16,124,sign_batch,738429,16,1,measured
python-20260723T020649Z,621553246858843935,16,125,sign_batch,654123,16,1,measured
python-20260723T020649Z,621553246858843935,16,125,merkle_build,27561,16,1,measured
python-20260723T020649Z,621553246858843935,16,125,late_rebuild,65347,16,1,measured
python-20260723T020649Z,621553246858843935,16,125,proof_verify,13099,16,1,measured
python-20260723T020649Z,621553246858843935,16,125,verify_batch,1931835,16,1,measured
python-20260723T020649Z,621553246858843935,16,125,signature_admission_batch,2054168,16,1,measured
python-20260723T020649Z,621553246858843935,16,126,proof_verify,14201,16,1,measured
python-20260723T020649Z,621553246858843935,16,126,verify_batch,2024273,16,1,measured
python-20260723T020649Z,621553246858843935,16,126,late_rebuild,69814,16,1,measured
python-20260723T020649Z,621553246858843935,16,126,merkle_build,23596,16,1,measured
python-20260723T020649Z,621553246858843935,16,126,signature_admission_batch,1994258,16,1,measured
python-20260723T020649Z,621553246858843935,16,126,sign_batch,615617,16,1,measured
python-20260723T020649Z,621553246858843935,16,127,proof_verify,13500,16,1,measured
python-20260723T020649Z,621553246858843935,16,127,merkle_build,16464,16,1,measured
python-20260723T020649Z,621553246858843935,16,127,sign_batch,584610,16,1,measured
python-20260723T020649Z,621553246858843935,16,127,signature_admission_batch,1867169,16,1,measured
python-20260723T020649Z,621553246858843935,16,127,verify_batch,1755273,16,1,measured
python-20260723T020649Z,621553246858843935,16,127,late_rebuild,43575,16,1,measured
python-20260723T020649Z,621553246858843935,16,128,late_rebuild,34992,16,1,measured
python-20260723T020649Z,621553246858843935,16,128,signature_admission_batch,1877194,16,1,measured
python-20260723T020649Z,621553246858843935,16,128,verify_batch,1749343,16,1,measured
python-20260723T020649Z,621553246858843935,16,128,merkle_build,17296,16,1,measured
python-20260723T020649Z,621553246858843935,16,128,proof_verify,11167,16,1,measured
python-20260723T020649Z,621553246858843935,16,128,sign_batch,588245,16,1,measured
python-20260723T020649Z,621553246858843935,16,129,sign_batch,593533,16,1,measured
python-20260723T020649Z,621553246858843935,16,129,merkle_build,16564,16,1,measured
python-20260723T020649Z,621553246858843935,16,129,verify_batch,1764376,16,1,measured
python-20260723T020649Z,621553246858843935,16,129,signature_admission_batch,1845968,16,1,measured
python-20260723T020649Z,621553246858843935,16,129,proof_verify,11567,16,1,measured
python-20260723T020649Z,621553246858843935,16,129,late_rebuild,38307,16,1,measured
python-20260723T020649Z,621553246858843935,16,130,merkle_build,14632,16,1,measured
python-20260723T020649Z,621553246858843935,16,130,verify_batch,1751296,16,1,measured
python-20260723T020649Z,621553246858843935,16,130,sign_batch,583068,16,1,measured
python-20260723T020649Z,621553246858843935,16,130,late_rebuild,38207,16,1,measured
python-20260723T020649Z,621553246858843935,16,130,signature_admission_batch,1844195,16,1,measured
python-20260723T020649Z,621553246858843935,16,130,proof_verify,11527,16,1,measured
python-20260723T020649Z,621553246858843935,16,131,signature_admission_batch,1888631,16,1,measured
python-20260723T020649Z,621553246858843935,16,131,merkle_build,17285,16,1,measured
python-20260723T020649Z,621553246858843935,16,131,late_rebuild,35293,16,1,measured
python-20260723T020649Z,621553246858843935,16,131,sign_batch,749235,16,1,measured
python-20260723T020649Z,621553246858843935,16,131,proof_verify,15773,16,1,measured
python-20260723T020649Z,621553246858843935,16,131,verify_batch,1767551,16,1,measured
python-20260723T020649Z,621553246858843935,16,132,proof_verify,10606,16,1,measured
python-20260723T020649Z,621553246858843935,16,132,signature_admission_batch,1863133,16,1,measured
python-20260723T020649Z,621553246858843935,16,132,merkle_build,17606,16,1,measured
python-20260723T020649Z,621553246858843935,16,132,late_rebuild,37446,16,1,measured
python-20260723T020649Z,621553246858843935,16,132,sign_batch,632221,16,1,measured
python-20260723T020649Z,621553246858843935,16,132,verify_batch,2148167,16,1,measured
python-20260723T020649Z,621553246858843935,16,133,merkle_build,30325,16,1,measured
python-20260723T020649Z,621553246858843935,16,133,verify_batch,1968209,16,1,measured
python-20260723T020649Z,621553246858843935,16,133,proof_verify,16645,16,1,measured
python-20260723T020649Z,621553246858843935,16,133,signature_admission_batch,1863754,16,1,measured
python-20260723T020649Z,621553246858843935,16,133,sign_batch,585372,16,1,measured
python-20260723T020649Z,621553246858843935,16,133,late_rebuild,42043,16,1,measured
python-20260723T020649Z,621553246858843935,16,134,proof_verify,10075,16,1,measured
python-20260723T020649Z,621553246858843935,16,134,merkle_build,15223,16,1,measured
python-20260723T020649Z,621553246858843935,16,134,verify_batch,1772688,16,1,measured
python-20260723T020649Z,621553246858843935,16,134,signature_admission_batch,2047538,16,1,measured
python-20260723T020649Z,621553246858843935,16,134,late_rebuild,42524,16,1,measured
python-20260723T020649Z,621553246858843935,16,134,sign_batch,585361,16,1,measured
python-20260723T020649Z,621553246858843935,16,135,late_rebuild,37336,16,1,measured
python-20260723T020649Z,621553246858843935,16,135,proof_verify,11717,16,1,measured
python-20260723T020649Z,621553246858843935,16,135,merkle_build,15333,16,1,measured
python-20260723T020649Z,621553246858843935,16,135,signature_admission_batch,1903574,16,1,measured
python-20260723T020649Z,621553246858843935,16,135,sign_batch,585752,16,1,measured
python-20260723T020649Z,621553246858843935,16,135,verify_batch,2099695,16,1,measured
python-20260723T020649Z,621553246858843935,16,136,signature_admission_batch,1889542,16,1,measured
python-20260723T020649Z,621553246858843935,16,136,late_rebuild,44226,16,1,measured
python-20260723T020649Z,621553246858843935,16,136,verify_batch,1823193,16,1,measured
python-20260723T020649Z,621553246858843935,16,136,sign_batch,636468,16,1,measured
python-20260723T020649Z,621553246858843935,16,136,merkle_build,22784,16,1,measured
python-20260723T020649Z,621553246858843935,16,136,proof_verify,15473,16,1,measured
python-20260723T020649Z,621553246858843935,16,137,proof_verify,13760,16,1,measured
python-20260723T020649Z,621553246858843935,16,137,signature_admission_batch,1956091,16,1,measured
python-20260723T020649Z,621553246858843935,16,137,late_rebuild,42824,16,1,measured
python-20260723T020649Z,621553246858843935,16,137,merkle_build,15473,16,1,measured
python-20260723T020649Z,621553246858843935,16,137,sign_batch,741434,16,1,measured
python-20260723T020649Z,621553246858843935,16,137,verify_batch,1869933,16,1,measured
python-20260723T020649Z,621553246858843935,16,138,late_rebuild,47421,16,1,measured
python-20260723T020649Z,621553246858843935,16,138,verify_batch,1754932,16,1,measured
python-20260723T020649Z,621553246858843935,16,138,signature_admission_batch,1859117,16,1,measured
python-20260723T020649Z,621553246858843935,16,138,merkle_build,17566,16,1,measured
python-20260723T020649Z,621553246858843935,16,138,proof_verify,13029,16,1,measured
python-20260723T020649Z,621553246858843935,16,138,sign_batch,583398,16,1,measured
python-20260723T020649Z,621553246858843935,16,139,merkle_build,15894,16,1,measured
python-20260723T020649Z,621553246858843935,16,139,late_rebuild,35483,16,1,measured
python-20260723T020649Z,621553246858843935,16,139,signature_admission_batch,2230890,16,1,measured
python-20260723T020649Z,621553246858843935,16,139,proof_verify,14482,16,1,measured
python-20260723T020649Z,621553246858843935,16,139,verify_batch,2161737,16,1,measured
python-20260723T020649Z,621553246858843935,16,139,sign_batch,619733,16,1,measured
python-20260723T020649Z,621553246858843935,16,140,sign_batch,596869,16,1,measured
python-20260723T020649Z,621553246858843935,16,140,verify_batch,1980468,16,1,measured
python-20260723T020649Z,621553246858843935,16,140,merkle_build,27431,16,1,measured
python-20260723T020649Z,621553246858843935,16,140,late_rebuild,45928,16,1,measured
python-20260723T020649Z,621553246858843935,16,140,proof_verify,13159,16,1,measured
python-20260723T020649Z,621553246858843935,16,140,signature_admission_batch,1952066,16,1,measured
python-20260723T020649Z,621553246858843935,16,141,proof_verify,11787,16,1,measured
python-20260723T020649Z,621553246858843935,16,141,merkle_build,17576,16,1,measured
python-20260723T020649Z,621553246858843935,16,141,sign_batch,627494,16,1,measured
python-20260723T020649Z,621553246858843935,16,141,signature_admission_batch,1828241,16,1,measured
python-20260723T020649Z,621553246858843935,16,141,late_rebuild,39609,16,1,measured
python-20260723T020649Z,621553246858843935,16,141,verify_batch,1747521,16,1,measured
python-20260723T020649Z,621553246858843935,16,142,late_rebuild,37295,16,1,measured
python-20260723T020649Z,621553246858843935,16,142,proof_verify,10255,16,1,measured
python-20260723T020649Z,621553246858843935,16,142,verify_batch,1937864,16,1,measured
python-20260723T020649Z,621553246858843935,16,142,signature_admission_batch,2343328,16,1,measured
python-20260723T020649Z,621553246858843935,16,142,sign_batch,751068,16,1,measured
python-20260723T020649Z,621553246858843935,16,142,merkle_build,29964,16,1,measured
python-20260723T020649Z,621553246858843935,16,143,verify_batch,2044573,16,1,measured
python-20260723T020649Z,621553246858843935,16,143,merkle_build,37206,16,1,measured
python-20260723T020649Z,621553246858843935,16,143,late_rebuild,47100,16,1,measured
python-20260723T020649Z,621553246858843935,16,143,proof_verify,16164,16,1,measured
python-20260723T020649Z,621553246858843935,16,143,sign_batch,653273,16,1,measured
python-20260723T020649Z,621553246858843935,16,143,signature_admission_batch,1891405,16,1,measured
python-20260723T020649Z,621553246858843935,16,144,merkle_build,17316,16,1,measured
python-20260723T020649Z,621553246858843935,16,144,proof_verify,11056,16,1,measured
python-20260723T020649Z,621553246858843935,16,144,late_rebuild,37677,16,1,measured
python-20260723T020649Z,621553246858843935,16,144,signature_admission_batch,1860749,16,1,measured
python-20260723T020649Z,621553246858843935,16,144,sign_batch,702135,16,1,measured
python-20260723T020649Z,621553246858843935,16,144,verify_batch,1732028,16,1,measured
python-20260723T020649Z,621553246858843935,16,145,verify_batch,1799939,16,1,measured
python-20260723T020649Z,621553246858843935,16,145,proof_verify,16224,16,1,measured
python-20260723T020649Z,621553246858843935,16,145,merkle_build,16685,16,1,measured
python-20260723T020649Z,621553246858843935,16,145,late_rebuild,38147,16,1,measured
python-20260723T020649Z,621553246858843935,16,145,signature_admission_batch,1868111,16,1,measured
python-20260723T020649Z,621553246858843935,16,145,sign_batch,584010,16,1,measured
python-20260723T020649Z,621553246858843935,16,146,merkle_build,16254,16,1,measured
python-20260723T020649Z,621553246858843935,16,146,proof_verify,9794,16,1,measured
python-20260723T020649Z,621553246858843935,16,146,late_rebuild,69514,16,1,measured
python-20260723T020649Z,621553246858843935,16,146,signature_admission_batch,1918675,16,1,measured
python-20260723T020649Z,621553246858843935,16,146,verify_batch,1728463,16,1,measured
python-20260723T020649Z,621553246858843935,16,146,sign_batch,613874,16,1,measured
python-20260723T020649Z,621553246858843935,16,147,signature_admission_batch,1844405,16,1,measured
python-20260723T020649Z,621553246858843935,16,147,proof_verify,13610,16,1,measured
python-20260723T020649Z,621553246858843935,16,147,merkle_build,16975,16,1,measured
python-20260723T020649Z,621553246858843935,16,147,verify_batch,1722574,16,1,measured
python-20260723T020649Z,621553246858843935,16,147,late_rebuild,39188,16,1,measured
python-20260723T020649Z,621553246858843935,16,147,sign_batch,615957,16,1,measured
python-20260723T020649Z,621553246858843935,16,148,late_rebuild,37486,16,1,measured
python-20260723T020649Z,621553246858843935,16,148,merkle_build,14051,16,1,measured
python-20260723T020649Z,621553246858843935,16,148,verify_batch,1744817,16,1,measured
python-20260723T020649Z,621553246858843935,16,148,sign_batch,580595,16,1,measured
python-20260723T020649Z,621553246858843935,16,148,signature_admission_batch,1845397,16,1,measured
python-20260723T020649Z,621553246858843935,16,148,proof_verify,11888,16,1,measured
python-20260723T020649Z,621553246858843935,16,149,signature_admission_batch,1892527,16,1,measured
python-20260723T020649Z,621553246858843935,16,149,verify_batch,1775292,16,1,measured
python-20260723T020649Z,621553246858843935,16,149,sign_batch,594405,16,1,measured
python-20260723T020649Z,621553246858843935,16,149,late_rebuild,41683,16,1,measured
python-20260723T020649Z,621553246858843935,16,149,merkle_build,14702,16,1,measured
python-20260723T020649Z,621553246858843935,16,149,proof_verify,9954,16,1,measured
python-20260723T020649Z,621553246858843935,16,150,sign_batch,605401,16,1,measured
python-20260723T020649Z,621553246858843935,16,150,merkle_build,15613,16,1,measured
python-20260723T020649Z,621553246858843935,16,150,proof_verify,8723,16,1,measured
python-20260723T020649Z,621553246858843935,16,150,verify_batch,1746300,16,1,measured
python-20260723T020649Z,621553246858843935,16,150,signature_admission_batch,1865697,16,1,measured
python-20260723T020649Z,621553246858843935,16,150,late_rebuild,39048,16,1,measured
python-20260723T020649Z,621553246858843935,16,151,sign_batch,641184,16,1,measured
python-20260723T020649Z,621553246858843935,16,151,late_rebuild,39528,16,1,measured
python-20260723T020649Z,621553246858843935,16,151,merkle_build,14352,16,1,measured
python-20260723T020649Z,621553246858843935,16,151,verify_batch,1730675,16,1,measured
python-20260723T020649Z,621553246858843935,16,151,signature_admission_batch,1947228,16,1,measured
python-20260723T020649Z,621553246858843935,16,151,proof_verify,12389,16,1,measured
python-20260723T020649Z,621553246858843935,16,152,sign_batch,583268,16,1,measured
python-20260723T020649Z,621553246858843935,16,152,verify_batch,1737236,16,1,measured
python-20260723T020649Z,621553246858843935,16,152,proof_verify,10896,16,1,measured
python-20260723T020649Z,621553246858843935,16,152,merkle_build,16474,16,1,measured
python-20260723T020649Z,621553246858843935,16,152,late_rebuild,35834,16,1,measured
python-20260723T020649Z,621553246858843935,16,152,signature_admission_batch,1839408,16,1,measured
python-20260723T020649Z,621553246858843935,16,153,sign_batch,581225,16,1,measured
python-20260723T020649Z,621553246858843935,16,153,proof_verify,11688,16,1,measured
python-20260723T020649Z,621553246858843935,16,153,merkle_build,15302,16,1,measured
python-20260723T020649Z,621553246858843935,16,153,verify_batch,1770085,16,1,measured
python-20260723T020649Z,621553246858843935,16,153,signature_admission_batch,1904735,16,1,measured
python-20260723T020649Z,621553246858843935,16,153,late_rebuild,39399,16,1,measured
python-20260723T020649Z,621553246858843935,16,154,signature_admission_batch,1830394,16,1,measured
python-20260723T020649Z,621553246858843935,16,154,late_rebuild,35223,16,1,measured
python-20260723T020649Z,621553246858843935,16,154,sign_batch,585952,16,1,measured
python-20260723T020649Z,621553246858843935,16,154,proof_verify,10635,16,1,measured
python-20260723T020649Z,621553246858843935,16,154,merkle_build,14902,16,1,measured
python-20260723T020649Z,621553246858843935,16,154,verify_batch,1816003,16,1,measured
python-20260723T020649Z,621553246858843935,16,155,sign_batch,581175,16,1,measured
python-20260723T020649Z,621553246858843935,16,155,late_rebuild,41662,16,1,measured
python-20260723T020649Z,621553246858843935,16,155,verify_batch,1734201,16,1,measured
python-20260723T020649Z,621553246858843935,16,155,signature_admission_batch,1842192,16,1,measured
python-20260723T020649Z,621553246858843935,16,155,merkle_build,16064,16,1,measured
python-20260723T020649Z,621553246858843935,16,155,proof_verify,9965,16,1,measured
python-20260723T020649Z,621553246858843935,16,156,signature_admission_batch,1829714,16,1,measured
python-20260723T020649Z,621553246858843935,16,156,late_rebuild,36174,16,1,measured
python-20260723T020649Z,621553246858843935,16,156,proof_verify,8192,16,1,measured
python-20260723T020649Z,621553246858843935,16,156,sign_batch,580103,16,1,measured
python-20260723T020649Z,621553246858843935,16,156,merkle_build,15242,16,1,measured
python-20260723T020649Z,621553246858843935,16,156,verify_batch,1745909,16,1,measured
python-20260723T020649Z,621553246858843935,16,157,verify_batch,1856483,16,1,measured
python-20260723T020649Z,621553246858843935,16,157,sign_batch,609848,16,1,measured
python-20260723T020649Z,621553246858843935,16,157,late_rebuild,47450,16,1,measured
python-20260723T020649Z,621553246858843935,16,157,proof_verify,10165,16,1,measured
python-20260723T020649Z,621553246858843935,16,157,signature_admission_batch,1818487,16,1,measured
python-20260723T020649Z,621553246858843935,16,157,merkle_build,15453,16,1,measured
python-20260723T020649Z,621553246858843935,16,158,signature_admission_batch,1833969,16,1,measured
python-20260723T020649Z,621553246858843935,16,158,merkle_build,16675,16,1,measured
python-20260723T020649Z,621553246858843935,16,158,proof_verify,15303,16,1,measured
python-20260723T020649Z,621553246858843935,16,158,sign_batch,608826,16,1,measured
python-20260723T020649Z,621553246858843935,16,158,late_rebuild,37486,16,1,measured
python-20260723T020649Z,621553246858843935,16,158,verify_batch,1768833,16,1,measured
python-20260723T020649Z,621553246858843935,16,159,sign_batch,602387,16,1,measured
python-20260723T020649Z,621553246858843935,16,159,proof_verify,12428,16,1,measured
python-20260723T020649Z,621553246858843935,16,159,merkle_build,16074,16,1,measured
python-20260723T020649Z,621553246858843935,16,159,late_rebuild,37005,16,1,measured
python-20260723T020649Z,621553246858843935,16,159,verify_batch,1809142,16,1,measured
python-20260723T020649Z,621553246858843935,16,159,signature_admission_batch,1924464,16,1,measured
python-20260723T020649Z,621553246858843935,16,160,signature_admission_batch,1868511,16,1,measured
python-20260723T020649Z,621553246858843935,16,160,sign_batch,585852,16,1,measured
python-20260723T020649Z,621553246858843935,16,160,proof_verify,13901,16,1,measured
python-20260723T020649Z,621553246858843935,16,160,merkle_build,17336,16,1,measured
python-20260723T020649Z,621553246858843935,16,160,verify_batch,1736474,16,1,measured
python-20260723T020649Z,621553246858843935,16,160,late_rebuild,38788,16,1,measured
python-20260723T020649Z,621553246858843935,16,161,late_rebuild,34342,16,1,measured
python-20260723T020649Z,621553246858843935,16,161,signature_admission_batch,1838917,16,1,measured
python-20260723T020649Z,621553246858843935,16,161,proof_verify,9655,16,1,measured
python-20260723T020649Z,621553246858843935,16,161,sign_batch,583559,16,1,measured
python-20260723T020649Z,621553246858843935,16,161,merkle_build,16144,16,1,measured
python-20260723T020649Z,621553246858843935,16,161,verify_batch,1735563,16,1,measured
python-20260723T020649Z,621553246858843935,16,162,signature_admission_batch,1941801,16,1,measured
python-20260723T020649Z,621553246858843935,16,162,sign_batch,583699,16,1,measured
python-20260723T020649Z,621553246858843935,16,162,proof_verify,12158,16,1,measured
python-20260723T020649Z,621553246858843935,16,162,merkle_build,16444,16,1,measured
python-20260723T020649Z,621553246858843935,16,162,verify_batch,1806909,16,1,measured
python-20260723T020649Z,621553246858843935,16,162,late_rebuild,42924,16,1,measured
python-20260723T020649Z,621553246858843935,16,163,merkle_build,14842,16,1,measured
python-20260723T020649Z,621553246858843935,16,163,late_rebuild,33861,16,1,measured
python-20260723T020649Z,621553246858843935,16,163,verify_batch,1760200,16,1,measured
python-20260723T020649Z,621553246858843935,16,163,sign_batch,584721,16,1,measured
python-20260723T020649Z,621553246858843935,16,163,signature_admission_batch,1828632,16,1,measured
python-20260723T020649Z,621553246858843935,16,163,proof_verify,10786,16,1,measured
python-20260723T020649Z,621553246858843935,16,164,merkle_build,15343,16,1,measured
python-20260723T020649Z,621553246858843935,16,164,late_rebuild,34511,16,1,measured
python-20260723T020649Z,621553246858843935,16,164,sign_batch,605431,16,1,measured
python-20260723T020649Z,621553246858843935,16,164,proof_verify,9153,16,1,measured
python-20260723T020649Z,621553246858843935,16,164,signature_admission_batch,1817555,16,1,measured
python-20260723T020649Z,621553246858843935,16,164,verify_batch,1749284,16,1,measured
python-20260723T020649Z,621553246858843935,16,165,merkle_build,16204,16,1,measured
python-20260723T020649Z,621553246858843935,16,165,signature_admission_batch,1814270,16,1,measured
python-20260723T020649Z,621553246858843935,16,165,proof_verify,9374,16,1,measured
python-20260723T020649Z,621553246858843935,16,165,verify_batch,1810555,16,1,measured
python-20260723T020649Z,621553246858843935,16,165,sign_batch,631910,16,1,measured
python-20260723T020649Z,621553246858843935,16,165,late_rebuild,42743,16,1,measured
python-20260723T020649Z,621553246858843935,16,166,late_rebuild,35112,16,1,measured
python-20260723T020649Z,621553246858843935,16,166,sign_batch,585832,16,1,measured
python-20260723T020649Z,621553246858843935,16,166,signature_admission_batch,1854901,16,1,measured
python-20260723T020649Z,621553246858843935,16,166,proof_verify,10636,16,1,measured
python-20260723T020649Z,621553246858843935,16,166,merkle_build,15372,16,1,measured
python-20260723T020649Z,621553246858843935,16,166,verify_batch,1756124,16,1,measured
python-20260723T020649Z,621553246858843935,16,167,merkle_build,15903,16,1,measured
python-20260723T020649Z,621553246858843935,16,167,proof_verify,8062,16,1,measured
python-20260723T020649Z,621553246858843935,16,167,late_rebuild,35653,16,1,measured
python-20260723T020649Z,621553246858843935,16,167,verify_batch,1741732,16,1,measured
python-20260723T020649Z,621553246858843935,16,167,sign_batch,583909,16,1,measured
python-20260723T020649Z,621553246858843935,16,167,signature_admission_batch,1838266,16,1,measured
python-20260723T020649Z,621553246858843935,16,168,proof_verify,9674,16,1,measured
python-20260723T020649Z,621553246858843935,16,168,signature_admission_batch,1915912,16,1,measured
python-20260723T020649Z,621553246858843935,16,168,verify_batch,1835231,16,1,measured
python-20260723T020649Z,621553246858843935,16,168,sign_batch,645832,16,1,measured
python-20260723T020649Z,621553246858843935,16,168,merkle_build,30015,16,1,measured
python-20260723T020649Z,621553246858843935,16,168,late_rebuild,56184,16,1,measured
python-20260723T020649Z,621553246858843935,16,169,late_rebuild,50865,16,1,measured
python-20260723T020649Z,621553246858843935,16,169,signature_admission_batch,2047938,16,1,measured
python-20260723T020649Z,621553246858843935,16,169,merkle_build,28001,16,1,measured
python-20260723T020649Z,621553246858843935,16,169,verify_batch,2112654,16,1,measured
python-20260723T020649Z,621553246858843935,16,169,proof_verify,24576,16,1,measured
python-20260723T020649Z,621553246858843935,16,169,sign_batch,705340,16,1,measured
python-20260723T020649Z,621553246858843935,16,170,signature_admission_batch,2404568,16,1,measured
python-20260723T020649Z,621553246858843935,16,170,proof_verify,18568,16,1,measured
python-20260723T020649Z,621553246858843935,16,170,merkle_build,27050,16,1,measured
python-20260723T020649Z,621553246858843935,16,170,late_rebuild,47440,16,1,measured
python-20260723T020649Z,621553246858843935,16,170,verify_batch,2000557,16,1,measured
python-20260723T020649Z,621553246858843935,16,170,sign_batch,596097,16,1,measured
python-20260723T020649Z,621553246858843935,16,171,late_rebuild,45909,16,1,measured
python-20260723T020649Z,621553246858843935,16,171,proof_verify,11377,16,1,measured
python-20260723T020649Z,621553246858843935,16,171,merkle_build,15343,16,1,measured
python-20260723T020649Z,621553246858843935,16,171,signature_admission_batch,1899728,16,1,measured
python-20260723T020649Z,621553246858843935,16,171,verify_batch,1790865,16,1,measured
python-20260723T020649Z,621553246858843935,16,171,sign_batch,583990,16,1,measured
python-20260723T020649Z,621553246858843935,16,172,sign_batch,633202,16,1,measured
python-20260723T020649Z,621553246858843935,16,172,proof_verify,15143,16,1,measured
python-20260723T020649Z,621553246858843935,16,172,merkle_build,16334,16,1,measured
python-20260723T020649Z,621553246858843935,16,172,signature_admission_batch,1825607,16,1,measured
python-20260723T020649Z,621553246858843935,16,172,verify_batch,1753851,16,1,measured
python-20260723T020649Z,621553246858843935,16,172,late_rebuild,40891,16,1,measured
python-20260723T020649Z,621553246858843935,16,173,merkle_build,14812,16,1,measured
python-20260723T020649Z,621553246858843935,16,173,sign_batch,610979,16,1,measured
python-20260723T020649Z,621553246858843935,16,173,proof_verify,11957,16,1,measured
python-20260723T020649Z,621553246858843935,16,173,late_rebuild,37495,16,1,measured
python-20260723T020649Z,621553246858843935,16,173,verify_batch,1809503,16,1,measured
python-20260723T020649Z,621553246858843935,16,173,signature_admission_batch,1879147,16,1,measured
python-20260723T020649Z,621553246858843935,16,174,sign_batch,583388,16,1,measured
python-20260723T020649Z,621553246858843935,16,174,verify_batch,1735112,16,1,measured
python-20260723T020649Z,621553246858843935,16,174,merkle_build,18027,16,1,measured
python-20260723T020649Z,621553246858843935,16,174,proof_verify,11146,16,1,measured
python-20260723T020649Z,621553246858843935,16,174,late_rebuild,37005,16,1,measured
python-20260723T020649Z,621553246858843935,16,174,signature_admission_batch,1842983,16,1,measured
python-20260723T020649Z,621553246858843935,16,175,proof_verify,9864,16,1,measured
python-20260723T020649Z,621553246858843935,16,175,verify_batch,1730836,16,1,measured
python-20260723T020649Z,621553246858843935,16,175,signature_admission_batch,1849072,16,1,measured
python-20260723T020649Z,621553246858843935,16,175,late_rebuild,38106,16,1,measured
python-20260723T020649Z,621553246858843935,16,175,sign_batch,581966,16,1,measured
python-20260723T020649Z,621553246858843935,16,175,merkle_build,16044,16,1,measured
python-20260723T020649Z,621553246858843935,16,176,verify_batch,1858317,16,1,measured
python-20260723T020649Z,621553246858843935,16,176,late_rebuild,48582,16,1,measured
python-20260723T020649Z,621553246858843935,16,176,merkle_build,15102,16,1,measured
python-20260723T020649Z,621553246858843935,16,176,sign_batch,669627,16,1,measured
python-20260723T020649Z,621553246858843935,16,176,proof_verify,16304,16,1,measured
python-20260723T020649Z,621553246858843935,16,176,signature_admission_batch,1886939,16,1,measured
python-20260723T020649Z,621553246858843935,16,177,merkle_build,16855,16,1,measured
python-20260723T020649Z,621553246858843935,16,177,verify_batch,1756555,16,1,measured
python-20260723T020649Z,621553246858843935,16,177,signature_admission_batch,1845637,16,1,measured
python-20260723T020649Z,621553246858843935,16,177,late_rebuild,39429,16,1,measured
python-20260723T020649Z,621553246858843935,16,177,sign_batch,581736,16,1,measured
python-20260723T020649Z,621553246858843935,16,177,proof_verify,11297,16,1,measured
python-20260723T020649Z,621553246858843935,16,178,sign_batch,580824,16,1,measured
python-20260723T020649Z,621553246858843935,16,178,proof_verify,9304,16,1,measured
python-20260723T020649Z,621553246858843935,16,178,late_rebuild,35813,16,1,measured
python-20260723T020649Z,621553246858843935,16,178,verify_batch,1803625,16,1,measured
python-20260723T020649Z,621553246858843935,16,178,signature_admission_batch,1837635,16,1,measured
python-20260723T020649Z,621553246858843935,16,178,merkle_build,15784,16,1,measured
python-20260723T020649Z,621553246858843935,16,179,signature_admission_batch,1830544,16,1,measured
python-20260723T020649Z,621553246858843935,16,179,sign_batch,617669,16,1,measured
python-20260723T020649Z,621553246858843935,16,179,late_rebuild,38477,16,1,measured
python-20260723T020649Z,621553246858843935,16,179,merkle_build,14382,16,1,measured
python-20260723T020649Z,621553246858843935,16,179,verify_batch,1721493,16,1,measured
python-20260723T020649Z,621553246858843935,16,179,proof_verify,14832,16,1,measured
python-20260723T020649Z,621553246858843935,16,180,signature_admission_batch,1846909,16,1,measured
python-20260723T020649Z,621553246858843935,16,180,merkle_build,16585,16,1,measured
python-20260723T020649Z,621553246858843935,16,180,late_rebuild,34591,16,1,measured
python-20260723T020649Z,621553246858843935,16,180,proof_verify,8833,16,1,measured
python-20260723T020649Z,621553246858843935,16,180,verify_batch,1738518,16,1,measured
python-20260723T020649Z,621553246858843935,16,180,sign_batch,592222,16,1,measured
python-20260723T020649Z,621553246858843935,16,181,late_rebuild,36805,16,1,measured
python-20260723T020649Z,621553246858843935,16,181,merkle_build,14241,16,1,measured
python-20260723T020649Z,621553246858843935,16,181,sign_batch,580204,16,1,measured
python-20260723T020649Z,621553246858843935,16,181,proof_verify,8823,16,1,measured
python-20260723T020649Z,621553246858843935,16,181,verify_batch,2001519,16,1,measured
python-20260723T020649Z,621553246858843935,16,181,signature_admission_batch,2305382,16,1,measured
python-20260723T020649Z,621553246858843935,16,182,signature_admission_batch,2162209,16,1,measured
python-20260723T020649Z,621553246858843935,16,182,sign_batch,712440,16,1,measured
python-20260723T020649Z,621553246858843935,16,182,proof_verify,55673,16,1,measured
python-20260723T020649Z,621553246858843935,16,182,merkle_build,26780,16,1,measured
python-20260723T020649Z,621553246858843935,16,182,late_rebuild,54732,16,1,measured
python-20260723T020649Z,621553246858843935,16,182,verify_batch,2033647,16,1,measured
python-20260723T020649Z,621553246858843935,16,183,signature_admission_batch,1858276,16,1,measured
python-20260723T020649Z,621553246858843935,16,183,sign_batch,585612,16,1,measured
python-20260723T020649Z,621553246858843935,16,183,proof_verify,13430,16,1,measured
python-20260723T020649Z,621553246858843935,16,183,verify_batch,1750325,16,1,measured
python-20260723T020649Z,621553246858843935,16,183,merkle_build,18248,16,1,measured
python-20260723T020649Z,621553246858843935,16,183,late_rebuild,38076,16,1,measured
python-20260723T020649Z,621553246858843935,16,184,late_rebuild,35043,16,1,measured
python-20260723T020649Z,621553246858843935,16,184,sign_batch,607083,16,1,measured
python-20260723T020649Z,621553246858843935,16,184,merkle_build,24767,16,1,measured
python-20260723T020649Z,621553246858843935,16,184,verify_batch,2009651,16,1,measured
python-20260723T020649Z,621553246858843935,16,184,proof_verify,15233,16,1,measured
python-20260723T020649Z,621553246858843935,16,184,signature_admission_batch,1870104,16,1,measured
python-20260723T020649Z,621553246858843935,16,185,proof_verify,10105,16,1,measured
python-20260723T020649Z,621553246858843935,16,185,merkle_build,15984,16,1,measured
python-20260723T020649Z,621553246858843935,16,185,sign_batch,600424,16,1,measured
python-20260723T020649Z,621553246858843935,16,185,late_rebuild,39038,16,1,measured
python-20260723T020649Z,621553246858843935,16,185,signature_admission_batch,1854280,16,1,measured
python-20260723T020649Z,621553246858843935,16,185,verify_batch,1764967,16,1,measured
python-20260723T020649Z,621553246858843935,16,186,signature_admission_batch,1843714,16,1,measured
python-20260723T020649Z,621553246858843935,16,186,merkle_build,18337,16,1,measured
python-20260723T020649Z,621553246858843935,16,186,proof_verify,9875,16,1,measured
python-20260723T020649Z,621553246858843935,16,186,late_rebuild,36654,16,1,measured
python-20260723T020649Z,621553246858843935,16,186,sign_batch,609487,16,1,measured
python-20260723T020649Z,621553246858843935,16,186,verify_batch,1728353,16,1,measured
python-20260723T020649Z,621553246858843935,16,187,merkle_build,16885,16,1,measured
python-20260723T020649Z,621553246858843935,16,187,verify_batch,1742504,16,1,measured
python-20260723T020649Z,621553246858843935,16,187,proof_verify,12168,16,1,measured
python-20260723T020649Z,621553246858843935,16,187,signature_admission_batch,1846769,16,1,measured
python-20260723T020649Z,621553246858843935,16,187,late_rebuild,37866,16,1,measured
python-20260723T020649Z,621553246858843935,16,187,sign_batch,584260,16,1,measured
python-20260723T020649Z,621553246858843935,16,188,signature_admission_batch,1949262,16,1,measured
python-20260723T020649Z,621553246858843935,16,188,late_rebuild,42183,16,1,measured
python-20260723T020649Z,621553246858843935,16,188,proof_verify,11808,16,1,measured
python-20260723T020649Z,621553246858843935,16,188,sign_batch,740252,16,1,measured
python-20260723T020649Z,621553246858843935,16,188,merkle_build,19148,16,1,measured
python-20260723T020649Z,621553246858843935,16,188,verify_batch,2009221,16,1,measured
python-20260723T020649Z,621553246858843935,16,189,merkle_build,20881,16,1,measured
python-20260723T020649Z,621553246858843935,16,189,verify_batch,1938756,16,1,measured
python-20260723T020649Z,621553246858843935,16,189,sign_batch,803485,16,1,measured
python-20260723T020649Z,621553246858843935,16,189,signature_admission_batch,1920679,16,1,measured
python-20260723T020649Z,621553246858843935,16,189,proof_verify,18498,16,1,measured
python-20260723T020649Z,621553246858843935,16,189,late_rebuild,42554,16,1,measured
python-20260723T020649Z,621553246858843935,16,190,sign_batch,615256,16,1,measured
python-20260723T020649Z,621553246858843935,16,190,signature_admission_batch,1832077,16,1,measured
python-20260723T020649Z,621553246858843935,16,190,merkle_build,17877,16,1,measured
python-20260723T020649Z,621553246858843935,16,190,proof_verify,10295,16,1,measured
python-20260723T020649Z,621553246858843935,16,190,late_rebuild,36344,16,1,measured
python-20260723T020649Z,621553246858843935,16,190,verify_batch,1939216,16,1,measured
python-20260723T020649Z,621553246858843935,16,191,sign_batch,619322,16,1,measured
python-20260723T020649Z,621553246858843935,16,191,late_rebuild,71126,16,1,measured
python-20260723T020649Z,621553246858843935,16,191,merkle_build,23505,16,1,measured
python-20260723T020649Z,621553246858843935,16,191,signature_admission_batch,2082300,16,1,measured
python-20260723T020649Z,621553246858843935,16,191,verify_batch,2184601,16,1,measured
python-20260723T020649Z,621553246858843935,16,191,proof_verify,26440,16,1,measured
python-20260723T020649Z,621553246858843935,16,192,proof_verify,11677,16,1,measured
python-20260723T020649Z,621553246858843935,16,192,late_rebuild,58647,16,1,measured
python-20260723T020649Z,621553246858843935,16,192,signature_admission_batch,2097312,16,1,measured
python-20260723T020649Z,621553246858843935,16,192,sign_batch,588385,16,1,measured
python-20260723T020649Z,621553246858843935,16,192,verify_batch,1909362,16,1,measured
python-20260723T020649Z,621553246858843935,16,192,merkle_build,21672,16,1,measured
python-20260723T020649Z,621553246858843935,16,193,late_rebuild,41942,16,1,measured
python-20260723T020649Z,621553246858843935,16,193,sign_batch,605321,16,1,measured
python-20260723T020649Z,621553246858843935,16,193,merkle_build,15833,16,1,measured
python-20260723T020649Z,621553246858843935,16,193,proof_verify,14462,16,1,measured
python-20260723T020649Z,621553246858843935,16,193,signature_admission_batch,2119295,16,1,measured
python-20260723T020649Z,621553246858843935,16,193,verify_batch,2268817,16,1,measured
python-20260723T020649Z,621553246858843935,16,194,verify_batch,4134975,16,1,measured
python-20260723T020649Z,621553246858843935,16,194,sign_batch,593133,16,1,measured
python-20260723T020649Z,621553246858843935,16,194,late_rebuild,55363,16,1,measured
python-20260723T020649Z,621553246858843935,16,194,merkle_build,15754,16,1,measured
python-20260723T020649Z,621553246858843935,16,194,signature_admission_batch,1894980,16,1,measured
python-20260723T020649Z,621553246858843935,16,194,proof_verify,16645,16,1,measured
python-20260723T020649Z,621553246858843935,16,195,proof_verify,9084,16,1,measured
python-20260723T020649Z,621553246858843935,16,195,merkle_build,16285,16,1,measured
python-20260723T020649Z,621553246858843935,16,195,sign_batch,584540,16,1,measured
python-20260723T020649Z,621553246858843935,16,195,verify_batch,4899563,16,1,measured
python-20260723T020649Z,621553246858843935,16,195,signature_admission_batch,4368322,16,1,measured
python-20260723T020649Z,621553246858843935,16,195,late_rebuild,51737,16,1,measured
python-20260723T020649Z,621553246858843935,16,196,signature_admission_batch,1869833,16,1,measured
python-20260723T020649Z,621553246858843935,16,196,proof_verify,16364,16,1,measured
python-20260723T020649Z,621553246858843935,16,196,verify_batch,1740531,16,1,measured
python-20260723T020649Z,621553246858843935,16,196,sign_batch,585201,16,1,measured
python-20260723T020649Z,621553246858843935,16,196,merkle_build,17547,16,1,measured
python-20260723T020649Z,621553246858843935,16,196,late_rebuild,36344,16,1,measured
python-20260723T020649Z,621553246858843935,16,197,signature_admission_batch,1866809,16,1,measured
python-20260723T020649Z,621553246858843935,16,197,merkle_build,16625,16,1,measured
python-20260723T020649Z,621553246858843935,16,197,proof_verify,10446,16,1,measured
python-20260723T020649Z,621553246858843935,16,197,verify_batch,1743345,16,1,measured
python-20260723T020649Z,621553246858843935,16,197,late_rebuild,37776,16,1,measured
python-20260723T020649Z,621553246858843935,16,197,sign_batch,604340,16,1,measured
python-20260723T020649Z,621553246858843935,16,198,late_rebuild,37335,16,1,measured
python-20260723T020649Z,621553246858843935,16,198,proof_verify,17806,16,1,measured
python-20260723T020649Z,621553246858843935,16,198,merkle_build,23765,16,1,measured
python-20260723T020649Z,621553246858843935,16,198,verify_batch,1864365,16,1,measured
python-20260723T020649Z,621553246858843935,16,198,sign_batch,748534,16,1,measured
python-20260723T020649Z,621553246858843935,16,198,signature_admission_batch,2104172,16,1,measured
python-20260723T020649Z,621553246858843935,16,199,merkle_build,22734,16,1,measured
python-20260723T020649Z,621553246858843935,16,199,proof_verify,15052,16,1,measured
python-20260723T020649Z,621553246858843935,16,199,signature_admission_batch,2067908,16,1,measured
python-20260723T020649Z,621553246858843935,16,199,sign_batch,673021,16,1,measured
python-20260723T020649Z,621553246858843935,16,199,late_rebuild,46459,16,1,measured
python-20260723T020649Z,621553246858843935,16,199,verify_batch,1795913,16,1,measured
python-20260723T020649Z,2640845241519884909,64,0,proof_verify,20260,64,2,measured
python-20260723T020649Z,2640845241519884909,64,0,verify_batch,7106878,64,2,measured
python-20260723T020649Z,2640845241519884909,64,0,signature_admission_batch,7407806,64,2,measured
python-20260723T020649Z,2640845241519884909,64,0,merkle_build,62543,64,2,measured
python-20260723T020649Z,2640845241519884909,64,0,sign_batch,2360043,64,2,measured
python-20260723T020649Z,2640845241519884909,64,0,late_rebuild,119748,64,2,measured
python-20260723T020649Z,2640845241519884909,64,1,verify_batch,7025126,64,2,measured
python-20260723T020649Z,2640845241519884909,64,1,signature_admission_batch,7552512,64,2,measured
python-20260723T020649Z,2640845241519884909,64,1,merkle_build,58217,64,2,measured
python-20260723T020649Z,2640845241519884909,64,1,late_rebuild,119508,64,2,measured
python-20260723T020649Z,2640845241519884909,64,1,sign_batch,2371220,64,2,measured
python-20260723T020649Z,2640845241519884909,64,1,proof_verify,19990,64,2,measured
python-20260723T020649Z,2640845241519884909,64,2,verify_batch,7017565,64,2,measured
python-20260723T020649Z,2640845241519884909,64,2,late_rebuild,122752,64,2,measured
python-20260723T020649Z,2640845241519884909,64,2,merkle_build,52197,64,2,measured
python-20260723T020649Z,2640845241519884909,64,2,signature_admission_batch,7390500,64,2,measured
python-20260723T020649Z,2640845241519884909,64,2,proof_verify,18488,64,2,measured
python-20260723T020649Z,2640845241519884909,64,2,sign_batch,2354725,64,2,measured
python-20260723T020649Z,2640845241519884909,64,3,late_rebuild,125516,64,2,measured
python-20260723T020649Z,2640845241519884909,64,3,sign_batch,2343347,64,2,measured
python-20260723T020649Z,2640845241519884909,64,3,verify_batch,7014460,64,2,measured
python-20260723T020649Z,2640845241519884909,64,3,merkle_build,71767,64,2,measured
python-20260723T020649Z,2640845241519884909,64,3,proof_verify,12368,64,2,measured
python-20260723T020649Z,2640845241519884909,64,3,signature_admission_batch,7398572,64,2,measured
python-20260723T020649Z,2640845241519884909,64,4,verify_batch,7347226,64,2,measured
python-20260723T020649Z,2640845241519884909,64,4,late_rebuild,135041,64,2,measured
python-20260723T020649Z,2640845241519884909,64,4,proof_verify,15102,64,2,measured
python-20260723T020649Z,2640845241519884909,64,4,signature_admission_batch,7424992,64,2,measured
python-20260723T020649Z,2640845241519884909,64,4,sign_batch,2347363,64,2,measured
python-20260723T020649Z,2640845241519884909,64,4,merkle_build,57916,64,2,measured
python-20260723T020649Z,2640845241519884909,64,5,merkle_build,52428,64,2,measured
python-20260723T020649Z,2640845241519884909,64,5,proof_verify,13280,64,2,measured
python-20260723T020649Z,2640845241519884909,64,5,sign_batch,2360193,64,2,measured
python-20260723T020649Z,2640845241519884909,64,5,late_rebuild,116914,64,2,measured
python-20260723T020649Z,2640845241519884909,64,5,verify_batch,7368007,64,2,measured
python-20260723T020649Z,2640845241519884909,64,5,signature_admission_batch,7389439,64,2,measured
python-20260723T020649Z,2640845241519884909,64,6,merkle_build,56424,64,2,measured
python-20260723T020649Z,2640845241519884909,64,6,late_rebuild,116633,64,2,measured
python-20260723T020649Z,2640845241519884909,64,6,proof_verify,12699,64,2,measured
python-20260723T020649Z,2640845241519884909,64,6,verify_batch,7290221,64,2,measured
python-20260723T020649Z,2640845241519884909,64,6,sign_batch,2342396,64,2,measured
python-20260723T020649Z,2640845241519884909,64,6,signature_admission_batch,7380365,64,2,measured
python-20260723T020649Z,2640845241519884909,64,7,merkle_build,55683,64,2,measured
python-20260723T020649Z,2640845241519884909,64,7,proof_verify,12418,64,2,measured
python-20260723T020649Z,2640845241519884909,64,7,late_rebuild,114680,64,2,measured
python-20260723T020649Z,2640845241519884909,64,7,signature_admission_batch,7404350,64,2,measured
python-20260723T020649Z,2640845241519884909,64,7,sign_batch,2531398,64,2,measured
python-20260723T020649Z,2640845241519884909,64,7,verify_batch,6998086,64,2,measured
python-20260723T020649Z,2640845241519884909,64,8,proof_verify,16685,64,2,measured
python-20260723T020649Z,2640845241519884909,64,8,verify_batch,7001401,64,2,measured
python-20260723T020649Z,2640845241519884909,64,8,signature_admission_batch,7383940,64,2,measured
python-20260723T020649Z,2640845241519884909,64,8,sign_batch,2365441,64,2,measured
python-20260723T020649Z,2640845241519884909,64,8,late_rebuild,131366,64,2,measured
python-20260723T020649Z,2640845241519884909,64,8,merkle_build,52869,64,2,measured
python-20260723T020649Z,2640845241519884909,64,9,sign_batch,2338871,64,2,measured
python-20260723T020649Z,2640845241519884909,64,9,verify_batch,7024365,64,2,measured
python-20260723T020649Z,2640845241519884909,64,9,late_rebuild,121291,64,2,measured
python-20260723T020649Z,2640845241519884909,64,9,proof_verify,13110,64,2,measured
python-20260723T020649Z,2640845241519884909,64,9,signature_admission_batch,7487254,64,2,measured
python-20260723T020649Z,2640845241519884909,64,9,merkle_build,56795,64,2,measured
python-20260723T020649Z,2640845241519884909,64,10,late_rebuild,118727,64,2,measured
python-20260723T020649Z,2640845241519884909,64,10,merkle_build,51937,64,2,measured
python-20260723T020649Z,2640845241519884909,64,10,signature_admission_batch,7610868,64,2,measured
python-20260723T020649Z,2640845241519884909,64,10,proof_verify,14672,64,2,measured
python-20260723T020649Z,2640845241519884909,64,10,sign_batch,2347203,64,2,measured
python-20260723T020649Z,2640845241519884909,64,10,verify_batch,7013298,64,2,measured
python-20260723T020649Z,2640845241519884909,64,11,signature_admission_batch,7399904,64,2,measured
python-20260723T020649Z,2640845241519884909,64,11,verify_batch,7119076,64,2,measured
python-20260723T020649Z,2640845241519884909,64,11,merkle_build,62663,64,2,measured
python-20260723T020649Z,2640845241519884909,64,11,sign_batch,2340584,64,2,measured
python-20260723T020649Z,2640845241519884909,64,11,proof_verify,14651,64,2,measured
python-20260723T020649Z,2640845241519884909,64,11,late_rebuild,121420,64,2,measured
python-20260723T020649Z,2640845241519884909,64,12,proof_verify,9634,64,2,measured
python-20260723T020649Z,2640845241519884909,64,12,sign_batch,2344099,64,2,measured
python-20260723T020649Z,2640845241519884909,64,12,merkle_build,55543,64,2,measured
python-20260723T020649Z,2640845241519884909,64,12,verify_batch,7021060,64,2,measured
python-20260723T020649Z,2640845241519884909,64,12,signature_admission_batch,7394786,64,2,measured
python-20260723T020649Z,2640845241519884909,64,12,late_rebuild,119268,64,2,measured
python-20260723T020649Z,2640845241519884909,64,13,signature_admission_batch,7404210,64,2,measured
python-20260723T020649Z,2640845241519884909,64,13,sign_batch,2345430,64,2,measured
python-20260723T020649Z,2640845241519884909,64,13,verify_batch,7015652,64,2,measured
python-20260723T020649Z,2640845241519884909,64,13,merkle_build,58116,64,2,measured
python-20260723T020649Z,2640845241519884909,64,13,late_rebuild,116664,64,2,measured
python-20260723T020649Z,2640845241519884909,64,13,proof_verify,13800,64,2,measured
python-20260723T020649Z,2640845241519884909,64,14,sign_batch,2370769,64,2,measured
python-20260723T020649Z,2640845241519884909,64,14,verify_batch,7025637,64,2,measured
python-20260723T020649Z,2640845241519884909,64,14,merkle_build,65317,64,2,measured
python-20260723T020649Z,2640845241519884909,64,14,signature_admission_batch,7401737,64,2,measured
python-20260723T020649Z,2640845241519884909,64,14,late_rebuild,140039,64,2,measured
python-20260723T020649Z,2640845241519884909,64,14,proof_verify,13460,64,2,measured
python-20260723T020649Z,2640845241519884909,64,15,merkle_build,52318,64,2,measured
python-20260723T020649Z,2640845241519884909,64,15,verify_batch,7179015,64,2,measured
python-20260723T020649Z,2640845241519884909,64,15,late_rebuild,118215,64,2,measured
python-20260723T020649Z,2640845241519884909,64,15,sign_batch,2366061,64,2,measured
python-20260723T020649Z,2640845241519884909,64,15,proof_verify,12849,64,2,measured
python-20260723T020649Z,2640845241519884909,64,15,signature_admission_batch,7390119,64,2,measured
python-20260723T020649Z,2640845241519884909,64,16,merkle_build,55162,64,2,measured
python-20260723T020649Z,2640845241519884909,64,16,late_rebuild,114861,64,2,measured
python-20260723T020649Z,2640845241519884909,64,16,verify_batch,7076032,64,2,measured
python-20260723T020649Z,2640845241519884909,64,16,signature_admission_batch,7379184,64,2,measured
python-20260723T020649Z,2640845241519884909,64,16,proof_verify,13179,64,2,measured
python-20260723T020649Z,2640845241519884909,64,16,sign_batch,2540612,64,2,measured
python-20260723T020649Z,2640845241519884909,64,17,merkle_build,76133,64,2,measured
python-20260723T020649Z,2640845241519884909,64,17,sign_batch,2359482,64,2,measured
python-20260723T020649Z,2640845241519884909,64,17,late_rebuild,120098,64,2,measured
python-20260723T020649Z,2640845241519884909,64,17,signature_admission_batch,7426022,64,2,measured
python-20260723T020649Z,2640845241519884909,64,17,verify_batch,7011015,64,2,measured
python-20260723T020649Z,2640845241519884909,64,17,proof_verify,17176,64,2,measured
python-20260723T020649Z,2640845241519884909,64,18,late_rebuild,117425,64,2,measured
python-20260723T020649Z,2640845241519884909,64,18,sign_batch,2514432,64,2,measured
python-20260723T020649Z,2640845241519884909,64,18,verify_batch,7000810,64,2,measured
python-20260723T020649Z,2640845241519884909,64,18,signature_admission_batch,7379343,64,2,measured
python-20260723T020649Z,2640845241519884909,64,18,merkle_build,56153,64,2,measured
python-20260723T020649Z,2640845241519884909,64,18,proof_verify,13340,64,2,measured
python-20260723T020649Z,2640845241519884909,64,19,proof_verify,9013,64,2,measured
python-20260723T020649Z,2640845241519884909,64,19,late_rebuild,117164,64,2,measured
python-20260723T020649Z,2640845241519884909,64,19,verify_batch,7013528,64,2,measured
python-20260723T020649Z,2640845241519884909,64,19,merkle_build,55713,64,2,measured
python-20260723T020649Z,2640845241519884909,64,19,sign_batch,2367755,64,2,measured
python-20260723T020649Z,2640845241519884909,64,19,signature_admission_batch,7395447,64,2,measured
python-20260723T020649Z,2640845241519884909,64,20,proof_verify,13591,64,2,measured
python-20260723T020649Z,2640845241519884909,64,20,sign_batch,2344049,64,2,measured
python-20260723T020649Z,2640845241519884909,64,20,signature_admission_batch,7474294,64,2,measured
python-20260723T020649Z,2640845241519884909,64,20,late_rebuild,122423,64,2,measured
python-20260723T020649Z,2640845241519884909,64,20,merkle_build,52658,64,2,measured
python-20260723T020649Z,2640845241519884909,64,20,verify_batch,7017655,64,2,measured
python-20260723T020649Z,2640845241519884909,64,21,verify_batch,6984235,64,2,measured
python-20260723T020649Z,2640845241519884909,64,21,late_rebuild,152347,64,2,measured
python-20260723T020649Z,2640845241519884909,64,21,signature_admission_batch,7420395,64,2,measured
python-20260723T020649Z,2640845241519884909,64,21,merkle_build,53910,64,2,measured
python-20260723T020649Z,2640845241519884909,64,21,sign_batch,2369907,64,2,measured
python-20260723T020649Z,2640845241519884909,64,21,proof_verify,16294,64,2,measured
python-20260723T020649Z,2640845241519884909,64,22,sign_batch,2368255,64,2,measured
python-20260723T020649Z,2640845241519884909,64,22,verify_batch,6995192,64,2,measured
python-20260723T020649Z,2640845241519884909,64,22,late_rebuild,120580,64,2,measured
python-20260723T020649Z,2640845241519884909,64,22,proof_verify,11367,64,2,measured
python-20260723T020649Z,2640845241519884909,64,22,merkle_build,52679,64,2,measured
python-20260723T020649Z,2640845241519884909,64,22,signature_admission_batch,7426603,64,2,measured
python-20260723T020649Z,2640845241519884909,64,23,late_rebuild,116763,64,2,measured
python-20260723T020649Z,2640845241519884909,64,23,merkle_build,51506,64,2,measured
python-20260723T020649Z,2640845241519884909,64,23,verify_batch,7005978,64,2,measured
python-20260723T020649Z,2640845241519884909,64,23,sign_batch,2368565,64,2,measured
python-20260723T020649Z,2640845241519884909,64,23,signature_admission_batch,7380565,64,2,measured
python-20260723T020649Z,2640845241519884909,64,23,proof_verify,13750,64,2,measured
python-20260723T020649Z,2640845241519884909,64,24,sign_batch,2349838,64,2,measured
python-20260723T020649Z,2640845241519884909,64,24,late_rebuild,119397,64,2,measured
python-20260723T020649Z,2640845241519884909,64,24,merkle_build,65117,64,2,measured
python-20260723T020649Z,2640845241519884909,64,24,signature_admission_batch,7410119,64,2,measured
python-20260723T020649Z,2640845241519884909,64,24,verify_batch,7016563,64,2,measured
python-20260723T020649Z,2640845241519884909,64,24,proof_verify,16575,64,2,measured
python-20260723T020649Z,2640845241519884909,64,25,signature_admission_batch,7395968,64,2,measured
python-20260723T020649Z,2640845241519884909,64,25,late_rebuild,121571,64,2,measured
python-20260723T020649Z,2640845241519884909,64,25,proof_verify,10726,64,2,measured
python-20260723T020649Z,2640845241519884909,64,25,merkle_build,52097,64,2,measured
python-20260723T020649Z,2640845241519884909,64,25,verify_batch,7068391,64,2,measured
python-20260723T020649Z,2640845241519884909,64,25,sign_batch,2358871,64,2,measured
python-20260723T020649Z,2640845241519884909,64,26,signature_admission_batch,7419253,64,2,measured
python-20260723T020649Z,2640845241519884909,64,26,merkle_build,59097,64,2,measured
python-20260723T020649Z,2640845241519884909,64,26,late_rebuild,115222,64,2,measured
python-20260723T020649Z,2640845241519884909,64,26,proof_verify,12919,64,2,measured
python-20260723T020649Z,2640845241519884909,64,26,verify_batch,7012768,64,2,measured
python-20260723T020649Z,2640845241519884909,64,26,sign_batch,2338631,64,2,measured
python-20260723T020649Z,2640845241519884909,64,27,sign_batch,2342686,64,2,measured
python-20260723T020649Z,2640845241519884909,64,27,late_rebuild,119788,64,2,measured
python-20260723T020649Z,2640845241519884909,64,27,merkle_build,52608,64,2,measured
python-20260723T020649Z,2640845241519884909,64,27,verify_batch,7035711,64,2,measured
python-20260723T020649Z,2640845241519884909,64,27,signature_admission_batch,7357892,64,2,measured
python-20260723T020649Z,2640845241519884909,64,27,proof_verify,15092,64,2,measured
python-20260723T020649Z,2640845241519884909,64,28,verify_batch,7067970,64,2,measured
python-20260723T020649Z,2640845241519884909,64,28,signature_admission_batch,7384030,64,2,measured
python-20260723T020649Z,2640845241519884909,64,28,proof_verify,14221,64,2,measured
python-20260723T020649Z,2640845241519884909,64,28,sign_batch,2374795,64,2,measured
python-20260723T020649Z,2640845241519884909,64,28,late_rebuild,122893,64,2,measured
python-20260723T020649Z,2640845241519884909,64,28,merkle_build,52388,64,2,measured
python-20260723T020649Z,2640845241519884909,64,29,signature_admission_batch,7454756,64,2,measured
python-20260723T020649Z,2640845241519884909,64,29,merkle_build,56334,64,2,measured
python-20260723T020649Z,2640845241519884909,64,29,verify_batch,7011216,64,2,measured
python-20260723T020649Z,2640845241519884909,64,29,late_rebuild,128261,64,2,measured
python-20260723T020649Z,2640845241519884909,64,29,sign_batch,2354755,64,2,measured
python-20260723T020649Z,2640845241519884909,64,29,proof_verify,15062,64,2,measured
python-20260723T020649Z,2640845241519884909,64,30,merkle_build,53219,64,2,measured
python-20260723T020649Z,2640845241519884909,64,30,sign_batch,2360233,64,2,measured
python-20260723T020649Z,2640845241519884909,64,30,verify_batch,7029743,64,2,measured
python-20260723T020649Z,2640845241519884909,64,30,signature_admission_batch,7412543,64,2,measured
python-20260723T020649Z,2640845241519884909,64,30,proof_verify,14341,64,2,measured
python-20260723T020649Z,2640845241519884909,64,30,late_rebuild,120279,64,2,measured
python-20260723T020649Z,2640845241519884909,64,31,verify_batch,7003394,64,2,measured
python-20260723T020649Z,2640845241519884909,64,31,signature_admission_batch,7400214,64,2,measured
python-20260723T020649Z,2640845241519884909,64,31,merkle_build,57546,64,2,measured
python-20260723T020649Z,2640845241519884909,64,31,late_rebuild,114140,64,2,measured
python-20260723T020649Z,2640845241519884909,64,31,sign_batch,2336828,64,2,measured
python-20260723T020649Z,2640845241519884909,64,31,proof_verify,13270,64,2,measured
python-20260723T020649Z,2640845241519884909,64,32,late_rebuild,112718,64,2,measured
python-20260723T020649Z,2640845241519884909,64,32,merkle_build,51697,64,2,measured
python-20260723T020649Z,2640845241519884909,64,32,proof_verify,9484,64,2,measured
python-20260723T020649Z,2640845241519884909,64,32,signature_admission_batch,7407064,64,2,measured
python-20260723T020649Z,2640845241519884909,64,32,sign_batch,2343178,64,2,measured
python-20260723T020649Z,2640845241519884909,64,32,verify_batch,7015602,64,2,measured
python-20260723T020649Z,2640845241519884909,64,33,signature_admission_batch,7400665,64,2,measured
python-20260723T020649Z,2640845241519884909,64,33,proof_verify,13671,64,2,measured
python-20260723T020649Z,2640845241519884909,64,33,merkle_build,56153,64,2,measured
python-20260723T020649Z,2640845241519884909,64,33,verify_batch,6992939,64,2,measured
python-20260723T020649Z,2640845241519884909,64,33,sign_batch,2356848,64,2,measured
python-20260723T020649Z,2640845241519884909,64,33,late_rebuild,123154,64,2,measured
python-20260723T020649Z,2640845241519884909,64,34,sign_batch,2353082,64,2,measured
python-20260723T020649Z,2640845241519884909,64,34,proof_verify,12499,64,2,measured
python-20260723T020649Z,2640845241519884909,64,34,merkle_build,52789,64,2,measured
python-20260723T020649Z,2640845241519884909,64,34,verify_batch,6994481,64,2,measured
python-20260723T020649Z,2640845241519884909,64,34,late_rebuild,119277,64,2,measured
python-20260723T020649Z,2640845241519884909,64,34,signature_admission_batch,7391171,64,2,measured
python-20260723T020649Z,2640845241519884909,64,35,proof_verify,13420,64,2,measured
python-20260723T020649Z,2640845241519884909,64,35,signature_admission_batch,7379774,64,2,measured
python-20260723T020649Z,2640845241519884909,64,35,merkle_build,56394,64,2,measured
python-20260723T020649Z,2640845241519884909,64,35,sign_batch,2376958,64,2,measured
python-20260723T020649Z,2640845241519884909,64,35,late_rebuild,118386,64,2,measured
python-20260723T020649Z,2640845241519884909,64,35,verify_batch,7023914,64,2,measured
python-20260723T020649Z,2640845241519884909,64,36,sign_batch,2341796,64,2,measured
python-20260723T020649Z,2640845241519884909,64,36,merkle_build,56173,64,2,measured
python-20260723T020649Z,2640845241519884909,64,36,late_rebuild,113839,64,2,measured
python-20260723T020649Z,2640845241519884909,64,36,verify_batch,7018446,64,2,measured
python-20260723T020649Z,2640845241519884909,64,36,proof_verify,14532,64,2,measured
python-20260723T020649Z,2640845241519884909,64,36,signature_admission_batch,7650417,64,2,measured
python-20260723T020649Z,2640845241519884909,64,37,sign_batch,2360714,64,2,measured
python-20260723T020649Z,2640845241519884909,64,37,merkle_build,57555,64,2,measured
python-20260723T020649Z,2640845241519884909,64,37,late_rebuild,116643,64,2,measured
python-20260723T020649Z,2640845241519884909,64,37,proof_verify,13660,64,2,measured
python-20260723T020649Z,2640845241519884909,64,37,verify_batch,7058917,64,2,measured
python-20260723T020649Z,2640845241519884909,64,37,signature_admission_batch,7425121,64,2,measured
python-20260723T020649Z,2640845241519884909,64,38,verify_batch,7828252,64,2,measured
python-20260723T020649Z,2640845241519884909,64,38,proof_verify,25018,64,2,measured
python-20260723T020649Z,2640845241519884909,64,38,signature_admission_batch,7479612,64,2,measured
python-20260723T020649Z,2640845241519884909,64,38,merkle_build,61903,64,2,measured
python-20260723T020649Z,2640845241519884909,64,38,sign_batch,2354174,64,2,measured
python-20260723T020649Z,2640845241519884909,64,38,late_rebuild,121391,64,2,measured
python-20260723T020649Z,2640845241519884909,64,39,signature_admission_batch,7547264,64,2,measured
python-20260723T020649Z,2640845241519884909,64,39,proof_verify,16495,64,2,measured
python-20260723T020649Z,2640845241519884909,64,39,sign_batch,2384729,64,2,measured
python-20260723T020649Z,2640845241519884909,64,39,verify_batch,7107538,64,2,measured
python-20260723T020649Z,2640845241519884909,64,39,merkle_build,61732,64,2,measured
python-20260723T020649Z,2640845241519884909,64,39,late_rebuild,119658,64,2,measured
python-20260723T020649Z,2640845241519884909,64,40,sign_batch,2358170,64,2,measured
python-20260723T020649Z,2640845241519884909,64,40,signature_admission_batch,7445362,64,2,measured
python-20260723T020649Z,2640845241519884909,64,40,late_rebuild,120339,64,2,measured
python-20260723T020649Z,2640845241519884909,64,40,verify_batch,7050474,64,2,measured
python-20260723T020649Z,2640845241519884909,64,40,proof_verify,16314,64,2,measured
python-20260723T020649Z,2640845241519884909,64,40,merkle_build,55212,64,2,measured
python-20260723T020649Z,2640845241519884909,64,41,signature_admission_batch,7466363,64,2,measured
python-20260723T020649Z,2640845241519884909,64,41,proof_verify,14081,64,2,measured
python-20260723T020649Z,2640845241519884909,64,41,sign_batch,2341745,64,2,measured
python-20260723T020649Z,2640845241519884909,64,41,verify_batch,7015722,64,2,measured
python-20260723T020649Z,2640845241519884909,64,41,late_rebuild,123855,64,2,measured
python-20260723T020649Z,2640845241519884909,64,41,merkle_build,53289,64,2,measured
python-20260723T020649Z,2640845241519884909,64,42,signature_admission_batch,7547073,64,2,measured
python-20260723T020649Z,2640845241519884909,64,42,verify_batch,7000510,64,2,measured
python-20260723T020649Z,2640845241519884909,64,42,sign_batch,2345531,64,2,measured
python-20260723T020649Z,2640845241519884909,64,42,proof_verify,35613,64,2,measured
python-20260723T020649Z,2640845241519884909,64,42,late_rebuild,131937,64,2,measured
python-20260723T020649Z,2640845241519884909,64,42,merkle_build,52709,64,2,measured
python-20260723T020649Z,2640845241519884909,64,43,merkle_build,51697,64,2,measured
python-20260723T020649Z,2640845241519884909,64,43,verify_batch,7041410,64,2,measured
python-20260723T020649Z,2640845241519884909,64,43,late_rebuild,122873,64,2,measured
python-20260723T020649Z,2640845241519884909,64,43,sign_batch,2347965,64,2,measured
python-20260723T020649Z,2640845241519884909,64,43,proof_verify,13310,64,2,measured
python-20260723T020649Z,2640845241519884909,64,43,signature_admission_batch,7400415,64,2,measured
python-20260723T020649Z,2640845241519884909,64,44,verify_batch,7007520,64,2,measured
python-20260723T020649Z,2640845241519884909,64,44,proof_verify,16545,64,2,measured
python-20260723T020649Z,2640845241519884909,64,44,signature_admission_batch,7367385,64,2,measured
python-20260723T020649Z,2640845241519884909,64,44,sign_batch,2337399,64,2,measured
python-20260723T020649Z,2640845241519884909,64,44,late_rebuild,157684,64,2,measured
python-20260723T020649Z,2640845241519884909,64,44,merkle_build,52297,64,2,measured
python-20260723T020649Z,2640845241519884909,64,45,sign_batch,2383517,64,2,measured
python-20260723T020649Z,2640845241519884909,64,45,verify_batch,6986739,64,2,measured
python-20260723T020649Z,2640845241519884909,64,45,signature_admission_batch,7382789,64,2,measured
python-20260723T020649Z,2640845241519884909,64,45,merkle_build,56975,64,2,measured
python-20260723T020649Z,2640845241519884909,64,45,proof_verify,13049,64,2,measured
python-20260723T020649Z,2640845241519884909,64,45,late_rebuild,115262,64,2,measured
python-20260723T020649Z,2640845241519884909,64,46,signature_admission_batch,7384902,64,2,measured
python-20260723T020649Z,2640845241519884909,64,46,verify_batch,6990004,64,2,measured
python-20260723T020649Z,2640845241519884909,64,46,proof_verify,15633,64,2,measured
python-20260723T020649Z,2640845241519884909,64,46,late_rebuild,115762,64,2,measured
python-20260723T020649Z,2640845241519884909,64,46,sign_batch,2343018,64,2,measured
python-20260723T020649Z,2640845241519884909,64,46,merkle_build,85687,64,2,measured
python-20260723T020649Z,2640845241519884909,64,47,proof_verify,10596,64,2,measured
python-20260723T020649Z,2640845241519884909,64,47,sign_batch,2325741,64,2,measured
python-20260723T020649Z,2640845241519884909,64,47,late_rebuild,127620,64,2,measured
python-20260723T020649Z,2640845241519884909,64,47,signature_admission_batch,7390240,64,2,measured
python-20260723T020649Z,2640845241519884909,64,47,merkle_build,55342,64,2,measured
python-20260723T020649Z,2640845241519884909,64,47,verify_batch,7014531,64,2,measured
python-20260723T020649Z,2640845241519884909,64,48,verify_batch,6983524,64,2,measured
python-20260723T020649Z,2640845241519884909,64,48,proof_verify,14702,64,2,measured
python-20260723T020649Z,2640845241519884909,64,48,sign_batch,2354835,64,2,measured
python-20260723T020649Z,2640845241519884909,64,48,signature_admission_batch,7405692,64,2,measured
python-20260723T020649Z,2640845241519884909,64,48,late_rebuild,120950,64,2,measured
python-20260723T020649Z,2640845241519884909,64,48,merkle_build,51797,64,2,measured
python-20260723T020649Z,2640845241519884909,64,49,signature_admission_batch,7420184,64,2,measured
python-20260723T020649Z,2640845241519884909,64,49,late_rebuild,117996,64,2,measured
python-20260723T020649Z,2640845241519884909,64,49,merkle_build,52107,64,2,measured
python-20260723T020649Z,2640845241519884909,64,49,verify_batch,7014791,64,2,measured
python-20260723T020649Z,2640845241519884909,64,49,proof_verify,15954,64,2,measured
python-20260723T020649Z,2640845241519884909,64,49,sign_batch,2356377,64,2,measured
python-20260723T020649Z,2640845241519884909,64,50,verify_batch,6996223,64,2,measured
python-20260723T020649Z,2640845241519884909,64,50,late_rebuild,123464,64,2,measured
python-20260723T020649Z,2640845241519884909,64,50,proof_verify,11227,64,2,measured
python-20260723T020649Z,2640845241519884909,64,50,merkle_build,53189,64,2,measured
python-20260723T020649Z,2640845241519884909,64,50,sign_batch,2364149,64,2,measured
python-20260723T020649Z,2640845241519884909,64,50,signature_admission_batch,7372594,64,2,measured
python-20260723T020649Z,2640845241519884909,64,51,sign_batch,2344840,64,2,measured
python-20260723T020649Z,2640845241519884909,64,51,merkle_build,63775,64,2,measured
python-20260723T020649Z,2640845241519884909,64,51,proof_verify,12178,64,2,measured
python-20260723T020649Z,2640845241519884909,64,51,verify_batch,7477860,64,2,measured
python-20260723T020649Z,2640845241519884909,64,51,signature_admission_batch,7494064,64,2,measured
python-20260723T020649Z,2640845241519884909,64,51,late_rebuild,124335,64,2,measured
python-20260723T020649Z,2640845241519884909,64,52,merkle_build,53610,64,2,measured
python-20260723T020649Z,2640845241519884909,64,52,late_rebuild,111526,64,2,measured
python-20260723T020649Z,2640845241519884909,64,52,sign_batch,2349047,64,2,measured
python-20260723T020649Z,2640845241519884909,64,52,proof_verify,15974,64,2,measured
python-20260723T020649Z,2640845241519884909,64,52,verify_batch,7020098,64,2,measured
python-20260723T020649Z,2640845241519884909,64,52,signature_admission_batch,7394236,64,2,measured
python-20260723T020649Z,2640845241519884909,64,53,sign_batch,2356528,64,2,measured
python-20260723T020649Z,2640845241519884909,64,53,verify_batch,6989102,64,2,measured
python-20260723T020649Z,2640845241519884909,64,53,late_rebuild,124815,64,2,measured
python-20260723T020649Z,2640845241519884909,64,53,merkle_build,52368,64,2,measured
python-20260723T020649Z,2640845241519884909,64,53,signature_admission_batch,7496147,64,2,measured
python-20260723T020649Z,2640845241519884909,64,53,proof_verify,15303,64,2,measured
python-20260723T020649Z,2640845241519884909,64,54,proof_verify,9294,64,2,measured
python-20260723T020649Z,2640845241519884909,64,54,late_rebuild,119187,64,2,measured
python-20260723T020649Z,2640845241519884909,64,54,signature_admission_batch,7432302,64,2,measured
python-20260723T020649Z,2640845241519884909,64,54,verify_batch,7010935,64,2,measured
python-20260723T020649Z,2640845241519884909,64,54,sign_batch,2363307,64,2,measured
python-20260723T020649Z,2640845241519884909,64,54,merkle_build,56875,64,2,measured
python-20260723T020649Z,2640845241519884909,64,55,proof_verify,13130,64,2,measured
python-20260723T020649Z,2640845241519884909,64,55,merkle_build,52898,64,2,measured
python-20260723T020649Z,2640845241519884909,64,55,signature_admission_batch,7731577,64,2,measured
python-20260723T020649Z,2640845241519884909,64,55,verify_batch,7287637,64,2,measured
python-20260723T020649Z,2640845241519884909,64,55,late_rebuild,145176,64,2,measured
python-20260723T020649Z,2640845241519884909,64,55,sign_batch,2351039,64,2,measured
python-20260723T020649Z,2640845241519884909,64,56,proof_verify,16785,64,2,measured
python-20260723T020649Z,2640845241519884909,64,56,signature_admission_batch,7385523,64,2,measured
python-20260723T020649Z,2640845241519884909,64,56,merkle_build,55292,64,2,measured
python-20260723T020649Z,2640845241519884909,64,56,late_rebuild,117045,64,2,measured
python-20260723T020649Z,2640845241519884909,64,56,sign_batch,2336337,64,2,measured
python-20260723T020649Z,2640845241519884909,64,56,verify_batch,7025437,64,2,measured
python-20260723T020649Z,2640845241519884909,64,57,late_rebuild,118757,64,2,measured
python-20260723T020649Z,2640845241519884909,64,57,verify_batch,7004095,64,2,measured
python-20260723T020649Z,2640845241519884909,64,57,signature_admission_batch,8152273,64,2,measured
python-20260723T020649Z,2640845241519884909,64,57,merkle_build,58427,64,2,measured
python-20260723T020649Z,2640845241519884909,64,57,sign_batch,2361024,64,2,measured
python-20260723T020649Z,2640845241519884909,64,57,proof_verify,16664,64,2,measured
python-20260723T020649Z,2640845241519884909,64,58,late_rebuild,117665,64,2,measured
python-20260723T020649Z,2640845241519884909,64,58,sign_batch,2350939,64,2,measured
python-20260723T020649Z,2640845241519884909,64,58,proof_verify,12189,64,2,measured
python-20260723T020649Z,2640845241519884909,64,58,signature_admission_batch,7416348,64,2,measured
python-20260723T020649Z,2640845241519884909,64,58,verify_batch,7023364,64,2,measured
python-20260723T020649Z,2640845241519884909,64,58,merkle_build,58347,64,2,measured
python-20260723T020649Z,2640845241519884909,64,59,verify_batch,7011216,64,2,measured
python-20260723T020649Z,2640845241519884909,64,59,late_rebuild,121030,64,2,measured
python-20260723T020649Z,2640845241519884909,64,59,merkle_build,52137,64,2,measured
python-20260723T020649Z,2640845241519884909,64,59,proof_verify,12609,64,2,measured
python-20260723T020649Z,2640845241519884909,64,59,signature_admission_batch,7442337,64,2,measured
python-20260723T020649Z,2640845241519884909,64,59,sign_batch,2363448,64,2,measured
python-20260723T020649Z,2640845241519884909,64,60,verify_batch,7026919,64,2,measured
python-20260723T020649Z,2640845241519884909,64,60,proof_verify,17296,64,2,measured
python-20260723T020649Z,2640845241519884909,64,60,late_rebuild,124064,64,2,measured
python-20260723T020649Z,2640845241519884909,64,60,sign_batch,2368665,64,2,measured
python-20260723T020649Z,2640845241519884909,64,60,merkle_build,54761,64,2,measured
python-20260723T020649Z,2640845241519884909,64,60,signature_admission_batch,7391341,64,2,measured
python-20260723T020649Z,2640845241519884909,64,61,late_rebuild,116503,64,2,measured
python-20260723T020649Z,2640845241519884909,64,61,sign_batch,2361505,64,2,measured
python-20260723T020649Z,2640845241519884909,64,61,merkle_build,54561,64,2,measured
python-20260723T020649Z,2640845241519884909,64,61,proof_verify,12509,64,2,measured
python-20260723T020649Z,2640845241519884909,64,61,verify_batch,7195139,64,2,measured
python-20260723T020649Z,2640845241519884909,64,61,signature_admission_batch,7438712,64,2,measured
python-20260723T020649Z,2640845241519884909,64,62,proof_verify,15313,64,2,measured
python-20260723T020649Z,2640845241519884909,64,62,signature_admission_batch,7595815,64,2,measured
python-20260723T020649Z,2640845241519884909,64,62,verify_batch,7318693,64,2,measured
python-20260723T020649Z,2640845241519884909,64,62,merkle_build,61111,64,2,measured
python-20260723T020649Z,2640845241519884909,64,62,late_rebuild,118016,64,2,measured
python-20260723T020649Z,2640845241519884909,64,62,sign_batch,2348856,64,2,measured
python-20260723T020649Z,2640845241519884909,64,63,signature_admission_batch,7403339,64,2,measured
python-20260723T020649Z,2640845241519884909,64,63,sign_batch,2353273,64,2,measured
python-20260723T020649Z,2640845241519884909,64,63,late_rebuild,119898,64,2,measured
python-20260723T020649Z,2640845241519884909,64,63,merkle_build,52068,64,2,measured
python-20260723T020649Z,2640845241519884909,64,63,verify_batch,6996573,64,2,measured
python-20260723T020649Z,2640845241519884909,64,63,proof_verify,15884,64,2,measured
python-20260723T020649Z,2640845241519884909,64,64,late_rebuild,115973,64,2,measured
python-20260723T020649Z,2640845241519884909,64,64,sign_batch,2352081,64,2,measured
python-20260723T020649Z,2640845241519884909,64,64,proof_verify,12869,64,2,measured
python-20260723T020649Z,2640845241519884909,64,64,signature_admission_batch,7397591,64,2,measured
python-20260723T020649Z,2640845241519884909,64,64,merkle_build,55032,64,2,measured
python-20260723T020649Z,2640845241519884909,64,64,verify_batch,7013900,64,2,measured
python-20260723T020649Z,2640845241519884909,64,65,signature_admission_batch,7401215,64,2,measured
python-20260723T020649Z,2640845241519884909,64,65,late_rebuild,121490,64,2,measured
python-20260723T020649Z,2640845241519884909,64,65,proof_verify,11767,64,2,measured
python-20260723T020649Z,2640845241519884909,64,65,sign_batch,2356027,64,2,measured
python-20260723T020649Z,2640845241519884909,64,65,merkle_build,53560,64,2,measured
python-20260723T020649Z,2640845241519884909,64,65,verify_batch,7124314,64,2,measured
python-20260723T020649Z,2640845241519884909,64,66,signature_admission_batch,7382318,64,2,measured
python-20260723T020649Z,2640845241519884909,64,66,proof_verify,15563,64,2,measured
python-20260723T020649Z,2640845241519884909,64,66,late_rebuild,116494,64,2,measured
python-20260723T020649Z,2640845241519884909,64,66,verify_batch,6983935,64,2,measured
python-20260723T020649Z,2640845241519884909,64,66,sign_batch,2341445,64,2,measured
python-20260723T020649Z,2640845241519884909,64,66,merkle_build,56534,64,2,measured
python-20260723T020649Z,2640845241519884909,64,67,merkle_build,52058,64,2,measured
python-20260723T020649Z,2640845241519884909,64,67,verify_batch,7046528,64,2,measured
python-20260723T020649Z,2640845241519884909,64,67,signature_admission_batch,7397391,64,2,measured
python-20260723T020649Z,2640845241519884909,64,67,sign_batch,2343248,64,2,measured
python-20260723T020649Z,2640845241519884909,64,67,proof_verify,15272,64,2,measured
python-20260723T020649Z,2640845241519884909,64,67,late_rebuild,118786,64,2,measured
python-20260723T020649Z,2640845241519884909,64,68,proof_verify,9915,64,2,measured
python-20260723T020649Z,2640845241519884909,64,68,late_rebuild,113428,64,2,measured
python-20260723T020649Z,2640845241519884909,64,68,signature_admission_batch,7397340,64,2,measured
python-20260723T020649Z,2640845241519884909,64,68,verify_batch,6992017,64,2,measured
python-20260723T020649Z,2640845241519884909,64,68,sign_batch,2378680,64,2,measured
python-20260723T020649Z,2640845241519884909,64,68,merkle_build,71917,64,2,measured
python-20260723T020649Z,2640845241519884909,64,69,late_rebuild,115753,64,2,measured
python-20260723T020649Z,2640845241519884909,64,69,verify_batch,6995642,64,2,measured
python-20260723T020649Z,2640845241519884909,64,69,signature_admission_batch,7403289,64,2,measured
python-20260723T020649Z,2640845241519884909,64,69,proof_verify,16405,64,2,measured
python-20260723T020649Z,2640845241519884909,64,69,sign_batch,2341244,64,2,measured
python-20260723T020649Z,2640845241519884909,64,69,merkle_build,58478,64,2,measured
python-20260723T020649Z,2640845241519884909,64,70,proof_verify,10736,64,2,measured
python-20260723T020649Z,2640845241519884909,64,70,merkle_build,52979,64,2,measured
python-20260723T020649Z,2640845241519884909,64,70,verify_batch,7029263,64,2,measured
python-20260723T020649Z,2640845241519884909,64,70,late_rebuild,120890,64,2,measured
python-20260723T020649Z,2640845241519884909,64,70,sign_batch,2388284,64,2,measured
python-20260723T020649Z,2640845241519884909,64,70,signature_admission_batch,7526563,64,2,measured
python-20260723T020649Z,2640845241519884909,64,71,verify_batch,7332283,64,2,measured
python-20260723T020649Z,2640845241519884909,64,71,proof_verify,19920,64,2,measured
python-20260723T020649Z,2640845241519884909,64,71,late_rebuild,118527,64,2,measured
python-20260723T020649Z,2640845241519884909,64,71,merkle_build,53039,64,2,measured
python-20260723T020649Z,2640845241519884909,64,71,signature_admission_batch,7423369,64,2,measured
python-20260723T020649Z,2640845241519884909,64,71,sign_batch,2420142,64,2,measured
python-20260723T020649Z,2640845241519884909,64,72,verify_batch,7011446,64,2,measured
python-20260723T020649Z,2640845241519884909,64,72,signature_admission_batch,7391772,64,2,measured
python-20260723T020649Z,2640845241519884909,64,72,proof_verify,15944,64,2,measured
python-20260723T020649Z,2640845241519884909,64,72,sign_batch,2359943,64,2,measured
python-20260723T020649Z,2640845241519884909,64,72,late_rebuild,122692,64,2,measured
python-20260723T020649Z,2640845241519884909,64,72,merkle_build,52167,64,2,measured
python-20260723T020649Z,2640845241519884909,64,73,signature_admission_batch,7379995,64,2,measured
python-20260723T020649Z,2640845241519884909,64,73,proof_verify,29835,64,2,measured
python-20260723T020649Z,2640845241519884909,64,73,merkle_build,54401,64,2,measured
python-20260723T020649Z,2640845241519884909,64,73,late_rebuild,114430,64,2,measured
python-20260723T020649Z,2640845241519884909,64,73,verify_batch,7011777,64,2,measured
python-20260723T020649Z,2640845241519884909,64,73,sign_batch,2353884,64,2,measured
python-20260723T020649Z,2640845241519884909,64,74,sign_batch,2346522,64,2,measured
python-20260723T020649Z,2640845241519884909,64,74,signature_admission_batch,7375888,64,2,measured
python-20260723T020649Z,2640845241519884909,64,74,merkle_build,55983,64,2,measured
python-20260723T020649Z,2640845241519884909,64,74,proof_verify,13961,64,2,measured
python-20260723T020649Z,2640845241519884909,64,74,verify_batch,6994841,64,2,measured
python-20260723T020649Z,2640845241519884909,64,74,late_rebuild,134871,64,2,measured
python-20260723T020649Z,2640845241519884909,64,75,late_rebuild,112367,64,2,measured
python-20260723T020649Z,2640845241519884909,64,75,merkle_build,66309,64,2,measured
python-20260723T020649Z,2640845241519884909,64,75,signature_admission_batch,7379073,64,2,measured
python-20260723T020649Z,2640845241519884909,64,75,verify_batch,7009553,64,2,measured
python-20260723T020649Z,2640845241519884909,64,75,proof_verify,15453,64,2,measured
python-20260723T020649Z,2640845241519884909,64,75,sign_batch,2343498,64,2,measured
python-20260723T020649Z,2640845241519884909,64,76,merkle_build,53970,64,2,measured
python-20260723T020649Z,2640845241519884909,64,76,proof_verify,10466,64,2,measured
python-20260723T020649Z,2640845241519884909,64,76,signature_admission_batch,7391201,64,2,measured
python-20260723T020649Z,2640845241519884909,64,76,verify_batch,6981501,64,2,measured
python-20260723T020649Z,2640845241519884909,64,76,sign_batch,2350758,64,2,measured
python-20260723T020649Z,2640845241519884909,64,76,late_rebuild,122572,64,2,measured
python-20260723T020649Z,2640845241519884909,64,77,verify_batch,6980049,64,2,measured
python-20260723T020649Z,2640845241519884909,64,77,proof_verify,14282,64,2,measured
python-20260723T020649Z,2640845241519884909,64,77,signature_admission_batch,7392473,64,2,measured
python-20260723T020649Z,2640845241519884909,64,77,late_rebuild,118006,64,2,measured
python-20260723T020649Z,2640845241519884909,64,77,merkle_build,51957,64,2,measured
python-20260723T020649Z,2640845241519884909,64,77,sign_batch,2365040,64,2,measured
python-20260723T020649Z,2640845241519884909,64,78,proof_verify,15573,64,2,measured
python-20260723T020649Z,2640845241519884909,64,78,late_rebuild,114440,64,2,measured
python-20260723T020649Z,2640845241519884909,64,78,signature_admission_batch,7392714,64,2,measured
python-20260723T020649Z,2640845241519884909,64,78,verify_batch,6988501,64,2,measured
python-20260723T020649Z,2640845241519884909,64,78,sign_batch,2350609,64,2,measured
python-20260723T020649Z,2640845241519884909,64,78,merkle_build,57997,64,2,measured
python-20260723T020649Z,2640845241519884909,64,79,merkle_build,52338,64,2,measured
python-20260723T020649Z,2640845241519884909,64,79,late_rebuild,115482,64,2,measured
python-20260723T020649Z,2640845241519884909,64,79,proof_verify,12158,64,2,measured
python-20260723T020649Z,2640845241519884909,64,79,signature_admission_batch,7412152,64,2,measured
python-20260723T020649Z,2640845241519884909,64,79,verify_batch,7010194,64,2,measured
python-20260723T020649Z,2640845241519884909,64,79,sign_batch,2336228,64,2,measured
python-20260723T020649Z,2640845241519884909,64,80,proof_verify,15243,64,2,measured
python-20260723T020649Z,2640845241519884909,64,80,verify_batch,7012598,64,2,measured
python-20260723T020649Z,2640845241519884909,64,80,late_rebuild,122042,64,2,measured
python-20260723T020649Z,2640845241519884909,64,80,sign_batch,2367243,64,2,measured
python-20260723T020649Z,2640845241519884909,64,80,signature_admission_batch,7391621,64,2,measured
python-20260723T020649Z,2640845241519884909,64,80,merkle_build,55123,64,2,measured
python-20260723T020649Z,2640845241519884909,64,81,sign_batch,2344810,64,2,measured
python-20260723T020649Z,2640845241519884909,64,81,merkle_build,53890,64,2,measured
python-20260723T020649Z,2640845241519884909,64,81,signature_admission_batch,7717617,64,2,measured
python-20260723T020649Z,2640845241519884909,64,81,late_rebuild,187059,64,2,measured
python-20260723T020649Z,2640845241519884909,64,81,proof_verify,14021,64,2,measured
python-20260723T020649Z,2640845241519884909,64,81,verify_batch,7031316,64,2,measured
python-20260723T020649Z,2640845241519884909,64,82,proof_verify,14382,64,2,measured
python-20260723T020649Z,2640845241519884909,64,82,sign_batch,2344810,64,2,measured
python-20260723T020649Z,2640845241519884909,64,82,verify_batch,7026498,64,2,measured
python-20260723T020649Z,2640845241519884909,64,82,signature_admission_batch,7384532,64,2,measured
python-20260723T020649Z,2640845241519884909,64,82,late_rebuild,119808,64,2,measured
python-20260723T020649Z,2640845241519884909,64,82,merkle_build,65257,64,2,measured
python-20260723T020649Z,2640845241519884909,64,83,late_rebuild,111045,64,2,measured
python-20260723T020649Z,2640845241519884909,64,83,verify_batch,6996323,64,2,measured
python-20260723T020649Z,2640845241519884909,64,83,signature_admission_batch,7395858,64,2,measured
python-20260723T020649Z,2640845241519884909,64,83,merkle_build,57986,64,2,measured
python-20260723T020649Z,2640845241519884909,64,83,sign_batch,2350338,64,2,measured
python-20260723T020649Z,2640845241519884909,64,83,proof_verify,16314,64,2,measured
python-20260723T020649Z,2640845241519884909,64,84,proof_verify,9144,64,2,measured
python-20260723T020649Z,2640845241519884909,64,84,sign_batch,2392010,64,2,measured
python-20260723T020649Z,2640845241519884909,64,84,verify_batch,7058807,64,2,measured
python-20260723T020649Z,2640845241519884909,64,84,signature_admission_batch,7390179,64,2,measured
python-20260723T020649Z,2640845241519884909,64,84,merkle_build,58667,64,2,measured
python-20260723T020649Z,2640845241519884909,64,84,late_rebuild,118196,64,2,measured
python-20260723T020649Z,2640845241519884909,64,85,proof_verify,12418,64,2,measured
python-20260723T020649Z,2640845241519884909,64,85,verify_batch,7003304,64,2,measured
python-20260723T020649Z,2640845241519884909,64,85,late_rebuild,117655,64,2,measured
python-20260723T020649Z,2640845241519884909,64,85,sign_batch,2352711,64,2,measured
python-20260723T020649Z,2640845241519884909,64,85,signature_admission_batch,7535436,64,2,measured
python-20260723T020649Z,2640845241519884909,64,85,merkle_build,55913,64,2,measured
python-20260723T020649Z,2640845241519884909,64,86,signature_admission_batch,7400815,64,2,measured
python-20260723T020649Z,2640845241519884909,64,86,late_rebuild,117344,64,2,measured
python-20260723T020649Z,2640845241519884909,64,86,proof_verify,13460,64,2,measured
python-20260723T020649Z,2640845241519884909,64,86,verify_batch,7008731,64,2,measured
python-20260723T020649Z,2640845241519884909,64,86,merkle_build,55843,64,2,measured
python-20260723T020649Z,2640845241519884909,64,86,sign_batch,2342657,64,2,measured
python-20260723T020649Z,2640845241519884909,64,87,merkle_build,53430,64,2,measured
python-20260723T020649Z,2640845241519884909,64,87,proof_verify,11287,64,2,measured
python-20260723T020649Z,2640845241519884909,64,87,late_rebuild,113779,64,2,measured
python-20260723T020649Z,2640845241519884909,64,87,sign_batch,2344340,64,2,measured
python-20260723T020649Z,2640845241519884909,64,87,verify_batch,7018677,64,2,measured
python-20260723T020649Z,2640845241519884909,64,87,signature_admission_batch,7376500,64,2,measured
python-20260723T020649Z,2640845241519884909,64,88,verify_batch,7020269,64,2,measured
python-20260723T020649Z,2640845241519884909,64,88,sign_batch,2347825,64,2,measured
python-20260723T020649Z,2640845241519884909,64,88,late_rebuild,122943,64,2,measured
python-20260723T020649Z,2640845241519884909,64,88,merkle_build,52197,64,2,measured
python-20260723T020649Z,2640845241519884909,64,88,signature_admission_batch,7393986,64,2,measured
python-20260723T020649Z,2640845241519884909,64,88,proof_verify,15693,64,2,measured
python-20260723T020649Z,2640845241519884909,64,89,late_rebuild,114500,64,2,measured
python-20260723T020649Z,2640845241519884909,64,89,signature_admission_batch,7442988,64,2,measured
python-20260723T020649Z,2640845241519884909,64,89,sign_batch,2339862,64,2,measured
python-20260723T020649Z,2640845241519884909,64,89,verify_batch,7021330,64,2,measured
python-20260723T020649Z,2640845241519884909,64,89,proof_verify,16835,64,2,measured
python-20260723T020649Z,2640845241519884909,64,89,merkle_build,55252,64,2,measured
python-20260723T020649Z,2640845241519884909,64,90,signature_admission_batch,7418932,64,2,measured
python-20260723T020649Z,2640845241519884909,64,90,proof_verify,12959,64,2,measured
python-20260723T020649Z,2640845241519884909,64,90,late_rebuild,117135,64,2,measured
python-20260723T020649Z,2640845241519884909,64,90,verify_batch,7039457,64,2,measured
python-20260723T020649Z,2640845241519884909,64,90,sign_batch,2351871,64,2,measured
python-20260723T020649Z,2640845241519884909,64,90,merkle_build,74281,64,2,measured
python-20260723T020649Z,2640845241519884909,64,91,late_rebuild,151386,64,2,measured
python-20260723T020649Z,2640845241519884909,64,91,signature_admission_batch,7917524,64,2,measured
python-20260723T020649Z,2640845241519884909,64,91,proof_verify,20160,64,2,measured
python-20260723T020649Z,2640845241519884909,64,91,verify_batch,7002963,64,2,measured
python-20260723T020649Z,2640845241519884909,64,91,merkle_build,59959,64,2,measured
python-20260723T020649Z,2640845241519884909,64,91,sign_batch,2348916,64,2,measured
python-20260723T020649Z,2640845241519884909,64,92,merkle_build,73059,64,2,measured
python-20260723T020649Z,2640845241519884909,64,92,verify_batch,6993199,64,2,measured
python-20260723T020649Z,2640845241519884909,64,92,late_rebuild,126098,64,2,measured
python-20260723T020649Z,2640845241519884909,64,92,signature_admission_batch,7388768,64,2,measured
python-20260723T020649Z,2640845241519884909,64,92,sign_batch,2350379,64,2,measured
python-20260723T020649Z,2640845241519884909,64,92,proof_verify,15503,64,2,measured
python-20260723T020649Z,2640845241519884909,64,93,signature_admission_batch,7418321,64,2,measured
python-20260723T020649Z,2640845241519884909,64,93,verify_batch,7037705,64,2,measured
python-20260723T020649Z,2640845241519884909,64,93,late_rebuild,125106,64,2,measured
python-20260723T020649Z,2640845241519884909,64,93,proof_verify,13050,64,2,measured
python-20260723T020649Z,2640845241519884909,64,93,sign_batch,2407974,64,2,measured
python-20260723T020649Z,2640845241519884909,64,93,merkle_build,67750,64,2,measured
python-20260723T020649Z,2640845241519884909,64,94,proof_verify,11507,64,2,measured
python-20260723T020649Z,2640845241519884909,64,94,signature_admission_batch,7412893,64,2,measured
python-20260723T020649Z,2640845241519884909,64,94,verify_batch,7034010,64,2,measured
python-20260723T020649Z,2640845241519884909,64,94,late_rebuild,131535,64,2,measured
python-20260723T020649Z,2640845241519884909,64,94,sign_batch,2341475,64,2,measured
python-20260723T020649Z,2640845241519884909,64,94,merkle_build,54401,64,2,measured
python-20260723T020649Z,2640845241519884909,64,95,late_rebuild,112297,64,2,measured
python-20260723T020649Z,2640845241519884909,64,95,proof_verify,12128,64,2,measured
python-20260723T020649Z,2640845241519884909,64,95,signature_admission_batch,7410330,64,2,measured
python-20260723T020649Z,2640845241519884909,64,95,sign_batch,2344900,64,2,measured
python-20260723T020649Z,2640845241519884909,64,95,merkle_build,54511,64,2,measured
python-20260723T020649Z,2640845241519884909,64,95,verify_batch,6998597,64,2,measured
python-20260723T020649Z,2640845241519884909,64,96,signature_admission_batch,7418592,64,2,measured
python-20260723T020649Z,2640845241519884909,64,96,proof_verify,15693,64,2,measured
python-20260723T020649Z,2640845241519884909,64,96,late_rebuild,116773,64,2,measured
python-20260723T020649Z,2640845241519884909,64,96,merkle_build,51867,64,2,measured
python-20260723T020649Z,2640845241519884909,64,96,verify_batch,7013769,64,2,measured
python-20260723T020649Z,2640845241519884909,64,96,sign_batch,2351159,64,2,measured
python-20260723T020649Z,2640845241519884909,64,97,proof_verify,12990,64,2,measured
python-20260723T020649Z,2640845241519884909,64,97,sign_batch,2338921,64,2,measured
python-20260723T020649Z,2640845241519884909,64,97,signature_admission_batch,7529698,64,2,measured
python-20260723T020649Z,2640845241519884909,64,97,verify_batch,7000670,64,2,measured
python-20260723T020649Z,2640845241519884909,64,97,late_rebuild,124846,64,2,measured
python-20260723T020649Z,2640845241519884909,64,97,merkle_build,52388,64,2,measured
python-20260723T020649Z,2640845241519884909,64,98,merkle_build,52698,64,2,measured
python-20260723T020649Z,2640845241519884909,64,98,signature_admission_batch,7393244,64,2,measured
python-20260723T020649Z,2640845241519884909,64,98,proof_verify,14060,64,2,measured
python-20260723T020649Z,2640845241519884909,64,98,verify_batch,7007490,64,2,measured
python-20260723T020649Z,2640845241519884909,64,98,sign_batch,2428665,64,2,measured
python-20260723T020649Z,2640845241519884909,64,98,late_rebuild,159477,64,2,measured
python-20260723T020649Z,2640845241519884909,64,99,merkle_build,52598,64,2,measured
python-20260723T020649Z,2640845241519884909,64,99,late_rebuild,120179,64,2,measured
python-20260723T020649Z,2640845241519884909,64,99,sign_batch,2351731,64,2,measured
python-20260723T020649Z,2640845241519884909,64,99,proof_verify,13019,64,2,measured
python-20260723T020649Z,2640845241519884909,64,99,verify_batch,7012868,64,2,measured
python-20260723T020649Z,2640845241519884909,64,99,signature_admission_batch,7382078,64,2,measured
python-20260723T020649Z,2640845241519884909,64,100,sign_batch,2347524,64,2,measured
python-20260723T020649Z,2640845241519884909,64,100,verify_batch,7009733,64,2,measured
python-20260723T020649Z,2640845241519884909,64,100,proof_verify,15874,64,2,measured
python-20260723T020649Z,2640845241519884909,64,100,merkle_build,68522,64,2,measured
python-20260723T020649Z,2640845241519884909,64,100,signature_admission_batch,7447144,64,2,measured
python-20260723T020649Z,2640845241519884909,64,100,late_rebuild,127860,64,2,measured
python-20260723T020649Z,2640845241519884909,64,101,proof_verify,12018,64,2,measured
python-20260723T020649Z,2640845241519884909,64,101,late_rebuild,119568,64,2,measured
python-20260723T020649Z,2640845241519884909,64,101,verify_batch,7018056,64,2,measured
python-20260723T020649Z,2640845241519884909,64,101,merkle_build,55493,64,2,measured
python-20260723T020649Z,2640845241519884909,64,101,signature_admission_batch,7355508,64,2,measured
python-20260723T020649Z,2640845241519884909,64,101,sign_batch,2349877,64,2,measured
python-20260723T020649Z,2640845241519884909,64,102,signature_admission_batch,7373665,64,2,measured
python-20260723T020649Z,2640845241519884909,64,102,sign_batch,2337860,64,2,measured
python-20260723T020649Z,2640845241519884909,64,102,verify_batch,7007890,64,2,measured
python-20260723T020649Z,2640845241519884909,64,102,proof_verify,16675,64,2,measured
python-20260723T020649Z,2640845241519884909,64,102,merkle_build,54912,64,2,measured
python-20260723T020649Z,2640845241519884909,64,102,late_rebuild,115792,64,2,measured
python-20260723T020649Z,2640845241519884909,64,103,sign_batch,2345411,64,2,measured
python-20260723T020649Z,2640845241519884909,64,103,verify_batch,7031025,64,2,measured
python-20260723T020649Z,2640845241519884909,64,103,late_rebuild,119658,64,2,measured
python-20260723T020649Z,2640845241519884909,64,103,merkle_build,50986,64,2,measured
python-20260723T020649Z,2640845241519884909,64,103,proof_verify,11908,64,2,measured
python-20260723T020649Z,2640845241519884909,64,103,signature_admission_batch,7384011,64,2,measured
python-20260723T020649Z,2640845241519884909,64,104,late_rebuild,114100,64,2,measured
python-20260723T020649Z,2640845241519884909,64,104,merkle_build,52268,64,2,measured
python-20260723T020649Z,2640845241519884909,64,104,verify_batch,7029402,64,2,measured
python-20260723T020649Z,2640845241519884909,64,104,proof_verify,15113,64,2,measured
python-20260723T020649Z,2640845241519884909,64,104,signature_admission_batch,8730063,64,2,measured
python-20260723T020649Z,2640845241519884909,64,104,sign_batch,3139553,64,2,measured
python-20260723T020649Z,2640845241519884909,64,105,merkle_build,94171,64,2,measured
python-20260723T020649Z,2640845241519884909,64,105,late_rebuild,184304,64,2,measured
python-20260723T020649Z,2640845241519884909,64,105,signature_admission_batch,7890254,64,2,measured
python-20260723T020649Z,2640845241519884909,64,105,proof_verify,19950,64,2,measured
python-20260723T020649Z,2640845241519884909,64,105,verify_batch,7027700,64,2,measured
python-20260723T020649Z,2640845241519884909,64,105,sign_batch,2368536,64,2,measured
python-20260723T020649Z,2640845241519884909,64,106,merkle_build,58406,64,2,measured
python-20260723T020649Z,2640845241519884909,64,106,signature_admission_batch,7372172,64,2,measured
python-20260723T020649Z,2640845241519884909,64,106,late_rebuild,147069,64,2,measured
python-20260723T020649Z,2640845241519884909,64,106,verify_batch,7005226,64,2,measured
python-20260723T020649Z,2640845241519884909,64,106,proof_verify,15673,64,2,measured
python-20260723T020649Z,2640845241519884909,64,106,sign_batch,2342256,64,2,measured
python-20260723T020649Z,2640845241519884909,64,107,merkle_build,54761,64,2,measured
python-20260723T020649Z,2640845241519884909,64,107,verify_batch,7086577,64,2,measured
python-20260723T020649Z,2640845241519884909,64,107,late_rebuild,119077,64,2,measured
python-20260723T020649Z,2640845241519884909,64,107,proof_verify,11938,64,2,measured
python-20260723T020649Z,2640845241519884909,64,107,signature_admission_batch,7407085,64,2,measured
python-20260723T020649Z,2640845241519884909,64,107,sign_batch,2340464,64,2,measured
python-20260723T020649Z,2640845241519884909,64,108,sign_batch,2339773,64,2,measured
python-20260723T020649Z,2640845241519884909,64,108,signature_admission_batch,7403099,64,2,measured
python-20260723T020649Z,2640845241519884909,64,108,verify_batch,6983144,64,2,measured
python-20260723T020649Z,2640845241519884909,64,108,late_rebuild,141370,64,2,measured
python-20260723T020649Z,2640845241519884909,64,108,merkle_build,52227,64,2,measured
python-20260723T020649Z,2640845241519884909,64,108,proof_verify,13981,64,2,measured
python-20260723T020649Z,2640845241519884909,64,109,verify_batch,7003634,64,2,measured
python-20260723T020649Z,2640845241519884909,64,109,sign_batch,2349137,64,2,measured
python-20260723T020649Z,2640845241519884909,64,109,late_rebuild,120179,64,2,measured
python-20260723T020649Z,2640845241519884909,64,109,merkle_build,51987,64,2,measured
python-20260723T020649Z,2640845241519884909,64,109,signature_admission_batch,7379233,64,2,measured
python-20260723T020649Z,2640845241519884909,64,109,proof_verify,13019,64,2,measured
python-20260723T020649Z,2640845241519884909,64,110,signature_admission_batch,7362708,64,2,measured
python-20260723T020649Z,2640845241519884909,64,110,sign_batch,2403998,64,2,measured
python-20260723T020649Z,2640845241519884909,64,110,verify_batch,7417931,64,2,measured
python-20260723T020649Z,2640845241519884909,64,110,merkle_build,65027,64,2,measured
python-20260723T020649Z,2640845241519884909,64,110,late_rebuild,120058,64,2,measured
python-20260723T020649Z,2640845241519884909,64,110,proof_verify,15613,64,2,measured
python-20260723T020649Z,2640845241519884909,64,111,signature_admission_batch,7400656,64,2,measured
python-20260723T020649Z,2640845241519884909,64,111,merkle_build,56534,64,2,measured
python-20260723T020649Z,2640845241519884909,64,111,late_rebuild,112648,64,2,measured
python-20260723T020649Z,2640845241519884909,64,111,proof_verify,11006,64,2,measured
python-20260723T020649Z,2640845241519884909,64,111,verify_batch,7033569,64,2,measured
python-20260723T020649Z,2640845241519884909,64,111,sign_batch,2345451,64,2,measured
python-20260723T020649Z,2640845241519884909,64,112,verify_batch,6995822,64,2,measured
python-20260723T020649Z,2640845241519884909,64,112,signature_admission_batch,7423298,64,2,measured
python-20260723T020649Z,2640845241519884909,64,112,sign_batch,2340013,64,2,measured
python-20260723T020649Z,2640845241519884909,64,112,late_rebuild,122923,64,2,measured
python-20260723T020649Z,2640845241519884909,64,112,proof_verify,12939,64,2,measured
python-20260723T020649Z,2640845241519884909,64,112,merkle_build,51967,64,2,measured
python-20260723T020649Z,2640845241519884909,64,113,merkle_build,51687,64,2,measured
python-20260723T020649Z,2640845241519884909,64,113,late_rebuild,110855,64,2,measured
python-20260723T020649Z,2640845241519884909,64,113,signature_admission_batch,7417200,64,2,measured
python-20260723T020649Z,2640845241519884909,64,113,verify_batch,7009143,64,2,measured
python-20260723T020649Z,2640845241519884909,64,113,proof_verify,15494,64,2,measured
python-20260723T020649Z,2640845241519884909,64,113,sign_batch,2378780,64,2,measured
python-20260723T020649Z,2640845241519884909,64,114,signature_admission_batch,7382649,64,2,measured
python-20260723T020649Z,2640845241519884909,64,114,verify_batch,6979738,64,2,measured
python-20260723T020649Z,2640845241519884909,64,114,sign_batch,2343007,64,2,measured
python-20260723T020649Z,2640845241519884909,64,114,proof_verify,14682,64,2,measured
python-20260723T020649Z,2640845241519884909,64,114,merkle_build,55563,64,2,measured
python-20260723T020649Z,2640845241519884909,64,114,late_rebuild,117385,64,2,measured
python-20260723T020649Z,2640845241519884909,64,115,verify_batch,7140769,64,2,measured
python-20260723T020649Z,2640845241519884909,64,115,merkle_build,55873,64,2,measured
python-20260723T020649Z,2640845241519884909,64,115,proof_verify,12658,64,2,measured
python-20260723T020649Z,2640845241519884909,64,115,signature_admission_batch,7399042,64,2,measured
python-20260723T020649Z,2640845241519884909,64,115,sign_batch,2368335,64,2,measured
python-20260723T020649Z,2640845241519884909,64,115,late_rebuild,119758,64,2,measured
python-20260723T020649Z,2640845241519884909,64,116,proof_verify,11276,64,2,measured
python-20260723T020649Z,2640845241519884909,64,116,signature_admission_batch,7950604,64,2,measured
python-20260723T020649Z,2640845241519884909,64,116,late_rebuild,118316,64,2,measured
python-20260723T020649Z,2640845241519884909,64,116,sign_batch,2353443,64,2,measured
python-20260723T020649Z,2640845241519884909,64,116,verify_batch,7027941,64,2,measured
python-20260723T020649Z,2640845241519884909,64,116,merkle_build,56634,64,2,measured
python-20260723T020649Z,2640845241519884909,64,117,sign_batch,2571328,64,2,measured
python-20260723T020649Z,2640845241519884909,64,117,merkle_build,57105,64,2,measured
python-20260723T020649Z,2640845241519884909,64,117,proof_verify,13951,64,2,measured
python-20260723T020649Z,2640845241519884909,64,117,late_rebuild,116533,64,2,measured
python-20260723T020649Z,2640845241519884909,64,117,signature_admission_batch,7422899,64,2,measured
python-20260723T020649Z,2640845241519884909,64,117,verify_batch,7115611,64,2,measured
python-20260723T020649Z,2640845241519884909,64,118,late_rebuild,123303,64,2,measured
python-20260723T020649Z,2640845241519884909,64,118,verify_batch,7328218,64,2,measured
python-20260723T020649Z,2640845241519884909,64,118,sign_batch,2341976,64,2,measured
python-20260723T020649Z,2640845241519884909,64,118,proof_verify,17977,64,2,measured
python-20260723T020649Z,2640845241519884909,64,118,signature_admission_batch,7395607,64,2,measured
python-20260723T020649Z,2640845241519884909,64,118,merkle_build,56043,64,2,measured
python-20260723T020649Z,2640845241519884909,64,119,merkle_build,53700,64,2,measured
python-20260723T020649Z,2640845241519884909,64,119,signature_admission_batch,7370300,64,2,measured
python-20260723T020649Z,2640845241519884909,64,119,verify_batch,7213517,64,2,measured
python-20260723T020649Z,2640845241519884909,64,119,proof_verify,15963,64,2,measured
python-20260723T020649Z,2640845241519884909,64,119,sign_batch,2342928,64,2,measured
python-20260723T020649Z,2640845241519884909,64,119,late_rebuild,119848,64,2,measured
python-20260723T020649Z,2640845241519884909,64,120,late_rebuild,137464,64,2,measured
python-20260723T020649Z,2640845241519884909,64,120,sign_batch,2335676,64,2,measured
python-20260723T020649Z,2640845241519884909,64,120,proof_verify,25668,64,2,measured
python-20260723T020649Z,2640845241519884909,64,120,merkle_build,66229,64,2,measured
python-20260723T020649Z,2640845241519884909,64,120,verify_batch,7160027,64,2,measured
python-20260723T020649Z,2640845241519884909,64,120,signature_admission_batch,7399383,64,2,measured
python-20260723T020649Z,2640845241519884909,64,121,verify_batch,7023654,64,2,measured
python-20260723T020649Z,2640845241519884909,64,121,proof_verify,18238,64,2,measured
python-20260723T020649Z,2640845241519884909,64,121,signature_admission_batch,7506162,64,2,measured
python-20260723T020649Z,2640845241519884909,64,121,merkle_build,58707,64,2,measured
python-20260723T020649Z,2640845241519884909,64,121,sign_batch,2352932,64,2,measured
python-20260723T020649Z,2640845241519884909,64,121,late_rebuild,119297,64,2,measured
python-20260723T020649Z,2640845241519884909,64,122,signature_admission_batch,7568575,64,2,measured
python-20260723T020649Z,2640845241519884909,64,122,sign_batch,2524027,64,2,measured
python-20260723T020649Z,2640845241519884909,64,122,late_rebuild,125847,64,2,measured
python-20260723T020649Z,2640845241519884909,64,122,verify_batch,7175640,64,2,measured
python-20260723T020649Z,2640845241519884909,64,122,merkle_build,67891,64,2,measured
python-20260723T020649Z,2640845241519884909,64,122,proof_verify,17626,64,2,measured
python-20260723T020649Z,2640845241519884909,64,123,sign_batch,2464939,64,2,measured
python-20260723T020649Z,2640845241519884909,64,123,proof_verify,13931,64,2,measured
python-20260723T020649Z,2640845241519884909,64,123,late_rebuild,120139,64,2,measured
python-20260723T020649Z,2640845241519884909,64,123,verify_batch,7068942,64,2,measured
python-20260723T020649Z,2640845241519884909,64,123,signature_admission_batch,7455116,64,2,measured
python-20260723T020649Z,2640845241519884909,64,123,merkle_build,56585,64,2,measured
python-20260723T020649Z,2640845241519884909,64,124,sign_batch,2399111,64,2,measured
python-20260723T020649Z,2640845241519884909,64,124,late_rebuild,121571,64,2,measured
python-20260723T020649Z,2640845241519884909,64,124,signature_admission_batch,7500814,64,2,measured
python-20260723T020649Z,2640845241519884909,64,124,merkle_build,54852,64,2,measured
python-20260723T020649Z,2640845241519884909,64,124,verify_batch,7102091,64,2,measured
python-20260723T020649Z,2640845241519884909,64,124,proof_verify,19689,64,2,measured
python-20260723T020649Z,2640845241519884909,64,125,verify_batch,7093998,64,2,measured
python-20260723T020649Z,2640845241519884909,64,125,sign_batch,2350999,64,2,measured
python-20260723T020649Z,2640845241519884909,64,125,proof_verify,17055,64,2,measured
python-20260723T020649Z,2640845241519884909,64,125,signature_admission_batch,7461886,64,2,measured
python-20260723T020649Z,2640845241519884909,64,125,merkle_build,57265,64,2,measured
python-20260723T020649Z,2640845241519884909,64,125,late_rebuild,116854,64,2,measured
python-20260723T020649Z,2640845241519884909,64,126,late_rebuild,112447,64,2,measured
python-20260723T020649Z,2640845241519884909,64,126,sign_batch,2347654,64,2,measured
python-20260723T020649Z,2640845241519884909,64,126,verify_batch,7046498,64,2,measured
python-20260723T020649Z,2640845241519884909,64,126,signature_admission_batch,7414355,64,2,measured
python-20260723T020649Z,2640845241519884909,64,126,proof_verify,13420,64,2,measured
python-20260723T020649Z,2640845241519884909,64,126,merkle_build,54051,64,2,measured
python-20260723T020649Z,2640845241519884909,64,127,proof_verify,9915,64,2,measured
python-20260723T020649Z,2640845241519884909,64,127,signature_admission_batch,7501656,64,2,measured
python-20260723T020649Z,2640845241519884909,64,127,verify_batch,7021371,64,2,measured
python-20260723T020649Z,2640845241519884909,64,127,late_rebuild,124416,64,2,measured
python-20260723T020649Z,2640845241519884909,64,127,sign_batch,2347844,64,2,measured
python-20260723T020649Z,2640845241519884909,64,127,merkle_build,54290,64,2,measured
python-20260723T020649Z,2640845241519884909,64,128,sign_batch,2341585,64,2,measured
python-20260723T020649Z,2640845241519884909,64,128,verify_batch,7016954,64,2,measured
python-20260723T020649Z,2640845241519884909,64,128,merkle_build,55763,64,2,measured
python-20260723T020649Z,2640845241519884909,64,128,proof_verify,15103,64,2,measured
python-20260723T020649Z,2640845241519884909,64,128,late_rebuild,115101,64,2,measured
python-20260723T020649Z,2640845241519884909,64,128,signature_admission_batch,7443869,64,2,measured
python-20260723T020649Z,2640845241519884909,64,129,merkle_build,55723,64,2,measured
python-20260723T020649Z,2640845241519884909,64,129,proof_verify,11688,64,2,measured
python-20260723T020649Z,2640845241519884909,64,129,sign_batch,2361244,64,2,measured
python-20260723T020649Z,2640845241519884909,64,129,verify_batch,6983024,64,2,measured
python-20260723T020649Z,2640845241519884909,64,129,signature_admission_batch,7401676,64,2,measured
python-20260723T020649Z,2640845241519884909,64,129,late_rebuild,119187,64,2,measured
python-20260723T020649Z,2640845241519884909,64,130,late_rebuild,111777,64,2,measured
python-20260723T020649Z,2640845241519884909,64,130,signature_admission_batch,7387155,64,2,measured
python-20260723T020649Z,2640845241519884909,64,130,sign_batch,2348065,64,2,measured
python-20260723T020649Z,2640845241519884909,64,130,proof_verify,15964,64,2,measured
python-20260723T020649Z,2640845241519884909,64,130,verify_batch,6998477,64,2,measured
python-20260723T020649Z,2640845241519884909,64,130,merkle_build,56244,64,2,measured
python-20260723T020649Z,2640845241519884909,64,131,proof_verify,10826,64,2,measured
python-20260723T020649Z,2640845241519884909,64,131,verify_batch,7028671,64,2,measured
python-20260723T020649Z,2640845241519884909,64,131,merkle_build,57986,64,2,measured
python-20260723T020649Z,2640845241519884909,64,131,signature_admission_batch,7399143,64,2,measured
python-20260723T020649Z,2640845241519884909,64,131,late_rebuild,120079,64,2,measured
python-20260723T020649Z,2640845241519884909,64,131,sign_batch,2346212,64,2,measured
python-20260723T020649Z,2640845241519884909,64,132,sign_batch,2336418,64,2,measured
python-20260723T020649Z,2640845241519884909,64,132,proof_verify,13811,64,2,measured
python-20260723T020649Z,2640845241519884909,64,132,verify_batch,7062321,64,2,measured
python-20260723T020649Z,2640845241519884909,64,132,late_rebuild,121641,64,2,measured
python-20260723T020649Z,2640845241519884909,64,132,signature_admission_batch,7386344,64,2,measured
python-20260723T020649Z,2640845241519884909,64,132,merkle_build,55572,64,2,measured
python-20260723T020649Z,2640845241519884909,64,133,verify_batch,7141990,64,2,measured
python-20260723T020649Z,2640845241519884909,64,133,sign_batch,2348165,64,2,measured
python-20260723T020649Z,2640845241519884909,64,133,proof_verify,17285,64,2,measured
python-20260723T020649Z,2640845241519884909,64,133,late_rebuild,129392,64,2,measured
python-20260723T020649Z,2640845241519884909,64,133,signature_admission_batch,7411992,64,2,measured
python-20260723T020649Z,2640845241519884909,64,133,merkle_build,56604,64,2,measured
python-20260723T020649Z,2640845241519884909,64,134,signature_admission_batch,7366645,64,2,measured
python-20260723T020649Z,2640845241519884909,64,134,sign_batch,2343027,64,2,measured
python-20260723T020649Z,2640845241519884909,64,134,verify_batch,6991205,64,2,measured
python-20260723T020649Z,2640845241519884909,64,134,late_rebuild,135552,64,2,measured
python-20260723T020649Z,2640845241519884909,64,134,merkle_build,51797,64,2,measured
python-20260723T020649Z,2640845241519884909,64,134,proof_verify,11647,64,2,measured
python-20260723T020649Z,2640845241519884909,64,135,verify_batch,7050154,64,2,measured
python-20260723T020649Z,2640845241519884909,64,135,late_rebuild,119278,64,2,measured
python-20260723T020649Z,2640845241519884909,64,135,signature_admission_batch,7406093,64,2,measured
python-20260723T020649Z,2640845241519884909,64,135,proof_verify,14612,64,2,measured
python-20260723T020649Z,2640845241519884909,64,135,sign_batch,2358560,64,2,measured
python-20260723T020649Z,2640845241519884909,64,135,merkle_build,55834,64,2,measured
python-20260723T020649Z,2640845241519884909,64,136,merkle_build,51767,64,2,measured
python-20260723T020649Z,2640845241519884909,64,136,verify_batch,7024775,64,2,measured
python-20260723T020649Z,2640845241519884909,64,136,signature_admission_batch,7370120,64,2,measured
python-20260723T020649Z,2640845241519884909,64,136,late_rebuild,128862,64,2,measured
python-20260723T020649Z,2640845241519884909,64,136,proof_verify,11948,64,2,measured
python-20260723T020649Z,2640845241519884909,64,136,sign_batch,2348806,64,2,measured
python-20260723T020649Z,2640845241519884909,64,137,late_rebuild,114721,64,2,measured
python-20260723T020649Z,2640845241519884909,64,137,merkle_build,52107,64,2,measured
python-20260723T020649Z,2640845241519884909,64,137,proof_verify,9965,64,2,measured
python-20260723T020649Z,2640845241519884909,64,137,signature_admission_batch,7457440,64,2,measured
python-20260723T020649Z,2640845241519884909,64,137,verify_batch,7037244,64,2,measured
python-20260723T020649Z,2640845241519884909,64,137,sign_batch,2340884,64,2,measured
python-20260723T020649Z,2640845241519884909,64,138,merkle_build,58117,64,2,measured
python-20260723T020649Z,2640845241519884909,64,138,signature_admission_batch,7394516,64,2,measured
python-20260723T020649Z,2640845241519884909,64,138,proof_verify,15463,64,2,measured
python-20260723T020649Z,2640845241519884909,64,138,verify_batch,7058907,64,2,measured
python-20260723T020649Z,2640845241519884909,64,138,sign_batch,2535664,64,2,measured
python-20260723T020649Z,2640845241519884909,64,138,late_rebuild,131736,64,2,measured
python-20260723T020649Z,2640845241519884909,64,139,signature_admission_batch,7450679,64,2,measured
python-20260723T020649Z,2640845241519884909,64,139,proof_verify,14461,64,2,measured
python-20260723T020649Z,2640845241519884909,64,139,merkle_build,54381,64,2,measured
python-20260723T020649Z,2640845241519884909,64,139,verify_batch,7073208,64,2,measured
python-20260723T020649Z,2640845241519884909,64,139,sign_batch,2353843,64,2,measured
python-20260723T020649Z,2640845241519884909,64,139,late_rebuild,121921,64,2,measured
python-20260723T020649Z,2640845241519884909,64,140,proof_verify,12378,64,2,measured
python-20260723T020649Z,2640845241519884909,64,140,verify_batch,7082932,64,2,measured
python-20260723T020649Z,2640845241519884909,64,140,merkle_build,57856,64,2,measured
python-20260723T020649Z,2640845241519884909,64,140,late_rebuild,113689,64,2,measured
python-20260723T020649Z,2640845241519884909,64,140,signature_admission_batch,7441345,64,2,measured
python-20260723T020649Z,2640845241519884909,64,140,sign_batch,2344910,64,2,measured
python-20260723T020649Z,2640845241519884909,64,141,merkle_build,55643,64,2,measured
python-20260723T020649Z,2640845241519884909,64,141,sign_batch,2342898,64,2,measured
python-20260723T020649Z,2640845241519884909,64,141,signature_admission_batch,7404661,64,2,measured
python-20260723T020649Z,2640845241519884909,64,141,late_rebuild,128981,64,2,measured
python-20260723T020649Z,2640845241519884909,64,141,proof_verify,13821,64,2,measured
python-20260723T020649Z,2640845241519884909,64,141,verify_batch,7074249,64,2,measured
python-20260723T020649Z,2640845241519884909,64,142,verify_batch,7005286,64,2,measured
python-20260723T020649Z,2640845241519884909,64,142,signature_admission_batch,7398001,64,2,measured
python-20260723T020649Z,2640845241519884909,64,142,proof_verify,16204,64,2,measured
python-20260723T020649Z,2640845241519884909,64,142,merkle_build,55272,64,2,measured
python-20260723T020649Z,2640845241519884909,64,142,sign_batch,2376788,64,2,measured
python-20260723T020649Z,2640845241519884909,64,142,late_rebuild,117675,64,2,measured
python-20260723T020649Z,2640845241519884909,64,143,merkle_build,52268,64,2,measured
python-20260723T020649Z,2640845241519884909,64,143,late_rebuild,111657,64,2,measured
python-20260723T020649Z,2640845241519884909,64,143,verify_batch,7054240,64,2,measured
python-20260723T020649Z,2640845241519884909,64,143,sign_batch,2345491,64,2,measured
python-20260723T020649Z,2640845241519884909,64,143,proof_verify,15733,64,2,measured
python-20260723T020649Z,2640845241519884909,64,143,signature_admission_batch,7509097,64,2,measured
python-20260723T020649Z,2640845241519884909,64,144,proof_verify,14041,64,2,measured
python-20260723T020649Z,2640845241519884909,64,144,late_rebuild,121330,64,2,measured
python-20260723T020649Z,2640845241519884909,64,144,sign_batch,2361885,64,2,measured
python-20260723T020649Z,2640845241519884909,64,144,verify_batch,7025257,64,2,measured
python-20260723T020649Z,2640845241519884909,64,144,merkle_build,58156,64,2,measured
python-20260723T020649Z,2640845241519884909,64,144,signature_admission_batch,7385603,64,2,measured
python-20260723T020649Z,2640845241519884909,64,145,proof_verify,13230,64,2,measured
python-20260723T020649Z,2640845241519884909,64,145,signature_admission_batch,7371161,64,2,measured
python-20260723T020649Z,2640845241519884909,64,145,sign_batch,2374334,64,2,measured
python-20260723T020649Z,2640845241519884909,64,145,verify_batch,7055571,64,2,measured
python-20260723T020649Z,2640845241519884909,64,145,merkle_build,60620,64,2,measured
python-20260723T020649Z,2640845241519884909,64,145,late_rebuild,118496,64,2,measured
python-20260723T020649Z,2640845241519884909,64,146,merkle_build,52698,64,2,measured
python-20260723T020649Z,2640845241519884909,64,146,sign_batch,2352691,64,2,measured
python-20260723T020649Z,2640845241519884909,64,146,proof_verify,14341,64,2,measured
python-20260723T020649Z,2640845241519884909,64,146,signature_admission_batch,7409147,64,2,measured
python-20260723T020649Z,2640845241519884909,64,146,verify_batch,7067419,64,2,measured
python-20260723T020649Z,2640845241519884909,64,146,late_rebuild,134911,64,2,measured
python-20260723T020649Z,2640845241519884909,64,147,sign_batch,2348755,64,2,measured
python-20260723T020649Z,2640845241519884909,64,147,verify_batch,7062852,64,2,measured
python-20260723T020649Z,2640845241519884909,64,147,late_rebuild,122182,64,2,measured
python-20260723T020649Z,2640845241519884909,64,147,proof_verify,13751,64,2,measured
python-20260723T020649Z,2640845241519884909,64,147,signature_admission_batch,7444490,64,2,measured
python-20260723T020649Z,2640845241519884909,64,147,merkle_build,55974,64,2,measured
python-20260723T020649Z,2640845241519884909,64,148,sign_batch,2366853,64,2,measured
python-20260723T020649Z,2640845241519884909,64,148,verify_batch,7217853,64,2,measured
python-20260723T020649Z,2640845241519884909,64,148,late_rebuild,138016,64,2,measured
python-20260723T020649Z,2640845241519884909,64,148,merkle_build,53279,64,2,measured
python-20260723T020649Z,2640845241519884909,64,148,signature_admission_batch,7474515,64,2,measured
python-20260723T020649Z,2640845241519884909,64,148,proof_verify,17326,64,2,measured
python-20260723T020649Z,2640845241519884909,64,149,signature_admission_batch,7412964,64,2,measured
python-20260723T020649Z,2640845241519884909,64,149,merkle_build,55703,64,2,measured
python-20260723T020649Z,2640845241519884909,64,149,sign_batch,2401865,64,2,measured
python-20260723T020649Z,2640845241519884909,64,149,verify_batch,7021972,64,2,measured
python-20260723T020649Z,2640845241519884909,64,149,late_rebuild,123614,64,2,measured
python-20260723T020649Z,2640845241519884909,64,149,proof_verify,12919,64,2,measured
python-20260723T020649Z,2640845241519884909,64,150,signature_admission_batch,7416589,64,2,measured
python-20260723T020649Z,2640845241519884909,64,150,proof_verify,12929,64,2,measured
python-20260723T020649Z,2640845241519884909,64,150,merkle_build,54041,64,2,measured
python-20260723T020649Z,2640845241519884909,64,150,verify_batch,7071645,64,2,measured
python-20260723T020649Z,2640845241519884909,64,150,late_rebuild,121130,64,2,measured
python-20260723T020649Z,2640845241519884909,64,150,sign_batch,2356097,64,2,measured
python-20260723T020649Z,2640845241519884909,64,151,merkle_build,54200,64,2,measured
python-20260723T020649Z,2640845241519884909,64,151,signature_admission_batch,7439663,64,2,measured
python-20260723T020649Z,2640845241519884909,64,151,verify_batch,7000329,64,2,measured
python-20260723T020649Z,2640845241519884909,64,151,sign_batch,2354565,64,2,measured
python-20260723T020649Z,2640845241519884909,64,151,late_rebuild,123434,64,2,measured
python-20260723T020649Z,2640845241519884909,64,151,proof_verify,14953,64,2,measured
python-20260723T020649Z,2640845241519884909,64,152,sign_batch,2356137,64,2,measured
python-20260723T020649Z,2640845241519884909,64,152,late_rebuild,116053,64,2,measured
python-20260723T020649Z,2640845241519884909,64,152,signature_admission_batch,7390991,64,2,measured
python-20260723T020649Z,2640845241519884909,64,152,merkle_build,55913,64,2,measured
python-20260723T020649Z,2640845241519884909,64,152,proof_verify,11998,64,2,measured
python-20260723T020649Z,2640845241519884909,64,152,verify_batch,7021501,64,2,measured
python-20260723T020649Z,2640845241519884909,64,153,late_rebuild,117595,64,2,measured
python-20260723T020649Z,2640845241519884909,64,153,proof_verify,10415,64,2,measured
python-20260723T020649Z,2640845241519884909,64,153,verify_batch,6996133,64,2,measured
python-20260723T020649Z,2640845241519884909,64,153,merkle_build,54941,64,2,measured
python-20260723T020649Z,2640845241519884909,64,153,signature_admission_batch,7390339,64,2,measured
python-20260723T020649Z,2640845241519884909,64,153,sign_batch,2340394,64,2,measured
python-20260723T020649Z,2640845241519884909,64,154,signature_admission_batch,7535075,64,2,measured
python-20260723T020649Z,2640845241519884909,64,154,proof_verify,15002,64,2,measured
python-20260723T020649Z,2640845241519884909,64,154,late_rebuild,119167,64,2,measured
python-20260723T020649Z,2640845241519884909,64,154,verify_batch,7035351,64,2,measured
python-20260723T020649Z,2640845241519884909,64,154,sign_batch,2474182,64,2,measured
python-20260723T020649Z,2640845241519884909,64,154,merkle_build,59038,64,2,measured
python-20260723T020649Z,2640845241519884909,64,155,merkle_build,55573,64,2,measured
python-20260723T020649Z,2640845241519884909,64,155,proof_verify,13189,64,2,measured
python-20260723T020649Z,2640845241519884909,64,155,verify_batch,7056302,64,2,measured
python-20260723T020649Z,2640845241519884909,64,155,signature_admission_batch,7371982,64,2,measured
python-20260723T020649Z,2640845241519884909,64,155,late_rebuild,119568,64,2,measured
python-20260723T020649Z,2640845241519884909,64,155,sign_batch,2375366,64,2,measured
python-20260723T020649Z,2640845241519884909,64,156,merkle_build,56384,64,2,measured
python-20260723T020649Z,2640845241519884909,64,156,sign_batch,2361214,64,2,measured
python-20260723T020649Z,2640845241519884909,64,156,late_rebuild,116223,64,2,measured
python-20260723T020649Z,2640845241519884909,64,156,proof_verify,12148,64,2,measured
python-20260723T020649Z,2640845241519884909,64,156,signature_admission_batch,7455476,64,2,measured
python-20260723T020649Z,2640845241519884909,64,156,verify_batch,6993530,64,2,measured
python-20260723T020649Z,2640845241519884909,64,157,proof_verify,14051,64,2,measured
python-20260723T020649Z,2640845241519884909,64,157,signature_admission_batch,7436558,64,2,measured
python-20260723T020649Z,2640845241519884909,64,157,late_rebuild,122372,64,2,measured
python-20260723T020649Z,2640845241519884909,64,157,merkle_build,52508,64,2,measured
python-20260723T020649Z,2640845241519884909,64,157,sign_batch,2350779,64,2,measured
python-20260723T020649Z,2640845241519884909,64,157,verify_batch,7076243,64,2,measured
python-20260723T020649Z,2640845241519884909,64,158,merkle_build,57125,64,2,measured
python-20260723T020649Z,2640845241519884909,64,158,sign_batch,2342416,64,2,measured
python-20260723T020649Z,2640845241519884909,64,158,late_rebuild,119928,64,2,measured
python-20260723T020649Z,2640845241519884909,64,158,signature_admission_batch,7406104,64,2,measured
python-20260723T020649Z,2640845241519884909,64,158,verify_batch,7002523,64,2,measured
python-20260723T020649Z,2640845241519884909,64,158,proof_verify,15973,64,2,measured
python-20260723T020649Z,2640845241519884909,64,159,late_rebuild,117755,64,2,measured
python-20260723T020649Z,2640845241519884909,64,159,merkle_build,52398,64,2,measured
python-20260723T020649Z,2640845241519884909,64,159,sign_batch,2352571,64,2,measured
python-20260723T020649Z,2640845241519884909,64,159,verify_batch,7005307,64,2,measured
python-20260723T020649Z,2640845241519884909,64,159,proof_verify,14031,64,2,measured
python-20260723T020649Z,2640845241519884909,64,159,signature_admission_batch,7566562,64,2,measured
python-20260723T020649Z,2640845241519884909,64,160,sign_batch,2643014,64,2,measured
python-20260723T020649Z,2640845241519884909,64,160,merkle_build,65738,64,2,measured
python-20260723T020649Z,2640845241519884909,64,160,verify_batch,7062712,64,2,measured
python-20260723T020649Z,2640845241519884909,64,160,proof_verify,18167,64,2,measured
python-20260723T020649Z,2640845241519884909,64,160,late_rebuild,121831,64,2,measured
python-20260723T020649Z,2640845241519884909,64,160,signature_admission_batch,7415317,64,2,measured
python-20260723T020649Z,2640845241519884909,64,161,sign_batch,2353303,64,2,measured
python-20260723T020649Z,2640845241519884909,64,161,merkle_build,55623,64,2,measured
python-20260723T020649Z,2640845241519884909,64,161,signature_admission_batch,7402458,64,2,measured
python-20260723T020649Z,2640845241519884909,64,161,verify_batch,7041741,64,2,measured
python-20260723T020649Z,2640845241519884909,64,161,proof_verify,17005,64,2,measured
python-20260723T020649Z,2640845241519884909,64,161,late_rebuild,120279,64,2,measured
python-20260723T020649Z,2640845241519884909,64,162,late_rebuild,111687,64,2,measured
python-20260723T020649Z,2640845241519884909,64,162,merkle_build,51917,64,2,measured
python-20260723T020649Z,2640845241519884909,64,162,sign_batch,2346803,64,2,measured
python-20260723T020649Z,2640845241519884909,64,162,signature_admission_batch,7402998,64,2,measured
python-20260723T020649Z,2640845241519884909,64,162,verify_batch,7045707,64,2,measured
python-20260723T020649Z,2640845241519884909,64,162,proof_verify,26259,64,2,measured
python-20260723T020649Z,2640845241519884909,64,163,late_rebuild,118586,64,2,measured
python-20260723T020649Z,2640845241519884909,64,163,proof_verify,9854,64,2,measured
python-20260723T020649Z,2640845241519884909,64,163,verify_batch,7016073,64,2,measured
python-20260723T020649Z,2640845241519884909,64,163,signature_admission_batch,7384652,64,2,measured
python-20260723T020649Z,2640845241519884909,64,163,sign_batch,2341535,64,2,measured
python-20260723T020649Z,2640845241519884909,64,163,merkle_build,57175,64,2,measured
python-20260723T020649Z,2640845241519884909,64,164,proof_verify,11907,64,2,measured
python-20260723T020649Z,2640845241519884909,64,164,verify_batch,7003645,64,2,measured
python-20260723T020649Z,2640845241519884909,64,164,sign_batch,2345350,64,2,measured
python-20260723T020649Z,2640845241519884909,64,164,merkle_build,74661,64,2,measured
python-20260723T020649Z,2640845241519884909,64,164,late_rebuild,115652,64,2,measured
python-20260723T020649Z,2640845241519884909,64,164,signature_admission_batch,7365693,64,2,measured
python-20260723T020649Z,2640845241519884909,64,165,sign_batch,2359182,64,2,measured
python-20260723T020649Z,2640845241519884909,64,165,merkle_build,55874,64,2,measured
python-20260723T020649Z,2640845241519884909,64,165,verify_batch,7264472,64,2,measured
python-20260723T020649Z,2640845241519884909,64,165,proof_verify,24667,64,2,measured
python-20260723T020649Z,2640845241519884909,64,165,signature_admission_batch,7811877,64,2,measured
python-20260723T020649Z,2640845241519884909,64,165,late_rebuild,129392,64,2,measured
python-20260723T020649Z,2640845241519884909,64,166,verify_batch,7061451,64,2,measured
python-20260723T020649Z,2640845241519884909,64,166,merkle_build,56535,64,2,measured
python-20260723T020649Z,2640845241519884909,64,166,signature_admission_batch,7396349,64,2,measured
python-20260723T020649Z,2640845241519884909,64,166,late_rebuild,117966,64,2,measured
python-20260723T020649Z,2640845241519884909,64,166,proof_verify,14282,64,2,measured
python-20260723T020649Z,2640845241519884909,64,166,sign_batch,2350759,64,2,measured
python-20260723T020649Z,2640845241519884909,64,167,sign_batch,2351751,64,2,measured
python-20260723T020649Z,2640845241519884909,64,167,signature_admission_batch,7399593,64,2,measured
python-20260723T020649Z,2640845241519884909,64,167,proof_verify,15823,64,2,measured
python-20260723T020649Z,2640845241519884909,64,167,verify_batch,7006088,64,2,measured
python-20260723T020649Z,2640845241519884909,64,167,merkle_build,58197,64,2,measured
python-20260723T020649Z,2640845241519884909,64,167,late_rebuild,116674,64,2,measured
python-20260723T020649Z,2640845241519884909,64,168,merkle_build,53460,64,2,measured
python-20260723T020649Z,2640845241519884909,64,168,proof_verify,11497,64,2,measured
python-20260723T020649Z,2640845241519884909,64,168,late_rebuild,112798,64,2,measured
python-20260723T020649Z,2640845241519884909,64,168,sign_batch,2346022,64,2,measured
python-20260723T020649Z,2640845241519884909,64,168,verify_batch,7007780,64,2,measured
python-20260723T020649Z,2640845241519884909,64,168,signature_admission_batch,7461345,64,2,measured
python-20260723T020649Z,2640845241519884909,64,169,proof_verify,13440,64,2,measured
python-20260723T020649Z,2640845241519884909,64,169,sign_batch,2346672,64,2,measured
python-20260723T020649Z,2640845241519884909,64,169,signature_admission_batch,7391973,64,2,measured
python-20260723T020649Z,2640845241519884909,64,169,verify_batch,7046979,64,2,measured
python-20260723T020649Z,2640845241519884909,64,169,merkle_build,60931,64,2,measured
python-20260723T020649Z,2640845241519884909,64,169,late_rebuild,119188,64,2,measured
python-20260723T020649Z,2640845241519884909,64,170,verify_batch,7013158,64,2,measured
python-20260723T020649Z,2640845241519884909,64,170,late_rebuild,119027,64,2,measured
python-20260723T020649Z,2640845241519884909,64,170,proof_verify,13640,64,2,measured
python-20260723T020649Z,2640845241519884909,64,170,sign_batch,2351821,64,2,measured
python-20260723T020649Z,2640845241519884909,64,170,signature_admission_batch,7379784,64,2,measured
python-20260723T020649Z,2640845241519884909,64,170,merkle_build,56314,64,2,measured
python-20260723T020649Z,2640845241519884909,64,171,proof_verify,11608,64,2,measured
python-20260723T020649Z,2640845241519884909,64,171,merkle_build,52368,64,2,measured
python-20260723T020649Z,2640845241519884909,64,171,sign_batch,2384259,64,2,measured
python-20260723T020649Z,2640845241519884909,64,171,late_rebuild,118145,64,2,measured
python-20260723T020649Z,2640845241519884909,64,171,verify_batch,7059928,64,2,measured
python-20260723T020649Z,2640845241519884909,64,171,signature_admission_batch,7397561,64,2,measured
python-20260723T020649Z,2640845241519884909,64,172,signature_admission_batch,7431882,64,2,measured
python-20260723T020649Z,2640845241519884909,64,172,sign_batch,2370308,64,2,measured
python-20260723T020649Z,2640845241519884909,64,172,merkle_build,58797,64,2,measured
python-20260723T020649Z,2640845241519884909,64,172,verify_batch,6997605,64,2,measured
python-20260723T020649Z,2640845241519884909,64,172,late_rebuild,150965,64,2,measured
python-20260723T020649Z,2640845241519884909,64,172,proof_verify,16735,64,2,measured
python-20260723T020649Z,2640845241519884909,64,173,late_rebuild,113058,64,2,measured
python-20260723T020649Z,2640845241519884909,64,173,verify_batch,7000991,64,2,measured
python-20260723T020649Z,2640845241519884909,64,173,signature_admission_batch,7372864,64,2,measured
python-20260723T020649Z,2640845241519884909,64,173,merkle_build,58216,64,2,measured
python-20260723T020649Z,2640845241519884909,64,173,sign_batch,2347264,64,2,measured
python-20260723T020649Z,2640845241519884909,64,173,proof_verify,13821,64,2,measured
python-20260723T020649Z,2640845241519884909,64,174,proof_verify,8703,64,2,measured
python-20260723T020649Z,2640845241519884909,64,174,sign_batch,2336768,64,2,measured
python-20260723T020649Z,2640845241519884909,64,174,signature_admission_batch,7455407,64,2,measured
python-20260723T020649Z,2640845241519884909,64,174,merkle_build,55733,64,2,measured
python-20260723T020649Z,2640845241519884909,64,174,late_rebuild,115541,64,2,measured
python-20260723T020649Z,2640845241519884909,64,174,verify_batch,7587823,64,2,measured
python-20260723T020649Z,2640845241519884909,64,175,verify_batch,7025437,64,2,measured
python-20260723T020649Z,2640845241519884909,64,175,late_rebuild,126919,64,2,measured
python-20260723T020649Z,2640845241519884909,64,175,proof_verify,14362,64,2,measured
python-20260723T020649Z,2640845241519884909,64,175,signature_admission_batch,7409628,64,2,measured
python-20260723T020649Z,2640845241519884909,64,175,sign_batch,2343468,64,2,measured
python-20260723T020649Z,2640845241519884909,64,175,merkle_build,58367,64,2,measured
python-20260723T020649Z,2640845241519884909,64,176,sign_batch,2357529,64,2,measured
python-20260723T020649Z,2640845241519884909,64,176,merkle_build,54361,64,2,measured
python-20260723T020649Z,2640845241519884909,64,176,signature_admission_batch,7664918,64,2,measured
python-20260723T020649Z,2640845241519884909,64,176,late_rebuild,116823,64,2,measured
python-20260723T020649Z,2640845241519884909,64,176,proof_verify,12368,64,2,measured
python-20260723T020649Z,2640845241519884909,64,176,verify_batch,7015943,64,2,measured
python-20260723T020649Z,2640845241519884909,64,177,signature_admission_batch,7448175,64,2,measured
python-20260723T020649Z,2640845241519884909,64,177,merkle_build,57426,64,2,measured
python-20260723T020649Z,2640845241519884909,64,177,sign_batch,2345000,64,2,measured
python-20260723T020649Z,2640845241519884909,64,177,verify_batch,6999808,64,2,measured
python-20260723T020649Z,2640845241519884909,64,177,late_rebuild,123624,64,2,measured
python-20260723T020649Z,2640845241519884909,64,177,proof_verify,13060,64,2,measured
python-20260723T020649Z,2640845241519884909,64,178,merkle_build,52999,64,2,measured
python-20260723T020649Z,2640845241519884909,64,178,sign_batch,2416487,64,2,measured
python-20260723T020649Z,2640845241519884909,64,178,proof_verify,12789,64,2,measured
python-20260723T020649Z,2640845241519884909,64,178,signature_admission_batch,7441326,64,2,measured
python-20260723T020649Z,2640845241519884909,64,178,late_rebuild,133538,64,2,measured
python-20260723T020649Z,2640845241519884909,64,178,verify_batch,7018276,64,2,measured
python-20260723T020649Z,2640845241519884909,64,179,signature_admission_batch,7360916,64,2,measured
python-20260723T020649Z,2640845241519884909,64,179,verify_batch,7000029,64,2,measured
python-20260723T020649Z,2640845241519884909,64,179,proof_verify,19338,64,2,measured
python-20260723T020649Z,2640845241519884909,64,179,merkle_build,55243,64,2,measured
python-20260723T020649Z,2640845241519884909,64,179,late_rebuild,116554,64,2,measured
python-20260723T020649Z,2640845241519884909,64,179,sign_batch,2346252,64,2,measured
python-20260723T020649Z,2640845241519884909,64,180,merkle_build,54261,64,2,measured
python-20260723T020649Z,2640845241519884909,64,180,verify_batch,7041431,64,2,measured
python-20260723T020649Z,2640845241519884909,64,180,sign_batch,2341805,64,2,measured
python-20260723T020649Z,2640845241519884909,64,180,proof_verify,15002,64,2,measured
python-20260723T020649Z,2640845241519884909,64,180,late_rebuild,118857,64,2,measured
python-20260723T020649Z,2640845241519884909,64,180,signature_admission_batch,7388017,64,2,measured
python-20260723T020649Z,2640845241519884909,64,181,late_rebuild,117815,64,2,measured
python-20260723T020649Z,2640845241519884909,64,181,sign_batch,2339012,64,2,measured
python-20260723T020649Z,2640845241519884909,64,181,signature_admission_batch,7413845,64,2,measured
python-20260723T020649Z,2640845241519884909,64,181,merkle_build,55112,64,2,measured
python-20260723T020649Z,2640845241519884909,64,181,verify_batch,7005357,64,2,measured
python-20260723T020649Z,2640845241519884909,64,181,proof_verify,16195,64,2,measured
python-20260723T020649Z,2640845241519884909,64,182,late_rebuild,118166,64,2,measured
python-20260723T020649Z,2640845241519884909,64,182,sign_batch,2371059,64,2,measured
python-20260723T020649Z,2640845241519884909,64,182,verify_batch,7041170,64,2,measured
python-20260723T020649Z,2640845241519884909,64,182,proof_verify,16755,64,2,measured
python-20260723T020649Z,2640845241519884909,64,182,signature_admission_batch,7464359,64,2,measured
python-20260723T020649Z,2640845241519884909,64,182,merkle_build,56504,64,2,measured
python-20260723T020649Z,2640845241519884909,64,183,late_rebuild,117886,64,2,measured
python-20260723T020649Z,2640845241519884909,64,183,proof_verify,12769,64,2,measured
python-20260723T020649Z,2640845241519884909,64,183,signature_admission_batch,7383540,64,2,measured
python-20260723T020649Z,2640845241519884909,64,183,verify_batch,7033649,64,2,measured
python-20260723T020649Z,2640845241519884909,64,183,sign_batch,2339723,64,2,measured
python-20260723T020649Z,2640845241519884909,64,183,merkle_build,58167,64,2,measured
python-20260723T020649Z,2640845241519884909,64,184,signature_admission_batch,7391582,64,2,measured
python-20260723T020649Z,2640845241519884909,64,184,late_rebuild,127100,64,2,measured
python-20260723T020649Z,2640845241519884909,64,184,merkle_build,52909,64,2,measured
python-20260723T020649Z,2640845241519884909,64,184,proof_verify,13780,64,2,measured
python-20260723T020649Z,2640845241519884909,64,184,verify_batch,7017465,64,2,measured
python-20260723T020649Z,2640845241519884909,64,184,sign_batch,2350809,64,2,measured
python-20260723T020649Z,2640845241519884909,64,185,proof_verify,14822,64,2,measured
python-20260723T020649Z,2640845241519884909,64,185,verify_batch,6995371,64,2,measured
python-20260723T020649Z,2640845241519884909,64,185,late_rebuild,123434,64,2,measured
python-20260723T020649Z,2640845241519884909,64,185,signature_admission_batch,7425142,64,2,measured
python-20260723T020649Z,2640845241519884909,64,185,merkle_build,59588,64,2,measured
python-20260723T020649Z,2640845241519884909,64,185,sign_batch,2351069,64,2,measured
python-20260723T020649Z,2640845241519884909,64,186,merkle_build,53871,64,2,measured
python-20260723T020649Z,2640845241519884909,64,186,sign_batch,2363207,64,2,measured
python-20260723T020649Z,2640845241519884909,64,186,verify_batch,7006338,64,2,measured
python-20260723T020649Z,2640845241519884909,64,186,signature_admission_batch,7402037,64,2,measured
python-20260723T020649Z,2640845241519884909,64,186,proof_verify,15102,64,2,measured
python-20260723T020649Z,2640845241519884909,64,186,late_rebuild,117926,64,2,measured
python-20260723T020649Z,2640845241519884909,64,187,verify_batch,6995882,64,2,measured
python-20260723T020649Z,2640845241519884909,64,187,sign_batch,2367684,64,2,measured
python-20260723T020649Z,2640845241519884909,64,187,proof_verify,15533,64,2,measured
python-20260723T020649Z,2640845241519884909,64,187,signature_admission_batch,8931524,64,2,measured
python-20260723T020649Z,2640845241519884909,64,187,late_rebuild,128592,64,2,measured
python-20260723T020649Z,2640845241519884909,64,187,merkle_build,52678,64,2,measured
python-20260723T020649Z,2640845241519884909,64,188,signature_admission_batch,7780380,64,2,measured
python-20260723T020649Z,2640845241519884909,64,188,merkle_build,60220,64,2,measured
python-20260723T020649Z,2640845241519884909,64,188,verify_batch,7076923,64,2,measured
python-20260723T020649Z,2640845241519884909,64,188,sign_batch,2376737,64,2,measured
python-20260723T020649Z,2640845241519884909,64,188,proof_verify,21682,64,2,measured
python-20260723T020649Z,2640845241519884909,64,188,late_rebuild,119398,64,2,measured
python-20260723T020649Z,2640845241519884909,64,189,proof_verify,10997,64,2,measured
python-20260723T020649Z,2640845241519884909,64,189,verify_batch,7045476,64,2,measured
python-20260723T020649Z,2640845241519884909,64,189,late_rebuild,121110,64,2,measured
python-20260723T020649Z,2640845241519884909,64,189,signature_admission_batch,7399203,64,2,measured
python-20260723T020649Z,2640845241519884909,64,189,sign_batch,2349066,64,2,measured
python-20260723T020649Z,2640845241519884909,64,189,merkle_build,56173,64,2,measured
python-20260723T020649Z,2640845241519884909,64,190,late_rebuild,114730,64,2,measured
python-20260723T020649Z,2640845241519884909,64,190,verify_batch,7039908,64,2,measured
python-20260723T020649Z,2640845241519884909,64,190,sign_batch,2340494,64,2,measured
python-20260723T020649Z,2640845241519884909,64,190,proof_verify,18597,64,2,measured
python-20260723T020649Z,2640845241519884909,64,190,signature_admission_batch,7496097,64,2,measured
python-20260723T020649Z,2640845241519884909,64,190,merkle_build,57256,64,2,measured
python-20260723T020649Z,2640845241519884909,64,191,sign_batch,2347815,64,2,measured
python-20260723T020649Z,2640845241519884909,64,191,late_rebuild,118116,64,2,measured
python-20260723T020649Z,2640845241519884909,64,191,verify_batch,7011205,64,2,measured
python-20260723T020649Z,2640845241519884909,64,191,merkle_build,55172,64,2,measured
python-20260723T020649Z,2640845241519884909,64,191,proof_verify,13640,64,2,measured
python-20260723T020649Z,2640845241519884909,64,191,signature_admission_batch,7409609,64,2,measured
python-20260723T020649Z,2640845241519884909,64,192,verify_batch,7002643,64,2,measured
python-20260723T020649Z,2640845241519884909,64,192,sign_batch,2342006,64,2,measured
python-20260723T020649Z,2640845241519884909,64,192,merkle_build,58137,64,2,measured
python-20260723T020649Z,2640845241519884909,64,192,proof_verify,13250,64,2,measured
python-20260723T020649Z,2640845241519884909,64,192,late_rebuild,118646,64,2,measured
python-20260723T020649Z,2640845241519884909,64,192,signature_admission_batch,7412192,64,2,measured
python-20260723T020649Z,2640845241519884909,64,193,sign_batch,2352682,64,2,measured
python-20260723T020649Z,2640845241519884909,64,193,signature_admission_batch,7436358,64,2,measured
python-20260723T020649Z,2640845241519884909,64,193,verify_batch,7022372,64,2,measured
python-20260723T020649Z,2640845241519884909,64,193,proof_verify,17115,64,2,measured
python-20260723T020649Z,2640845241519884909,64,193,late_rebuild,122242,64,2,measured
python-20260723T020649Z,2640845241519884909,64,193,merkle_build,51957,64,2,measured
python-20260723T020649Z,2640845241519884909,64,194,proof_verify,10926,64,2,measured
python-20260723T020649Z,2640845241519884909,64,194,merkle_build,52228,64,2,measured
python-20260723T020649Z,2640845241519884909,64,194,sign_batch,2352151,64,2,measured
python-20260723T020649Z,2640845241519884909,64,194,signature_admission_batch,7377190,64,2,measured
python-20260723T020649Z,2640845241519884909,64,194,late_rebuild,117555,64,2,measured
python-20260723T020649Z,2640845241519884909,64,194,verify_batch,7111215,64,2,measured
python-20260723T020649Z,2640845241519884909,64,195,merkle_build,57966,64,2,measured
python-20260723T020649Z,2640845241519884909,64,195,sign_batch,2346172,64,2,measured
python-20260723T020649Z,2640845241519884909,64,195,late_rebuild,117565,64,2,measured
python-20260723T020649Z,2640845241519884909,64,195,verify_batch,7004355,64,2,measured
python-20260723T020649Z,2640845241519884909,64,195,proof_verify,17095,64,2,measured
python-20260723T020649Z,2640845241519884909,64,195,signature_admission_batch,7390721,64,2,measured
python-20260723T020649Z,2640845241519884909,64,196,proof_verify,11547,64,2,measured
python-20260723T020649Z,2640845241519884909,64,196,late_rebuild,116293,64,2,measured
python-20260723T020649Z,2640845241519884909,64,196,verify_batch,7012788,64,2,measured
python-20260723T020649Z,2640845241519884909,64,196,signature_admission_batch,7392403,64,2,measured
python-20260723T020649Z,2640845241519884909,64,196,merkle_build,57946,64,2,measured
python-20260723T020649Z,2640845241519884909,64,196,sign_batch,2352421,64,2,measured
python-20260723T020649Z,2640845241519884909,64,197,verify_batch,7002342,64,2,measured
python-20260723T020649Z,2640845241519884909,64,197,signature_admission_batch,7417010,64,2,measured
python-20260723T020649Z,2640845241519884909,64,197,merkle_build,56204,64,2,measured
python-20260723T020649Z,2640845241519884909,64,197,proof_verify,15263,64,2,measured
python-20260723T020649Z,2640845241519884909,64,197,sign_batch,2350098,64,2,measured
python-20260723T020649Z,2640845241519884909,64,197,late_rebuild,120199,64,2,measured
python-20260723T020649Z,2640845241519884909,64,198,signature_admission_batch,7384390,64,2,measured
python-20260723T020649Z,2640845241519884909,64,198,merkle_build,56144,64,2,measured
python-20260723T020649Z,2640845241519884909,64,198,verify_batch,7016563,64,2,measured
python-20260723T020649Z,2640845241519884909,64,198,proof_verify,15082,64,2,measured
python-20260723T020649Z,2640845241519884909,64,198,late_rebuild,129793,64,2,measured
python-20260723T020649Z,2640845241519884909,64,198,sign_batch,2386342,64,2,measured
python-20260723T020649Z,2640845241519884909,64,199,proof_verify,13220,64,2,measured
python-20260723T020649Z,2640845241519884909,64,199,merkle_build,53230,64,2,measured
python-20260723T020649Z,2640845241519884909,64,199,sign_batch,2344379,64,2,measured
python-20260723T020649Z,2640845241519884909,64,199,signature_admission_batch,7434776,64,2,measured
python-20260723T020649Z,2640845241519884909,64,199,late_rebuild,117996,64,2,measured
python-20260723T020649Z,2640845241519884909,64,199,verify_batch,7015031,64,2,measured
python-20260723T020649Z,7084381134317148039,256,0,merkle_build,202201,256,8,measured
python-20260723T020649Z,7084381134317148039,256,0,late_rebuild,420856,256,8,measured
python-20260723T020649Z,7084381134317148039,256,0,proof_verify,22694,256,8,measured
python-20260723T020649Z,7084381134317148039,256,0,signature_admission_batch,30016056,256,8,measured
python-20260723T020649Z,7084381134317148039,256,0,verify_batch,28151561,256,8,measured
python-20260723T020649Z,7084381134317148039,256,0,sign_batch,9392670,256,8,measured
python-20260723T020649Z,7084381134317148039,256,1,proof_verify,27030,256,8,measured
python-20260723T020649Z,7084381134317148039,256,1,merkle_build,211915,256,8,measured
python-20260723T020649Z,7084381134317148039,256,1,sign_batch,9381053,256,8,measured
python-20260723T020649Z,7084381134317148039,256,1,late_rebuild,435878,256,8,measured
python-20260723T020649Z,7084381134317148039,256,1,signature_admission_batch,29647477,256,8,measured
python-20260723T020649Z,7084381134317148039,256,1,verify_batch,28199492,256,8,measured
python-20260723T020649Z,7084381134317148039,256,2,signature_admission_batch,29681147,256,8,measured
python-20260723T020649Z,7084381134317148039,256,2,verify_batch,28219512,256,8,measured
python-20260723T020649Z,7084381134317148039,256,2,proof_verify,33440,256,8,measured
python-20260723T020649Z,7084381134317148039,256,2,merkle_build,213348,256,8,measured
python-20260723T020649Z,7084381134317148039,256,2,late_rebuild,429038,256,8,measured
python-20260723T020649Z,7084381134317148039,256,2,sign_batch,9402085,256,8,measured
python-20260723T020649Z,7084381134317148039,256,3,verify_batch,28214204,256,8,measured
python-20260723T020649Z,7084381134317148039,256,3,signature_admission_batch,29776179,256,8,measured
python-20260723T020649Z,7084381134317148039,256,3,late_rebuild,442709,256,8,measured
python-20260723T020649Z,7084381134317148039,256,3,sign_batch,9382014,256,8,measured
python-20260723T020649Z,7084381134317148039,256,3,proof_verify,25448,256,8,measured
python-20260723T020649Z,7084381134317148039,256,3,merkle_build,203362,256,8,measured
python-20260723T020649Z,7084381134317148039,256,4,late_rebuild,420506,256,8,measured
python-20260723T020649Z,7084381134317148039,256,4,merkle_build,200519,256,8,measured
python-20260723T020649Z,7084381134317148039,256,4,proof_verify,12508,256,8,measured
python-20260723T020649Z,7084381134317148039,256,4,verify_batch,28191200,256,8,measured
python-20260723T020649Z,7084381134317148039,256,4,sign_batch,9371599,256,8,measured
python-20260723T020649Z,7084381134317148039,256,4,signature_admission_batch,29719695,256,8,measured
python-20260723T020649Z,7084381134317148039,256,5,merkle_build,212316,256,8,measured
python-20260723T020649Z,7084381134317148039,256,5,verify_batch,28344818,256,8,measured
python-20260723T020649Z,7084381134317148039,256,5,sign_batch,9428533,256,8,measured
python-20260723T020649Z,7084381134317148039,256,5,signature_admission_batch,29669711,256,8,measured
python-20260723T020649Z,7084381134317148039,256,5,late_rebuild,442799,256,8,measured
python-20260723T020649Z,7084381134317148039,256,5,proof_verify,21843,256,8,measured
python-20260723T020649Z,7084381134317148039,256,6,signature_admission_batch,29663090,256,8,measured
python-20260723T020649Z,7084381134317148039,256,6,proof_verify,20150,256,8,measured
python-20260723T020649Z,7084381134317148039,256,6,sign_batch,9386601,256,8,measured
python-20260723T020649Z,7084381134317148039,256,6,verify_batch,28134005,256,8,measured
python-20260723T020649Z,7084381134317148039,256,6,late_rebuild,444752,256,8,measured
python-20260723T020649Z,7084381134317148039,256,6,merkle_build,202141,256,8,measured
python-20260723T020649Z,7084381134317148039,256,7,verify_batch,28416405,256,8,measured
python-20260723T020649Z,7084381134317148039,256,7,merkle_build,215491,256,8,measured
python-20260723T020649Z,7084381134317148039,256,7,proof_verify,20039,256,8,measured
python-20260723T020649Z,7084381134317148039,256,7,late_rebuild,449539,256,8,measured
python-20260723T020649Z,7084381134317148039,256,7,signature_admission_batch,29937239,256,8,measured
python-20260723T020649Z,7084381134317148039,256,7,sign_batch,9413881,256,8,measured
python-20260723T020649Z,7084381134317148039,256,8,late_rebuild,455327,256,8,measured
python-20260723T020649Z,7084381134317148039,256,8,verify_batch,28172813,256,8,measured
python-20260723T020649Z,7084381134317148039,256,8,merkle_build,212696,256,8,measured
python-20260723T020649Z,7084381134317148039,256,8,signature_admission_batch,29628900,256,8,measured
python-20260723T020649Z,7084381134317148039,256,8,proof_verify,24076,256,8,measured
python-20260723T020649Z,7084381134317148039,256,8,sign_batch,9360152,256,8,measured
python-20260723T020649Z,7084381134317148039,256,9,verify_batch,28196016,256,8,measured
python-20260723T020649Z,7084381134317148039,256,9,signature_admission_batch,29689500,256,8,measured
python-20260723T020649Z,7084381134317148039,256,9,sign_batch,9395404,256,8,measured
python-20260723T020649Z,7084381134317148039,256,9,merkle_build,216853,256,8,measured
python-20260723T020649Z,7084381134317148039,256,9,late_rebuild,426384,256,8,measured
python-20260723T020649Z,7084381134317148039,256,9,proof_verify,20260,256,8,measured
python-20260723T020649Z,7084381134317148039,256,10,late_rebuild,437942,256,8,measured
python-20260723T020649Z,7084381134317148039,256,10,sign_batch,9573409,256,8,measured
python-20260723T020649Z,7084381134317148039,256,10,proof_verify,20390,256,8,measured
python-20260723T020649Z,7084381134317148039,256,10,merkle_build,206037,256,8,measured
python-20260723T020649Z,7084381134317148039,256,10,verify_batch,28208266,256,8,measured
python-20260723T020649Z,7084381134317148039,256,10,signature_admission_batch,29726475,256,8,measured
python-20260723T020649Z,7084381134317148039,256,11,merkle_build,214970,256,8,measured
python-20260723T020649Z,7084381134317148039,256,11,signature_admission_batch,29695709,256,8,measured
python-20260723T020649Z,7084381134317148039,256,11,late_rebuild,435588,256,8,measured
python-20260723T020649Z,7084381134317148039,256,11,verify_batch,28502003,256,8,measured
python-20260723T020649Z,7084381134317148039,256,11,proof_verify,32408,256,8,measured
python-20260723T020649Z,7084381134317148039,256,11,sign_batch,9461142,256,8,measured
python-20260723T020649Z,7084381134317148039,256,12,sign_batch,9511988,256,8,measured
python-20260723T020649Z,7084381134317148039,256,12,verify_batch,28335455,256,8,measured
python-20260723T020649Z,7084381134317148039,256,12,signature_admission_batch,29609141,256,8,measured
python-20260723T020649Z,7084381134317148039,256,12,merkle_build,219277,256,8,measured
python-20260723T020649Z,7084381134317148039,256,12,proof_verify,22704,256,8,measured
python-20260723T020649Z,7084381134317148039,256,12,late_rebuild,446014,256,8,measured
python-20260723T020649Z,7084381134317148039,256,13,merkle_build,201580,256,8,measured
python-20260723T020649Z,7084381134317148039,256,13,proof_verify,13570,256,8,measured
python-20260723T020649Z,7084381134317148039,256,13,verify_batch,28271770,256,8,measured
python-20260723T020649Z,7084381134317148039,256,13,late_rebuild,453265,256,8,measured
python-20260723T020649Z,7084381134317148039,256,13,signature_admission_batch,30047873,256,8,measured
python-20260723T020649Z,7084381134317148039,256,13,sign_batch,9384067,256,8,measured
python-20260723T020649Z,7084381134317148039,256,14,verify_batch,28533129,256,8,measured
python-20260723T020649Z,7084381134317148039,256,14,merkle_build,227138,256,8,measured
python-20260723T020649Z,7084381134317148039,256,14,late_rebuild,436240,256,8,measured
python-20260723T020649Z,7084381134317148039,256,14,sign_batch,9516535,256,8,measured
python-20260723T020649Z,7084381134317148039,256,14,signature_admission_batch,29797701,256,8,measured
python-20260723T020649Z,7084381134317148039,256,14,proof_verify,27762,256,8,measured
python-20260723T020649Z,7084381134317148039,256,15,sign_batch,9631686,256,8,measured
python-20260723T020649Z,7084381134317148039,256,15,signature_admission_batch,30122665,256,8,measured
python-20260723T020649Z,7084381134317148039,256,15,proof_verify,24677,256,8,measured
python-20260723T020649Z,7084381134317148039,256,15,verify_batch,28408343,256,8,measured
python-20260723T020649Z,7084381134317148039,256,15,late_rebuild,454917,256,8,measured
python-20260723T020649Z,7084381134317148039,256,15,merkle_build,201500,256,8,measured
python-20260723T020649Z,7084381134317148039,256,16,late_rebuild,452413,256,8,measured
python-20260723T020649Z,7084381134317148039,256,16,signature_admission_batch,29822728,256,8,measured
python-20260723T020649Z,7084381134317148039,256,16,sign_batch,9478118,256,8,measured
python-20260723T020649Z,7084381134317148039,256,16,verify_batch,28268074,256,8,measured
python-20260723T020649Z,7084381134317148039,256,16,merkle_build,221230,256,8,measured
python-20260723T020649Z,7084381134317148039,256,16,proof_verify,37346,256,8,measured
python-20260723T020649Z,7084381134317148039,256,17,late_rebuild,468167,256,8,measured
python-20260723T020649Z,7084381134317148039,256,17,proof_verify,12909,256,8,measured
python-20260723T020649Z,7084381134317148039,256,17,sign_batch,9432580,256,8,measured
python-20260723T020649Z,7084381134317148039,256,17,verify_batch,28329185,256,8,measured
python-20260723T020649Z,7084381134317148039,256,17,signature_admission_batch,29854194,256,8,measured
python-20260723T020649Z,7084381134317148039,256,17,merkle_build,215701,256,8,measured
python-20260723T020649Z,7084381134317148039,256,18,sign_batch,9482454,256,8,measured
python-20260723T020649Z,7084381134317148039,256,18,merkle_build,208260,256,8,measured
python-20260723T020649Z,7084381134317148039,256,18,signature_admission_batch,29732884,256,8,measured
python-20260723T020649Z,7084381134317148039,256,18,proof_verify,27992,256,8,measured
python-20260723T020649Z,7084381134317148039,256,18,late_rebuild,475348,256,8,measured
python-20260723T020649Z,7084381134317148039,256,18,verify_batch,29561550,256,8,measured
python-20260723T020649Z,7084381134317148039,256,19,signature_admission_batch,30079160,256,8,measured
python-20260723T020649Z,7084381134317148039,256,19,late_rebuild,601966,256,8,measured
python-20260723T020649Z,7084381134317148039,256,19,merkle_build,324913,256,8,measured
python-20260723T020649Z,7084381134317148039,256,19,proof_verify,33379,256,8,measured
python-20260723T020649Z,7084381134317148039,256,19,sign_batch,9991892,256,8,measured
python-20260723T020649Z,7084381134317148039,256,19,verify_batch,28497205,256,8,measured
python-20260723T020649Z,7084381134317148039,256,20,verify_batch,28216247,256,8,measured
python-20260723T020649Z,7084381134317148039,256,20,merkle_build,229381,256,8,measured
python-20260723T020649Z,7084381134317148039,256,20,late_rebuild,445753,256,8,measured
python-20260723T020649Z,7084381134317148039,256,20,sign_batch,9420101,256,8,measured
python-20260723T020649Z,7084381134317148039,256,20,signature_admission_batch,31365294,256,8,measured
python-20260723T020649Z,7084381134317148039,256,20,proof_verify,28813,256,8,measured
python-20260723T020649Z,7084381134317148039,256,21,sign_batch,9486730,256,8,measured
python-20260723T020649Z,7084381134317148039,256,21,signature_admission_batch,29991830,256,8,measured
python-20260723T020649Z,7084381134317148039,256,21,late_rebuild,441887,256,8,measured
python-20260723T020649Z,7084381134317148039,256,21,merkle_build,202241,256,8,measured
python-20260723T020649Z,7084381134317148039,256,21,verify_batch,28478107,256,8,measured
python-20260723T020649Z,7084381134317148039,256,21,proof_verify,31307,256,8,measured
python-20260723T020649Z,7084381134317148039,256,22,signature_admission_batch,29871641,256,8,measured
python-20260723T020649Z,7084381134317148039,256,22,proof_verify,19589,256,8,measured
python-20260723T020649Z,7084381134317148039,256,22,verify_batch,28200433,256,8,measured
python-20260723T020649Z,7084381134317148039,256,22,merkle_build,234359,256,8,measured
python-20260723T020649Z,7084381134317148039,256,22,late_rebuild,433405,256,8,measured
python-20260723T020649Z,7084381134317148039,256,22,sign_batch,9423856,256,8,measured
python-20260723T020649Z,7084381134317148039,256,23,merkle_build,207640,256,8,measured
python-20260723T020649Z,7084381134317148039,256,23,verify_batch,28207274,256,8,measured
python-20260723T020649Z,7084381134317148039,256,23,sign_batch,9399920,256,8,measured
python-20260723T020649Z,7084381134317148039,256,23,proof_verify,31507,256,8,measured
python-20260723T020649Z,7084381134317148039,256,23,late_rebuild,446515,256,8,measured
python-20260723T020649Z,7084381134317148039,256,23,signature_admission_batch,29691663,256,8,measured
python-20260723T020649Z,7084381134317148039,256,24,proof_verify,20170,256,8,measured
python-20260723T020649Z,7084381134317148039,256,24,late_rebuild,429139,256,8,measured
python-20260723T020649Z,7084381134317148039,256,24,signature_admission_batch,29732824,256,8,measured
python-20260723T020649Z,7084381134317148039,256,24,merkle_build,211715,256,8,measured
python-20260723T020649Z,7084381134317148039,256,24,verify_batch,28081897,256,8,measured
python-20260723T020649Z,7084381134317148039,256,24,sign_batch,9530305,256,8,measured
python-20260723T020649Z,7084381134317148039,256,25,proof_verify,35332,256,8,measured
python-20260723T020649Z,7084381134317148039,256,25,verify_batch,28272811,256,8,measured
python-20260723T020649Z,7084381134317148039,256,25,late_rebuild,452343,256,8,measured
python-20260723T020649Z,7084381134317148039,256,25,signature_admission_batch,29717391,256,8,measured
python-20260723T020649Z,7084381134317148039,256,25,sign_batch,9852996,256,8,measured
python-20260723T020649Z,7084381134317148039,256,25,merkle_build,217093,256,8,measured
python-20260723T020649Z,7084381134317148039,256,26,sign_batch,9547841,256,8,measured
python-20260723T020649Z,7084381134317148039,256,26,merkle_build,207659,256,8,measured
python-20260723T020649Z,7084381134317148039,256,26,proof_verify,24847,256,8,measured
python-20260723T020649Z,7084381134317148039,256,26,late_rebuild,427877,256,8,measured
python-20260723T020649Z,7084381134317148039,256,26,signature_admission_batch,30447417,256,8,measured
python-20260723T020649Z,7084381134317148039,256,26,verify_batch,28376936,256,8,measured
python-20260723T020649Z,7084381134317148039,256,27,verify_batch,28125712,256,8,measured
python-20260723T020649Z,7084381134317148039,256,27,proof_verify,36144,256,8,measured
python-20260723T020649Z,7084381134317148039,256,27,merkle_build,228470,256,8,measured
python-20260723T020649Z,7084381134317148039,256,27,late_rebuild,431422,256,8,measured
python-20260723T020649Z,7084381134317148039,256,27,sign_batch,9422274,256,8,measured
python-20260723T020649Z,7084381134317148039,256,27,signature_admission_batch,29667477,256,8,measured
python-20260723T020649Z,7084381134317148039,256,28,merkle_build,212706,256,8,measured
python-20260723T020649Z,7084381134317148039,256,28,sign_batch,9411287,256,8,measured
python-20260723T020649Z,7084381134317148039,256,28,late_rebuild,452323,256,8,measured
python-20260723T020649Z,7084381134317148039,256,28,signature_admission_batch,30011710,256,8,measured
python-20260723T020649Z,7084381134317148039,256,28,proof_verify,26860,256,8,measured
python-20260723T020649Z,7084381134317148039,256,28,verify_batch,28652416,256,8,measured
python-20260723T020649Z,7084381134317148039,256,29,proof_verify,26880,256,8,measured
python-20260723T020649Z,7084381134317148039,256,29,verify_batch,28223939,256,8,measured
python-20260723T020649Z,7084381134317148039,256,29,sign_batch,9439510,256,8,measured
python-20260723T020649Z,7084381134317148039,256,29,signature_admission_batch,29659665,256,8,measured
python-20260723T020649Z,7084381134317148039,256,29,merkle_build,217684,256,8,measured
python-20260723T020649Z,7084381134317148039,256,29,late_rebuild,441997,256,8,measured
python-20260723T020649Z,7084381134317148039,256,30,merkle_build,201270,256,8,measured
python-20260723T020649Z,7084381134317148039,256,30,verify_batch,28193613,256,8,measured
python-20260723T020649Z,7084381134317148039,256,30,late_rebuild,438012,256,8,measured
python-20260723T020649Z,7084381134317148039,256,30,sign_batch,9432900,256,8,measured
python-20260723T020649Z,7084381134317148039,256,30,signature_admission_batch,29666095,256,8,measured
python-20260723T020649Z,7084381134317148039,256,30,proof_verify,26500,256,8,measured
python-20260723T020649Z,7084381134317148039,256,31,sign_batch,9430326,256,8,measured
python-20260723T020649Z,7084381134317148039,256,31,verify_batch,28225181,256,8,measured
python-20260723T020649Z,7084381134317148039,256,31,late_rebuild,448728,256,8,measured
python-20260723T020649Z,7084381134317148039,256,31,signature_admission_batch,30193390,256,8,measured
python-20260723T020649Z,7084381134317148039,256,31,merkle_build,227499,256,8,measured
python-20260723T020649Z,7084381134317148039,256,31,proof_verify,20721,256,8,measured
python-20260723T020649Z,7084381134317148039,256,32,signature_admission_batch,29677552,256,8,measured
python-20260723T020649Z,7084381134317148039,256,32,sign_batch,9382225,256,8,measured
python-20260723T020649Z,7084381134317148039,256,32,late_rebuild,443139,256,8,measured
python-20260723T020649Z,7084381134317148039,256,32,proof_verify,18087,256,8,measured
python-20260723T020649Z,7084381134317148039,256,32,merkle_build,201299,256,8,measured
python-20260723T020649Z,7084381134317148039,256,32,verify_batch,28540239,256,8,measured
python-20260723T020649Z,7084381134317148039,256,33,signature_admission_batch,29669811,256,8,measured
python-20260723T020649Z,7084381134317148039,256,33,merkle_build,214489,256,8,measured
python-20260723T020649Z,7084381134317148039,256,33,verify_batch,28139442,256,8,measured
python-20260723T020649Z,7084381134317148039,256,33,proof_verify,31818,256,8,measured
python-20260723T020649Z,7084381134317148039,256,33,sign_batch,9379020,256,8,measured
python-20260723T020649Z,7084381134317148039,256,33,late_rebuild,436309,256,8,measured
python-20260723T020649Z,7084381134317148039,256,34,signature_admission_batch,29696420,256,8,measured
python-20260723T020649Z,7084381134317148039,256,34,proof_verify,20872,256,8,measured
python-20260723T020649Z,7084381134317148039,256,34,late_rebuild,430120,256,8,measured
python-20260723T020649Z,7084381134317148039,256,34,verify_batch,28143900,256,8,measured
python-20260723T020649Z,7084381134317148039,256,34,merkle_build,215641,256,8,measured
python-20260723T020649Z,7084381134317148039,256,34,sign_batch,9375244,256,8,measured
python-20260723T020649Z,7084381134317148039,256,35,signature_admission_batch,29633156,256,8,measured
python-20260723T020649Z,7084381134317148039,256,35,verify_batch,28281144,256,8,measured
python-20260723T020649Z,7084381134317148039,256,35,merkle_build,224304,256,8,measured
python-20260723T020649Z,7084381134317148039,256,35,late_rebuild,429720,256,8,measured
python-20260723T020649Z,7084381134317148039,256,35,sign_batch,9360492,256,8,measured
python-20260723T020649Z,7084381134317148039,256,35,proof_verify,25168,256,8,measured
python-20260723T020649Z,7084381134317148039,256,36,sign_batch,9483165,256,8,measured
python-20260723T020649Z,7084381134317148039,256,36,verify_batch,28086303,256,8,measured
python-20260723T020649Z,7084381134317148039,256,36,signature_admission_batch,29661318,256,8,measured
python-20260723T020649Z,7084381134317148039,256,36,merkle_build,216302,256,8,measured
python-20260723T020649Z,7084381134317148039,256,36,proof_verify,21151,256,8,measured
python-20260723T020649Z,7084381134317148039,256,36,late_rebuild,427265,256,8,measured
python-20260723T020649Z,7084381134317148039,256,37,proof_verify,11978,256,8,measured
python-20260723T020649Z,7084381134317148039,256,37,sign_batch,9371599,256,8,measured
python-20260723T020649Z,7084381134317148039,256,37,merkle_build,206017,256,8,measured
python-20260723T020649Z,7084381134317148039,256,37,signature_admission_batch,29623972,256,8,measured
python-20260723T020649Z,7084381134317148039,256,37,verify_batch,28167895,256,8,measured
python-20260723T020649Z,7084381134317148039,256,37,late_rebuild,449379,256,8,measured
python-20260723T020649Z,7084381134317148039,256,38,late_rebuild,434427,256,8,measured
python-20260723T020649Z,7084381134317148039,256,38,verify_batch,28133394,256,8,measured
python-20260723T020649Z,7084381134317148039,256,38,proof_verify,28352,256,8,measured
python-20260723T020649Z,7084381134317148039,256,38,signature_admission_batch,29782558,256,8,measured
python-20260723T020649Z,7084381134317148039,256,38,merkle_build,216272,256,8,measured
python-20260723T020649Z,7084381134317148039,256,38,sign_batch,9410596,256,8,measured
python-20260723T020649Z,7084381134317148039,256,39,verify_batch,28124931,256,8,measured
python-20260723T020649Z,7084381134317148039,256,39,signature_admission_batch,29658594,256,8,measured
python-20260723T020649Z,7084381134317148039,256,39,late_rebuild,450891,256,8,measured
python-20260723T020649Z,7084381134317148039,256,39,merkle_build,199667,256,8,measured
python-20260723T020649Z,7084381134317148039,256,39,sign_batch,9368764,256,8,measured
python-20260723T020649Z,7084381134317148039,256,39,proof_verify,24967,256,8,measured
python-20260723T020649Z,7084381134317148039,256,40,late_rebuild,422599,256,8,measured
python-20260723T020649Z,7084381134317148039,256,40,proof_verify,11798,256,8,measured
python-20260723T020649Z,7084381134317148039,256,40,sign_batch,9370306,256,8,measured
python-20260723T020649Z,7084381134317148039,256,40,verify_batch,28143989,256,8,measured
python-20260723T020649Z,7084381134317148039,256,40,merkle_build,214929,256,8,measured
python-20260723T020649Z,7084381134317148039,256,40,signature_admission_batch,29632925,256,8,measured
python-20260723T020649Z,7084381134317148039,256,41,late_rebuild,431062,256,8,measured
python-20260723T020649Z,7084381134317148039,256,41,proof_verify,17786,256,8,measured
python-20260723T020649Z,7084381134317148039,256,41,verify_batch,28187064,256,8,measured
python-20260723T020649Z,7084381134317148039,256,41,sign_batch,9417888,256,8,measured
python-20260723T020649Z,7084381134317148039,256,41,signature_admission_batch,29645524,256,8,measured
python-20260723T020649Z,7084381134317148039,256,41,merkle_build,229221,256,8,measured
python-20260723T020649Z,7084381134317148039,256,42,merkle_build,203973,256,8,measured
python-20260723T020649Z,7084381134317148039,256,42,signature_admission_batch,29579296,256,8,measured
python-20260723T020649Z,7084381134317148039,256,42,late_rebuild,430981,256,8,measured
python-20260723T020649Z,7084381134317148039,256,42,proof_verify,20691,256,8,measured
python-20260723T020649Z,7084381134317148039,256,42,verify_batch,28245060,256,8,measured
python-20260723T020649Z,7084381134317148039,256,42,sign_batch,9462434,256,8,measured
python-20260723T020649Z,7084381134317148039,256,43,sign_batch,9452609,256,8,measured
python-20260723T020649Z,7084381134317148039,256,43,late_rebuild,448307,256,8,measured
python-20260723T020649Z,7084381134317148039,256,43,verify_batch,28105733,256,8,measured
python-20260723T020649Z,7084381134317148039,256,43,proof_verify,29544,256,8,measured
python-20260723T020649Z,7084381134317148039,256,43,merkle_build,207278,256,8,measured
python-20260723T020649Z,7084381134317148039,256,43,signature_admission_batch,29960333,256,8,measured
python-20260723T020649Z,7084381134317148039,256,44,verify_batch,28109889,256,8,measured
python-20260723T020649Z,7084381134317148039,256,44,merkle_build,224014,256,8,measured
python-20260723T020649Z,7084381134317148039,256,44,sign_batch,9397407,256,8,measured
python-20260723T020649Z,7084381134317148039,256,44,signature_admission_batch,29588409,256,8,measured
python-20260723T020649Z,7084381134317148039,256,44,late_rebuild,493364,256,8,measured
python-20260723T020649Z,7084381134317148039,256,44,proof_verify,23025,256,8,measured
python-20260723T020649Z,7084381134317148039,256,45,signature_admission_batch,29645845,256,8,measured
python-20260723T020649Z,7084381134317148039,256,45,sign_batch,9370898,256,8,measured
python-20260723T020649Z,7084381134317148039,256,45,proof_verify,22514,256,8,measured
python-20260723T020649Z,7084381134317148039,256,45,merkle_build,206517,256,8,measured
python-20260723T020649Z,7084381134317148039,256,45,late_rebuild,438293,256,8,measured
python-20260723T020649Z,7084381134317148039,256,45,verify_batch,28137750,256,8,measured
python-20260723T020649Z,7084381134317148039,256,46,late_rebuild,434838,256,8,measured
python-20260723T020649Z,7084381134317148039,256,46,proof_verify,15954,256,8,measured
python-20260723T020649Z,7084381134317148039,256,46,verify_batch,28121085,256,8,measured
python-20260723T020649Z,7084381134317148039,256,46,sign_batch,9392269,256,8,measured
python-20260723T020649Z,7084381134317148039,256,46,signature_admission_batch,29633647,256,8,measured
python-20260723T020649Z,7084381134317148039,256,46,merkle_build,225816,256,8,measured
python-20260723T020649Z,7084381134317148039,256,47,sign_batch,9378629,256,8,measured
python-20260723T020649Z,7084381134317148039,256,47,late_rebuild,458503,256,8,measured
python-20260723T020649Z,7084381134317148039,256,47,merkle_build,201350,256,8,measured
python-20260723T020649Z,7084381134317148039,256,47,proof_verify,18347,256,8,measured
python-20260723T020649Z,7084381134317148039,256,47,signature_admission_batch,29599736,256,8,measured
python-20260723T020649Z,7084381134317148039,256,47,verify_batch,28103249,256,8,measured
python-20260723T020649Z,7084381134317148039,256,48,late_rebuild,456910,256,8,measured
python-20260723T020649Z,7084381134317148039,256,48,proof_verify,18207,256,8,measured
python-20260723T020649Z,7084381134317148039,256,48,sign_batch,9402575,256,8,measured
python-20260723T020649Z,7084381134317148039,256,48,verify_batch,28129198,256,8,measured
python-20260723T020649Z,7084381134317148039,256,48,signature_admission_batch,29618794,256,8,measured
python-20260723T020649Z,7084381134317148039,256,48,merkle_build,213267,256,8,measured
python-20260723T020649Z,7084381134317148039,256,49,sign_batch,9405780,256,8,measured
python-20260723T020649Z,7084381134317148039,256,49,verify_batch,28139333,256,8,measured
python-20260723T020649Z,7084381134317148039,256,49,proof_verify,29764,256,8,measured
python-20260723T020649Z,7084381134317148039,256,49,signature_admission_batch,29667227,256,8,measured
python-20260723T020649Z,7084381134317148039,256,49,merkle_build,212436,256,8,measured
python-20260723T020649Z,7084381134317148039,256,49,late_rebuild,422859,256,8,measured
python-20260723T020649Z,7084381134317148039,256,50,late_rebuild,427156,256,8,measured
python-20260723T020649Z,7084381134317148039,256,50,verify_batch,28142547,256,8,measured
python-20260723T020649Z,7084381134317148039,256,50,merkle_build,211725,256,8,measured
python-20260723T020649Z,7084381134317148039,256,50,sign_batch,9410416,256,8,measured
python-20260723T020649Z,7084381134317148039,256,50,signature_admission_batch,29602029,256,8,measured
python-20260723T020649Z,7084381134317148039,256,50,proof_verify,23044,256,8,measured
python-20260723T020649Z,7084381134317148039,256,51,sign_batch,9403576,256,8,measured
python-20260723T020649Z,7084381134317148039,256,51,late_rebuild,433225,256,8,measured
python-20260723T020649Z,7084381134317148039,256,51,proof_verify,13680,256,8,measured
python-20260723T020649Z,7084381134317148039,256,51,verify_batch,28337538,256,8,measured
python-20260723T020649Z,7084381134317148039,256,51,merkle_build,230252,256,8,measured
python-20260723T020649Z,7084381134317148039,256,51,signature_admission_batch,29655880,256,8,measured
python-20260723T020649Z,7084381134317148039,256,52,sign_batch,9387322,256,8,measured
python-20260723T020649Z,7084381134317148039,256,52,proof_verify,26330,256,8,measured
python-20260723T020649Z,7084381134317148039,256,52,verify_batch,28185541,256,8,measured
python-20260723T020649Z,7084381134317148039,256,52,late_rebuild,459664,256,8,measured
python-20260723T020649Z,7084381134317148039,256,52,signature_admission_batch,31095413,256,8,measured
python-20260723T020649Z,7084381134317148039,256,52,merkle_build,214359,256,8,measured
python-20260723T020649Z,7084381134317148039,256,53,verify_batch,28467932,256,8,measured
python-20260723T020649Z,7084381134317148039,256,53,signature_admission_batch,29675429,256,8,measured
python-20260723T020649Z,7084381134317148039,256,53,late_rebuild,442429,256,8,measured
python-20260723T020649Z,7084381134317148039,256,53,merkle_build,200569,256,8,measured
python-20260723T020649Z,7084381134317148039,256,53,sign_batch,9392370,256,8,measured
python-20260723T020649Z,7084381134317148039,256,53,proof_verify,27211,256,8,measured
python-20260723T020649Z,7084381134317148039,256,54,proof_verify,11717,256,8,measured
python-20260723T020649Z,7084381134317148039,256,54,late_rebuild,445383,256,8,measured
python-20260723T020649Z,7084381134317148039,256,54,signature_admission_batch,29609721,256,8,measured
python-20260723T020649Z,7084381134317148039,256,54,sign_batch,9379330,256,8,measured
python-20260723T020649Z,7084381134317148039,256,54,verify_batch,28102798,256,8,measured
python-20260723T020649Z,7084381134317148039,256,54,merkle_build,222051,256,8,measured
python-20260723T020649Z,7084381134317148039,256,55,merkle_build,201280,256,8,measured
python-20260723T020649Z,7084381134317148039,256,55,signature_admission_batch,29653065,256,8,measured
python-20260723T020649Z,7084381134317148039,256,55,verify_batch,28089518,256,8,measured
python-20260723T020649Z,7084381134317148039,256,55,late_rebuild,443130,256,8,measured
python-20260723T020649Z,7084381134317148039,256,55,sign_batch,9379179,256,8,measured
python-20260723T020649Z,7084381134317148039,256,55,proof_verify,22754,256,8,measured
python-20260723T020649Z,7084381134317148039,256,56,proof_verify,11607,256,8,measured
python-20260723T020649Z,7084381134317148039,256,56,sign_batch,9375524,256,8,measured
python-20260723T020649Z,7084381134317148039,256,56,verify_batch,28130940,256,8,measured
python-20260723T020649Z,7084381134317148039,256,56,late_rebuild,442529,256,8,measured
python-20260723T020649Z,7084381134317148039,256,56,signature_admission_batch,29600858,256,8,measured
python-20260723T020649Z,7084381134317148039,256,56,merkle_build,207869,256,8,measured
python-20260723T020649Z,7084381134317148039,256,57,late_rebuild,423841,256,8,measured
python-20260723T020649Z,7084381134317148039,256,57,proof_verify,18568,256,8,measured
python-20260723T020649Z,7084381134317148039,256,57,signature_admission_batch,30336543,256,8,measured
python-20260723T020649Z,7084381134317148039,256,57,verify_batch,28326491,256,8,measured
python-20260723T020649Z,7084381134317148039,256,57,sign_batch,9461152,256,8,measured
python-20260723T020649Z,7084381134317148039,256,57,merkle_build,236923,256,8,measured
python-20260723T020649Z,7084381134317148039,256,58,merkle_build,246467,256,8,measured
python-20260723T020649Z,7084381134317148039,256,58,signature_admission_batch,29880985,256,8,measured
python-20260723T020649Z,7084381134317148039,256,58,sign_batch,9447752,256,8,measured
python-20260723T020649Z,7084381134317148039,256,58,verify_batch,28121026,256,8,measured
python-20260723T020649Z,7084381134317148039,256,58,proof_verify,34031,256,8,measured
python-20260723T020649Z,7084381134317148039,256,58,late_rebuild,460065,256,8,measured
python-20260723T020649Z,7084381134317148039,256,59,late_rebuild,420105,256,8,measured
python-20260723T020649Z,7084381134317148039,256,59,verify_batch,28142657,256,8,measured
python-20260723T020649Z,7084381134317148039,256,59,signature_admission_batch,29697462,256,8,measured
python-20260723T020649Z,7084381134317148039,256,59,sign_batch,9402244,256,8,measured
python-20260723T020649Z,7084381134317148039,256,59,merkle_build,215050,256,8,measured
python-20260723T020649Z,7084381134317148039,256,59,proof_verify,45628,256,8,measured
python-20260723T020649Z,7084381134317148039,256,60,merkle_build,203282,256,8,measured
python-20260723T020649Z,7084381134317148039,256,60,sign_batch,9392430,256,8,measured
python-20260723T020649Z,7084381134317148039,256,60,signature_admission_batch,29786154,256,8,measured
python-20260723T020649Z,7084381134317148039,256,60,verify_batch,28132012,256,8,measured
python-20260723T020649Z,7084381134317148039,256,60,late_rebuild,477170,256,8,measured
python-20260723T020649Z,7084381134317148039,256,60,proof_verify,21823,256,8,measured
python-20260723T020649Z,7084381134317148039,256,61,verify_batch,28098502,256,8,measured
python-20260723T020649Z,7084381134317148039,256,61,signature_admission_batch,29640978,256,8,measured
python-20260723T020649Z,7084381134317148039,256,61,late_rebuild,439023,256,8,measured
python-20260723T020649Z,7084381134317148039,256,61,sign_batch,9387953,256,8,measured
python-20260723T020649Z,7084381134317148039,256,61,proof_verify,22544,256,8,measured
python-20260723T020649Z,7084381134317148039,256,61,merkle_build,205005,256,8,measured
python-20260723T020649Z,7084381134317148039,256,62,merkle_build,234039,256,8,measured
python-20260723T020649Z,7084381134317148039,256,62,signature_admission_batch,29723851,256,8,measured
python-20260723T020649Z,7084381134317148039,256,62,proof_verify,19048,256,8,measured
python-20260723T020649Z,7084381134317148039,256,62,late_rebuild,430100,256,8,measured
python-20260723T020649Z,7084381134317148039,256,62,verify_batch,29476382,256,8,measured
python-20260723T020649Z,7084381134317148039,256,62,sign_batch,9460551,256,8,measured
python-20260723T020649Z,7084381134317148039,256,63,sign_batch,9418979,256,8,measured
python-20260723T020649Z,7084381134317148039,256,63,late_rebuild,452303,256,8,measured
python-20260723T020649Z,7084381134317148039,256,63,proof_verify,20300,256,8,measured
python-20260723T020649Z,7084381134317148039,256,63,merkle_build,202371,256,8,measured
python-20260723T020649Z,7084381134317148039,256,63,verify_batch,28354533,256,8,measured
python-20260723T020649Z,7084381134317148039,256,63,signature_admission_batch,29788488,256,8,measured
python-20260723T020649Z,7084381134317148039,256,64,merkle_build,215120,256,8,measured
python-20260723T020649Z,7084381134317148039,256,64,late_rebuild,421998,256,8,measured
python-20260723T020649Z,7084381134317148039,256,64,verify_batch,28118872,256,8,measured
python-20260723T020649Z,7084381134317148039,256,64,proof_verify,27571,256,8,measured
python-20260723T020649Z,7084381134317148039,256,64,sign_batch,9398489,256,8,measured
python-20260723T020649Z,7084381134317148039,256,64,signature_admission_batch,29684372,256,8,measured
python-20260723T020649Z,7084381134317148039,256,65,verify_batch,28730412,256,8,measured
python-20260723T020649Z,7084381134317148039,256,65,merkle_build,231685,256,8,measured
python-20260723T020649Z,7084381134317148039,256,65,proof_verify,22603,256,8,measured
python-20260723T020649Z,7084381134317148039,256,65,late_rebuild,449078,256,8,measured
python-20260723T020649Z,7084381134317148039,256,65,sign_batch,9414512,256,8,measured
python-20260723T020649Z,7084381134317148039,256,65,signature_admission_batch,30672373,256,8,measured
python-20260723T020649Z,7084381134317148039,256,66,signature_admission_batch,29649109,256,8,measured
python-20260723T020649Z,7084381134317148039,256,66,proof_verify,26169,256,8,measured
python-20260723T020649Z,7084381134317148039,256,66,sign_batch,9399280,256,8,measured
python-20260723T020649Z,7084381134317148039,256,66,merkle_build,214499,256,8,measured
python-20260723T020649Z,7084381134317148039,256,66,late_rebuild,440315,256,8,measured
python-20260723T020649Z,7084381134317148039,256,66,verify_batch,28120384,256,8,measured
python-20260723T020649Z,7084381134317148039,256,67,late_rebuild,435889,256,8,measured
python-20260723T020649Z,7084381134317148039,256,67,merkle_build,201049,256,8,measured
python-20260723T020649Z,7084381134317148039,256,67,sign_batch,9393652,256,8,measured
python-20260723T020649Z,7084381134317148039,256,67,signature_admission_batch,29680897,256,8,measured
python-20260723T020649Z,7084381134317148039,256,67,proof_verify,22173,256,8,measured
python-20260723T020649Z,7084381134317148039,256,67,verify_batch,28349485,256,8,measured
python-20260723T020649Z,7084381134317148039,256,68,sign_batch,9401954,256,8,measured
python-20260723T020649Z,7084381134317148039,256,68,proof_verify,28342,256,8,measured
python-20260723T020649Z,7084381134317148039,256,68,verify_batch,28164570,256,8,measured
python-20260723T020649Z,7084381134317148039,256,68,late_rebuild,450260,256,8,measured
python-20260723T020649Z,7084381134317148039,256,68,signature_admission_batch,29815528,256,8,measured
python-20260723T020649Z,7084381134317148039,256,68,merkle_build,209832,256,8,measured
python-20260723T020649Z,7084381134317148039,256,69,late_rebuild,423170,256,8,measured
python-20260723T020649Z,7084381134317148039,256,69,verify_batch,28151090,256,8,measured
python-20260723T020649Z,7084381134317148039,256,69,merkle_build,214870,256,8,measured
python-20260723T020649Z,7084381134317148039,256,69,proof_verify,21542,256,8,measured
python-20260723T020649Z,7084381134317148039,256,69,sign_batch,9499740,256,8,measured
python-20260723T020649Z,7084381134317148039,256,69,signature_admission_batch,29951961,256,8,measured
python-20260723T020649Z,7084381134317148039,256,70,proof_verify,21812,256,8,measured
python-20260723T020649Z,7084381134317148039,256,70,signature_admission_batch,29970418,256,8,measured
python-20260723T020649Z,7084381134317148039,256,70,sign_batch,9492309,256,8,measured
python-20260723T020649Z,7084381134317148039,256,70,late_rebuild,465332,256,8,measured
python-20260723T020649Z,7084381134317148039,256,70,verify_batch,28175877,256,8,measured
python-20260723T020649Z,7084381134317148039,256,70,merkle_build,212916,256,8,measured
python-20260723T020649Z,7084381134317148039,256,71,merkle_build,203493,256,8,measured
python-20260723T020649Z,7084381134317148039,256,71,signature_admission_batch,30023016,256,8,measured
python-20260723T020649Z,7084381134317148039,256,71,verify_batch,28186172,256,8,measured
python-20260723T020649Z,7084381134317148039,256,71,late_rebuild,465734,256,8,measured
python-20260723T020649Z,7084381134317148039,256,71,proof_verify,22213,256,8,measured
python-20260723T020649Z,7084381134317148039,256,71,sign_batch,9386150,256,8,measured
python-20260723T020649Z,7084381134317148039,256,72,merkle_build,224684,256,8,measured
python-20260723T020649Z,7084381134317148039,256,72,signature_admission_batch,30545574,256,8,measured
python-20260723T020649Z,7084381134317148039,256,72,late_rebuild,442749,256,8,measured
python-20260723T020649Z,7084381134317148039,256,72,verify_batch,28198450,256,8,measured
python-20260723T020649Z,7084381134317148039,256,72,proof_verify,27341,256,8,measured
python-20260723T020649Z,7084381134317148039,256,72,sign_batch,9391969,256,8,measured
python-20260723T020649Z,7084381134317148039,256,73,sign_batch,9478157,256,8,measured
python-20260723T020649Z,7084381134317148039,256,73,signature_admission_batch,30031219,256,8,measured
python-20260723T020649Z,7084381134317148039,256,73,late_rebuild,438653,256,8,measured
python-20260723T020649Z,7084381134317148039,256,73,merkle_build,201540,256,8,measured
python-20260723T020649Z,7084381134317148039,256,73,verify_batch,28317237,256,8,measured
python-20260723T020649Z,7084381134317148039,256,73,proof_verify,30305,256,8,measured
python-20260723T020649Z,7084381134317148039,256,74,late_rebuild,431692,256,8,measured
python-20260723T020649Z,7084381134317148039,256,74,merkle_build,201069,256,8,measured
python-20260723T020649Z,7084381134317148039,256,74,verify_batch,28133644,256,8,measured
python-20260723T020649Z,7084381134317148039,256,74,sign_batch,9405649,256,8,measured
python-20260723T020649Z,7084381134317148039,256,74,proof_verify,21402,256,8,measured
python-20260723T020649Z,7084381134317148039,256,74,signature_admission_batch,29827025,256,8,measured
python-20260723T020649Z,7084381134317148039,256,75,proof_verify,20861,256,8,measured
python-20260723T020649Z,7084381134317148039,256,75,verify_batch,28239742,256,8,measured
python-20260723T020649Z,7084381134317148039,256,75,signature_admission_batch,29664993,256,8,measured
python-20260723T020649Z,7084381134317148039,256,75,sign_batch,9386111,256,8,measured
python-20260723T020649Z,7084381134317148039,256,75,merkle_build,215140,256,8,measured
python-20260723T020649Z,7084381134317148039,256,75,late_rebuild,424051,256,8,measured
python-20260723T020649Z,7084381134317148039,256,76,verify_batch,28153934,256,8,measured
python-20260723T020649Z,7084381134317148039,256,76,proof_verify,27250,256,8,measured
python-20260723T020649Z,7084381134317148039,256,76,sign_batch,9396656,256,8,measured
python-20260723T020649Z,7084381134317148039,256,76,signature_admission_batch,29649270,256,8,measured
python-20260723T020649Z,7084381134317148039,256,76,merkle_build,212446,256,8,measured
python-20260723T020649Z,7084381134317148039,256,76,late_rebuild,424532,256,8,measured
python-20260723T020649Z,7084381134317148039,256,77,late_rebuild,421688,256,8,measured
python-20260723T020649Z,7084381134317148039,256,77,verify_batch,28208565,256,8,measured
python-20260723T020649Z,7084381134317148039,256,77,proof_verify,29755,256,8,measured
python-20260723T020649Z,7084381134317148039,256,77,sign_batch,9376686,256,8,measured
python-20260723T020649Z,7084381134317148039,256,77,signature_admission_batch,29976117,256,8,measured
python-20260723T020649Z,7084381134317148039,256,77,merkle_build,215861,256,8,measured
python-20260723T020649Z,7084381134317148039,256,78,sign_batch,9471177,256,8,measured
python-20260723T020649Z,7084381134317148039,256,78,proof_verify,24487,256,8,measured
python-20260723T020649Z,7084381134317148039,256,78,verify_batch,28264909,256,8,measured
python-20260723T020649Z,7084381134317148039,256,78,late_rebuild,444061,256,8,measured
python-20260723T020649Z,7084381134317148039,256,78,merkle_build,201660,256,8,measured
python-20260723T020649Z,7084381134317148039,256,78,signature_admission_batch,29757902,256,8,measured
python-20260723T020649Z,7084381134317148039,256,79,merkle_build,209221,256,8,measured
python-20260723T020649Z,7084381134317148039,256,79,signature_admission_batch,29595300,256,8,measured
python-20260723T020649Z,7084381134317148039,256,79,sign_batch,9371108,256,8,measured
python-20260723T020649Z,7084381134317148039,256,79,late_rebuild,437662,256,8,measured
python-20260723T020649Z,7084381134317148039,256,79,verify_batch,28085793,256,8,measured
python-20260723T020649Z,7084381134317148039,256,79,proof_verify,27991,256,8,measured
python-20260723T020649Z,7084381134317148039,256,80,verify_batch,28069789,256,8,measured
python-20260723T020649Z,7084381134317148039,256,80,signature_admission_batch,29634929,256,8,measured
python-20260723T020649Z,7084381134317148039,256,80,sign_batch,9403105,256,8,measured
python-20260723T020649Z,7084381134317148039,256,80,late_rebuild,439945,256,8,measured
python-20260723T020649Z,7084381134317148039,256,80,proof_verify,18257,256,8,measured
python-20260723T020649Z,7084381134317148039,256,80,merkle_build,200748,256,8,measured
python-20260723T020649Z,7084381134317148039,256,81,verify_batch,28089378,256,8,measured
python-20260723T020649Z,7084381134317148039,256,81,late_rebuild,437241,256,8,measured
python-20260723T020649Z,7084381134317148039,256,81,merkle_build,199527,256,8,measured
python-20260723T020649Z,7084381134317148039,256,81,sign_batch,9356807,256,8,measured
python-20260723T020649Z,7084381134317148039,256,81,signature_admission_batch,29611694,256,8,measured
python-20260723T020649Z,7084381134317148039,256,81,proof_verify,22533,256,8,measured
python-20260723T020649Z,7084381134317148039,256,82,proof_verify,11587,256,8,measured
python-20260723T020649Z,7084381134317148039,256,82,late_rebuild,427687,256,8,measured
python-20260723T020649Z,7084381134317148039,256,82,verify_batch,28147204,256,8,measured
python-20260723T020649Z,7084381134317148039,256,82,signature_admission_batch,29673556,256,8,measured
python-20260723T020649Z,7084381134317148039,256,82,sign_batch,9397978,256,8,measured
python-20260723T020649Z,7084381134317148039,256,82,merkle_build,214860,256,8,measured
python-20260723T020649Z,7084381134317148039,256,83,late_rebuild,429429,256,8,measured
python-20260723T020649Z,7084381134317148039,256,83,proof_verify,19740,256,8,measured
python-20260723T020649Z,7084381134317148039,256,83,signature_admission_batch,31691610,256,8,measured
python-20260723T020649Z,7084381134317148039,256,83,verify_batch,28238390,256,8,measured
python-20260723T020649Z,7084381134317148039,256,83,sign_batch,9398148,256,8,measured
python-20260723T020649Z,7084381134317148039,256,83,merkle_build,238155,256,8,measured
python-20260723T020649Z,7084381134317148039,256,84,verify_batch,28198070,256,8,measured
python-20260723T020649Z,7084381134317148039,256,84,merkle_build,226347,256,8,measured
python-20260723T020649Z,7084381134317148039,256,84,proof_verify,25608,256,8,measured
python-20260723T020649Z,7084381134317148039,256,84,late_rebuild,436770,256,8,measured
python-20260723T020649Z,7084381134317148039,256,84,sign_batch,9381944,256,8,measured
python-20260723T020649Z,7084381134317148039,256,84,signature_admission_batch,29787626,256,8,measured
python-20260723T020649Z,7084381134317148039,256,85,verify_batch,28403186,256,8,measured
python-20260723T020649Z,7084381134317148039,256,85,merkle_build,236963,256,8,measured
python-20260723T020649Z,7084381134317148039,256,85,late_rebuild,459313,256,8,measured
python-20260723T020649Z,7084381134317148039,256,85,proof_verify,21542,256,8,measured
python-20260723T020649Z,7084381134317148039,256,85,sign_batch,9376506,256,8,measured
python-20260723T020649Z,7084381134317148039,256,85,signature_admission_batch,29660446,256,8,measured
python-20260723T020649Z,7084381134317148039,256,86,verify_batch,28271239,256,8,measured
python-20260723T020649Z,7084381134317148039,256,86,proof_verify,31136,256,8,measured
python-20260723T020649Z,7084381134317148039,256,86,signature_admission_batch,29780045,256,8,measured
python-20260723T020649Z,7084381134317148039,256,86,merkle_build,217664,256,8,measured
python-20260723T020649Z,7084381134317148039,256,86,sign_batch,9868448,256,8,measured
python-20260723T020649Z,7084381134317148039,256,86,late_rebuild,448878,256,8,measured
python-20260723T020649Z,7084381134317148039,256,87,proof_verify,20931,256,8,measured
python-20260723T020649Z,7084381134317148039,256,87,verify_batch,28511937,256,8,measured
python-20260723T020649Z,7084381134317148039,256,87,sign_batch,9456996,256,8,measured
python-20260723T020649Z,7084381134317148039,256,87,signature_admission_batch,29865071,256,8,measured
python-20260723T020649Z,7084381134317148039,256,87,merkle_build,217154,256,8,measured
python-20260723T020649Z,7084381134317148039,256,87,late_rebuild,453134,256,8,measured
python-20260723T020649Z,7084381134317148039,256,88,merkle_build,201090,256,8,measured
python-20260723T020649Z,7084381134317148039,256,88,sign_batch,9565768,256,8,measured
python-20260723T020649Z,7084381134317148039,256,88,proof_verify,26920,256,8,measured
python-20260723T020649Z,7084381134317148039,256,88,late_rebuild,450280,256,8,measured
python-20260723T020649Z,7084381134317148039,256,88,signature_admission_batch,29779594,256,8,measured
python-20260723T020649Z,7084381134317148039,256,88,verify_batch,28270417,256,8,measured
python-20260723T020649Z,7084381134317148039,256,89,proof_verify,31567,256,8,measured
python-20260723T020649Z,7084381134317148039,256,89,merkle_build,211965,256,8,measured
python-20260723T020649Z,7084381134317148039,256,89,verify_batch,28240763,256,8,measured
python-20260723T020649Z,7084381134317148039,256,89,late_rebuild,450501,256,8,measured
python-20260723T020649Z,7084381134317148039,256,89,signature_admission_batch,29784130,256,8,measured
python-20260723T020649Z,7084381134317148039,256,89,sign_batch,9415714,256,8,measured
python-20260723T020649Z,7084381134317148039,256,90,merkle_build,212145,256,8,measured
python-20260723T020649Z,7084381134317148039,256,90,late_rebuild,426265,256,8,measured
python-20260723T020649Z,7084381134317148039,256,90,verify_batch,28162397,256,8,measured
python-20260723T020649Z,7084381134317148039,256,90,signature_admission_batch,30030818,256,8,measured
python-20260723T020649Z,7084381134317148039,256,90,sign_batch,9432920,256,8,measured
python-20260723T020649Z,7084381134317148039,256,90,proof_verify,31957,256,8,measured
python-20260723T020649Z,7084381134317148039,256,91,sign_batch,9451377,256,8,measured
python-20260723T020649Z,7084381134317148039,256,91,late_rebuild,442178,256,8,measured
python-20260723T020649Z,7084381134317148039,256,91,merkle_build,201219,256,8,measured
python-20260723T020649Z,7084381134317148039,256,91,proof_verify,14973,256,8,measured
python-20260723T020649Z,7084381134317148039,256,91,signature_admission_batch,29788437,256,8,measured
python-20260723T020649Z,7084381134317148039,256,91,verify_batch,28228225,256,8,measured
python-20260723T020649Z,7084381134317148039,256,92,merkle_build,220478,256,8,measured
python-20260723T020649Z,7084381134317148039,256,92,late_rebuild,427977,256,8,measured
python-20260723T020649Z,7084381134317148039,256,92,signature_admission_batch,29804371,256,8,measured
python-20260723T020649Z,7084381134317148039,256,92,proof_verify,26500,256,8,measured
python-20260723T020649Z,7084381134317148039,256,92,verify_batch,28201305,256,8,measured
python-20260723T020649Z,7084381134317148039,256,92,sign_batch,9416175,256,8,measured
python-20260723T020649Z,7084381134317148039,256,93,late_rebuild,445093,256,8,measured
python-20260723T020649Z,7084381134317148039,256,93,merkle_build,200659,256,8,measured
python-20260723T020649Z,7084381134317148039,256,93,proof_verify,17887,256,8,measured
python-20260723T020649Z,7084381134317148039,256,93,verify_batch,28215506,256,8,measured
python-20260723T020649Z,7084381134317148039,256,93,sign_batch,9444708,256,8,measured
python-20260723T020649Z,7084381134317148039,256,93,signature_admission_batch,29673806,256,8,measured
python-20260723T020649Z,7084381134317148039,256,94,signature_admission_batch,29709390,256,8,measured
python-20260723T020649Z,7084381134317148039,256,94,proof_verify,30035,256,8,measured
python-20260723T020649Z,7084381134317148039,256,94,sign_batch,9403226,256,8,measured
python-20260723T020649Z,7084381134317148039,256,94,merkle_build,211174,256,8,measured
python-20260723T020649Z,7084381134317148039,256,94,late_rebuild,429259,256,8,measured
python-20260723T020649Z,7084381134317148039,256,94,verify_batch,28229537,256,8,measured
python-20260723T020649Z,7084381134317148039,256,95,late_rebuild,440175,256,8,measured
python-20260723T020649Z,7084381134317148039,256,95,signature_admission_batch,29818041,256,8,measured
python-20260723T020649Z,7084381134317148039,256,95,sign_batch,9450476,256,8,measured
python-20260723T020649Z,7084381134317148039,256,95,verify_batch,28117631,256,8,measured
python-20260723T020649Z,7084381134317148039,256,95,proof_verify,33349,256,8,measured
python-20260723T020649Z,7084381134317148039,256,95,merkle_build,213117,256,8,measured
python-20260723T020649Z,7084381134317148039,256,96,verify_batch,28284309,256,8,measured
python-20260723T020649Z,7084381134317148039,256,96,signature_admission_batch,29756740,256,8,measured
python-20260723T020649Z,7084381134317148039,256,96,sign_batch,9509774,256,8,measured
python-20260723T020649Z,7084381134317148039,256,96,proof_verify,28152,256,8,measured
python-20260723T020649Z,7084381134317148039,256,96,late_rebuild,456149,256,8,measured
python-20260723T020649Z,7084381134317148039,256,96,merkle_build,201029,256,8,measured
python-20260723T020649Z,7084381134317148039,256,97,proof_verify,12860,256,8,measured
python-20260723T020649Z,7084381134317148039,256,97,merkle_build,199927,256,8,measured
python-20260723T020649Z,7084381134317148039,256,97,sign_batch,9483676,256,8,measured
python-20260723T020649Z,7084381134317148039,256,97,late_rebuild,431452,256,8,measured
python-20260723T020649Z,7084381134317148039,256,97,signature_admission_batch,29908716,256,8,measured
python-20260723T020649Z,7084381134317148039,256,97,verify_batch,28255495,256,8,measured
python-20260723T020649Z,7084381134317148039,256,98,sign_batch,9514281,256,8,measured
python-20260723T020649Z,7084381134317148039,256,98,signature_admission_batch,29771111,256,8,measured
python-20260723T020649Z,7084381134317148039,256,98,merkle_build,219156,256,8,measured
python-20260723T020649Z,7084381134317148039,256,98,late_rebuild,427467,256,8,measured
python-20260723T020649Z,7084381134317148039,256,98,proof_verify,22634,256,8,measured
python-20260723T020649Z,7084381134317148039,256,98,verify_batch,28112873,256,8,measured
python-20260723T020649Z,7084381134317148039,256,99,signature_admission_batch,30012350,256,8,measured
python-20260723T020649Z,7084381134317148039,256,99,verify_batch,28942237,256,8,measured
python-20260723T020649Z,7084381134317148039,256,99,merkle_build,227108,256,8,measured
python-20260723T020649Z,7084381134317148039,256,99,proof_verify,23665,256,8,measured
python-20260723T020649Z,7084381134317148039,256,99,sign_batch,9485488,256,8,measured
python-20260723T020649Z,7084381134317148039,256,99,late_rebuild,439174,256,8,measured
python-20260723T020649Z,7084381134317148039,256,100,sign_batch,9402214,256,8,measured
python-20260723T020649Z,7084381134317148039,256,100,late_rebuild,430080,256,8,measured
python-20260723T020649Z,7084381134317148039,256,100,signature_admission_batch,29707657,256,8,measured
python-20260723T020649Z,7084381134317148039,256,100,merkle_build,212366,256,8,measured
python-20260723T020649Z,7084381134317148039,256,100,proof_verify,18978,256,8,measured
python-20260723T020649Z,7084381134317148039,256,100,verify_batch,28258780,256,8,measured
python-20260723T020649Z,7084381134317148039,256,101,verify_batch,28295705,256,8,measured
python-20260723T020649Z,7084381134317148039,256,101,merkle_build,224404,256,8,measured
python-20260723T020649Z,7084381134317148039,256,101,proof_verify,21462,256,8,measured
python-20260723T020649Z,7084381134317148039,256,101,signature_admission_batch,30050658,256,8,measured
python-20260723T020649Z,7084381134317148039,256,101,late_rebuild,445523,256,8,measured
python-20260723T020649Z,7084381134317148039,256,101,sign_batch,9415875,256,8,measured
python-20260723T020649Z,7084381134317148039,256,102,merkle_build,253488,256,8,measured
python-20260723T020649Z,7084381134317148039,256,102,sign_batch,9425729,256,8,measured
python-20260723T020649Z,7084381134317148039,256,102,late_rebuild,434237,256,8,measured
python-20260723T020649Z,7084381134317148039,256,102,proof_verify,22854,256,8,measured
python-20260723T020649Z,7084381134317148039,256,102,verify_batch,28733097,256,8,measured
python-20260723T020649Z,7084381134317148039,256,102,signature_admission_batch,32926257,256,8,measured
python-20260723T020649Z,7084381134317148039,256,103,sign_batch,9613950,256,8,measured
python-20260723T020649Z,7084381134317148039,256,103,signature_admission_batch,32174499,256,8,measured
python-20260723T020649Z,7084381134317148039,256,103,late_rebuild,462749,256,8,measured
python-20260723T020649Z,7084381134317148039,256,103,merkle_build,202341,256,8,measured
python-20260723T020649Z,7084381134317148039,256,103,verify_batch,32601344,256,8,measured
python-20260723T020649Z,7084381134317148039,256,103,proof_verify,57796,256,8,measured
python-20260723T020649Z,7084381134317148039,256,104,merkle_build,347037,256,8,measured
python-20260723T020649Z,7084381134317148039,256,104,late_rebuild,665320,256,8,measured
python-20260723T020649Z,7084381134317148039,256,104,signature_admission_batch,30662178,256,8,measured
python-20260723T020649Z,7084381134317148039,256,104,sign_batch,9449204,256,8,measured
python-20260723T020649Z,7084381134317148039,256,104,proof_verify,55502,256,8,measured
python-20260723T020649Z,7084381134317148039,256,104,verify_batch,29397355,256,8,measured
python-20260723T020649Z,7084381134317148039,256,105,proof_verify,41371,256,8,measured
python-20260723T020649Z,7084381134317148039,256,105,sign_batch,9676212,256,8,measured
python-20260723T020649Z,7084381134317148039,256,105,merkle_build,217213,256,8,measured
python-20260723T020649Z,7084381134317148039,256,105,signature_admission_batch,33819908,256,8,measured
python-20260723T020649Z,7084381134317148039,256,105,late_rebuild,507655,256,8,measured
python-20260723T020649Z,7084381134317148039,256,105,verify_batch,31269151,256,8,measured
python-20260723T020649Z,7084381134317148039,256,106,signature_admission_batch,32306565,256,8,measured
python-20260723T020649Z,7084381134317148039,256,106,proof_verify,42063,256,8,measured
python-20260723T020649Z,7084381134317148039,256,106,verify_batch,31282671,256,8,measured
python-20260723T020649Z,7084381134317148039,256,106,late_rebuild,628395,256,8,measured
python-20260723T020649Z,7084381134317148039,256,106,merkle_build,290111,256,8,measured
python-20260723T020649Z,7084381134317148039,256,106,sign_batch,11186770,256,8,measured
python-20260723T020649Z,7084381134317148039,256,107,signature_admission_batch,32705769,256,8,measured
python-20260723T020649Z,7084381134317148039,256,107,merkle_build,227649,256,8,measured
python-20260723T020649Z,7084381134317148039,256,107,sign_batch,9655021,256,8,measured
python-20260723T020649Z,7084381134317148039,256,107,proof_verify,35903,256,8,measured
python-20260723T020649Z,7084381134317148039,256,107,verify_batch,32088781,256,8,measured
python-20260723T020649Z,7084381134317148039,256,107,late_rebuild,696727,256,8,measured
python-20260723T020649Z,7084381134317148039,256,108,verify_batch,28790271,256,8,measured
python-20260723T020649Z,7084381134317148039,256,108,sign_batch,10299430,256,8,measured
python-20260723T020649Z,7084381134317148039,256,108,late_rebuild,510360,256,8,measured
python-20260723T020649Z,7084381134317148039,256,108,merkle_build,223733,256,8,measured
python-20260723T020649Z,7084381134317148039,256,108,proof_verify,25999,256,8,measured
python-20260723T020649Z,7084381134317148039,256,108,signature_admission_batch,33180076,256,8,measured
python-20260723T020649Z,7084381134317148039,256,109,verify_batch,30846962,256,8,measured
python-20260723T020649Z,7084381134317148039,256,109,proof_verify,45698,256,8,measured
python-20260723T020649Z,7084381134317148039,256,109,merkle_build,220538,256,8,measured
python-20260723T020649Z,7084381134317148039,256,109,sign_batch,10650893,256,8,measured
python-20260723T020649Z,7084381134317148039,256,109,late_rebuild,490450,256,8,measured
python-20260723T020649Z,7084381134317148039,256,109,signature_admission_batch,32304101,256,8,measured
python-20260723T020649Z,7084381134317148039,256,110,verify_batch,29487480,256,8,measured
python-20260723T020649Z,7084381134317148039,256,110,merkle_build,267528,256,8,measured
python-20260723T020649Z,7084381134317148039,256,110,proof_verify,26359,256,8,measured
python-20260723T020649Z,7084381134317148039,256,110,signature_admission_batch,34712056,256,8,measured
python-20260723T020649Z,7084381134317148039,256,110,late_rebuild,605280,256,8,measured
python-20260723T020649Z,7084381134317148039,256,110,sign_batch,10690812,256,8,measured
python-20260723T020649Z,7084381134317148039,256,111,merkle_build,279927,256,8,measured
python-20260723T020649Z,7084381134317148039,256,111,signature_admission_batch,34890681,256,8,measured
python-20260723T020649Z,7084381134317148039,256,111,sign_batch,11481069,256,8,measured
python-20260723T020649Z,7084381134317148039,256,111,verify_batch,29212319,256,8,measured
python-20260723T020649Z,7084381134317148039,256,111,proof_verify,44196,256,8,measured
python-20260723T020649Z,7084381134317148039,256,111,late_rebuild,481286,256,8,measured
python-20260723T020649Z,7084381134317148039,256,112,sign_batch,9539619,256,8,measured
python-20260723T020649Z,7084381134317148039,256,112,verify_batch,29967664,256,8,measured
python-20260723T020649Z,7084381134317148039,256,112,proof_verify,46469,256,8,measured
python-20260723T020649Z,7084381134317148039,256,112,signature_admission_batch,32736465,256,8,measured
python-20260723T020649Z,7084381134317148039,256,112,merkle_build,229843,256,8,measured
python-20260723T020649Z,7084381134317148039,256,112,late_rebuild,434487,256,8,measured
python-20260723T020649Z,7084381134317148039,256,113,sign_batch,10173142,256,8,measured
python-20260723T020649Z,7084381134317148039,256,113,late_rebuild,565172,256,8,measured
python-20260723T020649Z,7084381134317148039,256,113,merkle_build,241099,256,8,measured
python-20260723T020649Z,7084381134317148039,256,113,verify_batch,31975933,256,8,measured
python-20260723T020649Z,7084381134317148039,256,113,proof_verify,59930,256,8,measured
python-20260723T020649Z,7084381134317148039,256,113,signature_admission_batch,34078442,256,8,measured
python-20260723T020649Z,7084381134317148039,256,114,proof_verify,31978,256,8,measured
python-20260723T020649Z,7084381134317148039,256,114,signature_admission_batch,32656385,256,8,measured
python-20260723T020649Z,7084381134317148039,256,114,verify_batch,29183757,256,8,measured
python-20260723T020649Z,7084381134317148039,256,114,late_rebuild,488688,256,8,measured
python-20260723T020649Z,7084381134317148039,256,114,sign_batch,10538776,256,8,measured
python-20260723T020649Z,7084381134317148039,256,114,merkle_build,315119,256,8,measured
python-20260723T020649Z,7084381134317148039,256,115,merkle_build,275060,256,8,measured
python-20260723T020649Z,7084381134317148039,256,115,signature_admission_batch,31308990,256,8,measured
python-20260723T020649Z,7084381134317148039,256,115,verify_batch,29147814,256,8,measured
python-20260723T020649Z,7084381134317148039,256,115,late_rebuild,475148,256,8,measured
python-20260723T020649Z,7084381134317148039,256,115,proof_verify,25057,256,8,measured
python-20260723T020649Z,7084381134317148039,256,115,sign_batch,9680198,256,8,measured
python-20260723T020649Z,7084381134317148039,256,116,late_rebuild,456540,256,8,measured
python-20260723T020649Z,7084381134317148039,256,116,merkle_build,202882,256,8,measured
python-20260723T020649Z,7084381134317148039,256,116,verify_batch,29770661,256,8,measured
python-20260723T020649Z,7084381134317148039,256,116,proof_verify,55613,256,8,measured
python-20260723T020649Z,7084381134317148039,256,116,signature_admission_batch,33364851,256,8,measured
python-20260723T020649Z,7084381134317148039,256,116,sign_batch,10685464,256,8,measured
python-20260723T020649Z,7084381134317148039,256,117,signature_admission_batch,32212675,256,8,measured
python-20260723T020649Z,7084381134317148039,256,117,proof_verify,45278,256,8,measured
python-20260723T020649Z,7084381134317148039,256,117,merkle_build,314368,256,8,measured
python-20260723T020649Z,7084381134317148039,256,117,late_rebuild,442729,256,8,measured
python-20260723T020649Z,7084381134317148039,256,117,verify_batch,30264916,256,8,measured
python-20260723T020649Z,7084381134317148039,256,117,sign_batch,10148475,256,8,measured
python-20260723T020649Z,7084381134317148039,256,118,merkle_build,230353,256,8,measured
python-20260723T020649Z,7084381134317148039,256,118,sign_batch,10113042,256,8,measured
python-20260723T020649Z,7084381134317148039,256,118,late_rebuild,451122,256,8,measured
python-20260723T020649Z,7084381134317148039,256,118,verify_batch,33581593,256,8,measured
python-20260723T020649Z,7084381134317148039,256,118,proof_verify,47851,256,8,measured
python-20260723T020649Z,7084381134317148039,256,118,signature_admission_batch,33833578,256,8,measured
python-20260723T020649Z,7084381134317148039,256,119,verify_batch,28626668,256,8,measured
python-20260723T020649Z,7084381134317148039,256,119,proof_verify,44206,256,8,measured
python-20260723T020649Z,7084381134317148039,256,119,late_rebuild,458081,256,8,measured
python-20260723T020649Z,7084381134317148039,256,119,merkle_build,205486,256,8,measured
python-20260723T020649Z,7084381134317148039,256,119,signature_admission_batch,33032625,256,8,measured
python-20260723T020649Z,7084381134317148039,256,119,sign_batch,9382876,256,8,measured
python-20260723T020649Z,7084381134317148039,256,120,proof_verify,33440,256,8,measured
python-20260723T020649Z,7084381134317148039,256,120,merkle_build,214700,256,8,measured
python-20260723T020649Z,7084381134317148039,256,120,late_rebuild,433425,256,8,measured
python-20260723T020649Z,7084381134317148039,256,120,verify_batch,30762166,256,8,measured
python-20260723T020649Z,7084381134317148039,256,120,sign_batch,9950200,256,8,measured
python-20260723T020649Z,7084381134317148039,256,120,signature_admission_batch,33862941,256,8,measured
python-20260723T020649Z,7084381134317148039,256,121,proof_verify,63705,256,8,measured
python-20260723T020649Z,7084381134317148039,256,121,signature_admission_batch,32247818,256,8,measured
python-20260723T020649Z,7084381134317148039,256,121,late_rebuild,472093,256,8,measured
python-20260723T020649Z,7084381134317148039,256,121,sign_batch,10144770,256,8,measured
python-20260723T020649Z,7084381134317148039,256,121,merkle_build,229612,256,8,measured
python-20260723T020649Z,7084381134317148039,256,121,verify_batch,28255375,256,8,measured
python-20260723T020649Z,7084381134317148039,256,122,signature_admission_batch,31150103,256,8,measured
python-20260723T020649Z,7084381134317148039,256,122,sign_batch,10493468,256,8,measured
python-20260723T020649Z,7084381134317148039,256,122,proof_verify,42473,256,8,measured
python-20260723T020649Z,7084381134317148039,256,122,verify_batch,31159738,256,8,measured
python-20260723T020649Z,7084381134317148039,256,122,late_rebuild,504441,256,8,measured
python-20260723T020649Z,7084381134317148039,256,122,merkle_build,204244,256,8,measured
python-20260723T020649Z,7084381134317148039,256,123,sign_batch,11279899,256,8,measured
python-20260723T020649Z,7084381134317148039,256,123,late_rebuild,483981,256,8,measured
python-20260723T020649Z,7084381134317148039,256,123,signature_admission_batch,32231734,256,8,measured
python-20260723T020649Z,7084381134317148039,256,123,merkle_build,233618,256,8,measured
python-20260723T020649Z,7084381134317148039,256,123,proof_verify,26729,256,8,measured
python-20260723T020649Z,7084381134317148039,256,123,verify_batch,28988006,256,8,measured
python-20260723T020649Z,7084381134317148039,256,124,proof_verify,43034,256,8,measured
python-20260723T020649Z,7084381134317148039,256,124,late_rebuild,566173,256,8,measured
python-20260723T020649Z,7084381134317148039,256,124,verify_batch,32771257,256,8,measured
python-20260723T020649Z,7084381134317148039,256,124,merkle_build,269341,256,8,measured
python-20260723T020649Z,7084381134317148039,256,124,signature_admission_batch,32975991,256,8,measured
python-20260723T020649Z,7084381134317148039,256,124,sign_batch,10080123,256,8,measured
python-20260723T020649Z,7084381134317148039,256,125,late_rebuild,508297,256,8,measured
python-20260723T020649Z,7084381134317148039,256,125,proof_verify,25808,256,8,measured
python-20260723T020649Z,7084381134317148039,256,125,merkle_build,223392,256,8,measured
python-20260723T020649Z,7084381134317148039,256,125,verify_batch,30119170,256,8,measured
python-20260723T020649Z,7084381134317148039,256,125,signature_admission_batch,32032948,256,8,measured
python-20260723T020649Z,7084381134317148039,256,125,sign_batch,10591394,256,8,measured
python-20260723T020649Z,7084381134317148039,256,126,merkle_build,238615,256,8,measured
python-20260723T020649Z,7084381134317148039,256,126,proof_verify,25338,256,8,measured
python-20260723T020649Z,7084381134317148039,256,126,late_rebuild,465974,256,8,measured
python-20260723T020649Z,7084381134317148039,256,126,signature_admission_batch,31512994,256,8,measured
python-20260723T020649Z,7084381134317148039,256,126,verify_batch,30886541,256,8,measured
python-20260723T020649Z,7084381134317148039,256,126,sign_batch,10994334,256,8,measured
python-20260723T020649Z,7084381134317148039,256,127,signature_admission_batch,33361926,256,8,measured
python-20260723T020649Z,7084381134317148039,256,127,late_rebuild,499985,256,8,measured
python-20260723T020649Z,7084381134317148039,256,127,sign_batch,10846113,256,8,measured
python-20260723T020649Z,7084381134317148039,256,127,verify_batch,31495889,256,8,measured
python-20260723T020649Z,7084381134317148039,256,127,proof_verify,47280,256,8,measured
python-20260723T020649Z,7084381134317148039,256,127,merkle_build,221700,256,8,measured
python-20260723T020649Z,7084381134317148039,256,128,verify_batch,28449434,256,8,measured
python-20260723T020649Z,7084381134317148039,256,128,late_rebuild,502327,256,8,measured
python-20260723T020649Z,7084381134317148039,256,128,merkle_build,205636,256,8,measured
python-20260723T020649Z,7084381134317148039,256,128,signature_admission_batch,31079259,256,8,measured
python-20260723T020649Z,7084381134317148039,256,128,proof_verify,34281,256,8,measured
python-20260723T020649Z,7084381134317148039,256,128,sign_batch,9839865,256,8,measured
python-20260723T020649Z,7084381134317148039,256,129,late_rebuild,467466,256,8,measured
python-20260723T020649Z,7084381134317148039,256,129,verify_batch,34199813,256,8,measured
python-20260723T020649Z,7084381134317148039,256,129,proof_verify,48442,256,8,measured
python-20260723T020649Z,7084381134317148039,256,129,merkle_build,228060,256,8,measured
python-20260723T020649Z,7084381134317148039,256,129,signature_admission_batch,33616645,256,8,measured
python-20260723T020649Z,7084381134317148039,256,129,sign_batch,11529440,256,8,measured
python-20260723T020649Z,7084381134317148039,256,130,signature_admission_batch,31405453,256,8,measured
python-20260723T020649Z,7084381134317148039,256,130,sign_batch,10127113,256,8,measured
python-20260723T020649Z,7084381134317148039,256,130,late_rebuild,682686,256,8,measured
python-20260723T020649Z,7084381134317148039,256,130,verify_batch,29924199,256,8,measured
python-20260723T020649Z,7084381134317148039,256,130,proof_verify,44787,256,8,measured
python-20260723T020649Z,7084381134317148039,256,130,merkle_build,224063,256,8,measured
python-20260723T020649Z,7084381134317148039,256,131,sign_batch,9490416,256,8,measured
python-20260723T020649Z,7084381134317148039,256,131,verify_batch,28345500,256,8,measured
python-20260723T020649Z,7084381134317148039,256,131,signature_admission_batch,30267540,256,8,measured
python-20260723T020649Z,7084381134317148039,256,131,late_rebuild,474186,256,8,measured
python-20260723T020649Z,7084381134317148039,256,131,proof_verify,25518,256,8,measured
python-20260723T020649Z,7084381134317148039,256,131,merkle_build,205656,256,8,measured
python-20260723T020649Z,7084381134317148039,256,132,merkle_build,208099,256,8,measured
python-20260723T020649Z,7084381134317148039,256,132,sign_batch,10805213,256,8,measured
python-20260723T020649Z,7084381134317148039,256,132,proof_verify,38157,256,8,measured
python-20260723T020649Z,7084381134317148039,256,132,late_rebuild,592382,256,8,measured
python-20260723T020649Z,7084381134317148039,256,132,verify_batch,30152729,256,8,measured
python-20260723T020649Z,7084381134317148039,256,132,signature_admission_batch,32085646,256,8,measured
python-20260723T020649Z,7084381134317148039,256,133,late_rebuild,459304,256,8,measured
python-20260723T020649Z,7084381134317148039,256,133,merkle_build,207669,256,8,measured
python-20260723T020649Z,7084381134317148039,256,133,signature_admission_batch,30479255,256,8,measured
python-20260723T020649Z,7084381134317148039,256,133,verify_batch,28390236,256,8,measured
python-20260723T020649Z,7084381134317148039,256,133,sign_batch,9598897,256,8,measured
python-20260723T020649Z,7084381134317148039,256,133,proof_verify,39539,256,8,measured
python-20260723T020649Z,7084381134317148039,256,134,signature_admission_batch,30205899,256,8,measured
python-20260723T020649Z,7084381134317148039,256,134,merkle_build,219867,256,8,measured
python-20260723T020649Z,7084381134317148039,256,134,proof_verify,19189,256,8,measured
python-20260723T020649Z,7084381134317148039,256,134,verify_batch,28452789,256,8,measured
python-20260723T020649Z,7084381134317148039,256,134,late_rebuild,459224,256,8,measured
python-20260723T020649Z,7084381134317148039,256,134,sign_batch,9417447,256,8,measured
python-20260723T020649Z,7084381134317148039,256,135,merkle_build,212677,256,8,measured
python-20260723T020649Z,7084381134317148039,256,135,proof_verify,18067,256,8,measured
python-20260723T020649Z,7084381134317148039,256,135,verify_batch,29764301,256,8,measured
python-20260723T020649Z,7084381134317148039,256,135,signature_admission_batch,29877590,256,8,measured
python-20260723T020649Z,7084381134317148039,256,135,late_rebuild,476890,256,8,measured
python-20260723T020649Z,7084381134317148039,256,135,sign_batch,9653729,256,8,measured
python-20260723T020649Z,7084381134317148039,256,136,verify_batch,28399670,256,8,measured
python-20260723T020649Z,7084381134317148039,256,136,sign_batch,9438639,256,8,measured
python-20260723T020649Z,7084381134317148039,256,136,merkle_build,227128,256,8,measured
python-20260723T020649Z,7084381134317148039,256,136,late_rebuild,454176,256,8,measured
python-20260723T020649Z,7084381134317148039,256,136,signature_admission_batch,29902106,256,8,measured
python-20260723T020649Z,7084381134317148039,256,136,proof_verify,27802,256,8,measured
python-20260723T020649Z,7084381134317148039,256,137,verify_batch,28344608,256,8,measured
python-20260723T020649Z,7084381134317148039,256,137,late_rebuild,522198,256,8,measured
python-20260723T020649Z,7084381134317148039,256,137,proof_verify,16755,256,8,measured
python-20260723T020649Z,7084381134317148039,256,137,sign_batch,9657575,256,8,measured
python-20260723T020649Z,7084381134317148039,256,137,signature_admission_batch,29918301,256,8,measured
python-20260723T020649Z,7084381134317148039,256,137,merkle_build,218215,256,8,measured
python-20260723T020649Z,7084381134317148039,256,138,late_rebuild,433836,256,8,measured
python-20260723T020649Z,7084381134317148039,256,138,proof_verify,19188,256,8,measured
python-20260723T020649Z,7084381134317148039,256,138,merkle_build,226538,256,8,measured
python-20260723T020649Z,7084381134317148039,256,138,signature_admission_batch,29691793,256,8,measured
python-20260723T020649Z,7084381134317148039,256,138,verify_batch,28144791,256,8,measured
python-20260723T020649Z,7084381134317148039,256,138,sign_batch,9395875,256,8,measured
python-20260723T020649Z,7084381134317148039,256,139,sign_batch,9483154,256,8,measured
python-20260723T020649Z,7084381134317148039,256,139,merkle_build,221570,256,8,measured
python-20260723T020649Z,7084381134317148039,256,139,verify_batch,28289617,256,8,measured
python-20260723T020649Z,7084381134317148039,256,139,signature_admission_batch,29824551,256,8,measured
python-20260723T020649Z,7084381134317148039,256,139,proof_verify,26961,256,8,measured
python-20260723T020649Z,7084381134317148039,256,139,late_rebuild,442589,256,8,measured
python-20260723T020649Z,7084381134317148039,256,140,signature_admission_batch,29664553,256,8,measured
python-20260723T020649Z,7084381134317148039,256,140,proof_verify,18076,256,8,measured
python-20260723T020649Z,7084381134317148039,256,140,verify_batch,28127915,256,8,measured
python-20260723T020649Z,7084381134317148039,256,140,late_rebuild,452563,256,8,measured
python-20260723T020649Z,7084381134317148039,256,140,sign_batch,9411748,256,8,measured
python-20260723T020649Z,7084381134317148039,256,140,merkle_build,211825,256,8,measured
python-20260723T020649Z,7084381134317148039,256,141,merkle_build,206378,256,8,measured
python-20260723T020649Z,7084381134317148039,256,141,verify_batch,28172812,256,8,measured
python-20260723T020649Z,7084381134317148039,256,141,proof_verify,35452,256,8,measured
python-20260723T020649Z,7084381134317148039,256,141,late_rebuild,440065,256,8,measured
python-20260723T020649Z,7084381134317148039,256,141,signature_admission_batch,29641178,256,8,measured
python-20260723T020649Z,7084381134317148039,256,141,sign_batch,9378288,256,8,measured
python-20260723T020649Z,7084381134317148039,256,142,late_rebuild,439004,256,8,measured
python-20260723T020649Z,7084381134317148039,256,142,signature_admission_batch,29707527,256,8,measured
python-20260723T020649Z,7084381134317148039,256,142,merkle_build,214279,256,8,measured
python-20260723T020649Z,7084381134317148039,256,142,verify_batch,28225531,256,8,measured
python-20260723T020649Z,7084381134317148039,256,142,proof_verify,28612,256,8,measured
python-20260723T020649Z,7084381134317148039,256,142,sign_batch,9368123,256,8,measured
python-20260723T020649Z,7084381134317148039,256,143,verify_batch,28192001,256,8,measured
python-20260723T020649Z,7084381134317148039,256,143,proof_verify,23846,256,8,measured
python-20260723T020649Z,7084381134317148039,256,143,sign_batch,9377418,256,8,measured
python-20260723T020649Z,7084381134317148039,256,143,signature_admission_batch,29639435,256,8,measured
python-20260723T020649Z,7084381134317148039,256,143,merkle_build,217965,256,8,measured
python-20260723T020649Z,7084381134317148039,256,143,late_rebuild,434206,256,8,measured
python-20260723T020649Z,7084381134317148039,256,144,late_rebuild,425413,256,8,measured
python-20260723T020649Z,7084381134317148039,256,144,proof_verify,20100,256,8,measured
python-20260723T020649Z,7084381134317148039,256,144,merkle_build,219657,256,8,measured
python-20260723T020649Z,7084381134317148039,256,144,verify_batch,28120535,256,8,measured
python-20260723T020649Z,7084381134317148039,256,144,sign_batch,9382215,256,8,measured
python-20260723T020649Z,7084381134317148039,256,144,signature_admission_batch,29607237,256,8,measured
python-20260723T020649Z,7084381134317148039,256,145,late_rebuild,444201,256,8,measured
python-20260723T020649Z,7084381134317148039,256,145,verify_batch,28113434,256,8,measured
python-20260723T020649Z,7084381134317148039,256,145,merkle_build,216232,256,8,measured
python-20260723T020649Z,7084381134317148039,256,145,proof_verify,40801,256,8,measured
python-20260723T020649Z,7084381134317148039,256,145,signature_admission_batch,29631584,256,8,measured
python-20260723T020649Z,7084381134317148039,256,145,sign_batch,9358289,256,8,measured
python-20260723T020649Z,7084381134317148039,256,146,verify_batch,28135998,256,8,measured
python-20260723T020649Z,7084381134317148039,256,146,proof_verify,28182,256,8,measured
python-20260723T020649Z,7084381134317148039,256,146,signature_admission_batch,29831852,256,8,measured
python-20260723T020649Z,7084381134317148039,256,146,late_rebuild,476800,256,8,measured
python-20260723T020649Z,7084381134317148039,256,146,sign_batch,9393080,256,8,measured
python-20260723T020649Z,7084381134317148039,256,146,merkle_build,216873,256,8,measured
python-20260723T020649Z,7084381134317148039,256,147,sign_batch,9384037,256,8,measured
python-20260723T020649Z,7084381134317148039,256,147,merkle_build,209872,256,8,measured
python-20260723T020649Z,7084381134317148039,256,147,late_rebuild,430280,256,8,measured
python-20260723T020649Z,7084381134317148039,256,147,verify_batch,28259642,256,8,measured
python-20260723T020649Z,7084381134317148039,256,147,signature_admission_batch,29732714,256,8,measured
python-20260723T020649Z,7084381134317148039,256,147,proof_verify,28953,256,8,measured
python-20260723T020649Z,7084381134317148039,256,148,late_rebuild,448708,256,8,measured
python-20260723T020649Z,7084381134317148039,256,148,verify_batch,28660028,256,8,measured
python-20260723T020649Z,7084381134317148039,256,148,signature_admission_batch,29807996,256,8,measured
python-20260723T020649Z,7084381134317148039,256,148,merkle_build,243293,256,8,measured
python-20260723T020649Z,7084381134317148039,256,148,sign_batch,9371930,256,8,measured
python-20260723T020649Z,7084381134317148039,256,148,proof_verify,33399,256,8,measured
python-20260723T020649Z,7084381134317148039,256,149,signature_admission_batch,29879472,256,8,measured
python-20260723T020649Z,7084381134317148039,256,149,proof_verify,22593,256,8,measured
python-20260723T020649Z,7084381134317148039,256,149,merkle_build,224744,256,8,measured
python-20260723T020649Z,7084381134317148039,256,149,verify_batch,28248495,256,8,measured
python-20260723T020649Z,7084381134317148039,256,149,sign_batch,9346010,256,8,measured
python-20260723T020649Z,7084381134317148039,256,149,late_rebuild,457671,256,8,measured
python-20260723T020649Z,7084381134317148039,256,150,proof_verify,20330,256,8,measured
python-20260723T020649Z,7084381134317148039,256,150,verify_batch,28115728,256,8,measured
python-20260723T020649Z,7084381134317148039,256,150,signature_admission_batch,29665044,256,8,measured
python-20260723T020649Z,7084381134317148039,256,150,sign_batch,9363487,256,8,measured
python-20260723T020649Z,7084381134317148039,256,150,late_rebuild,450241,256,8,measured
python-20260723T020649Z,7084381134317148039,256,150,merkle_build,206437,256,8,measured
python-20260723T020649Z,7084381134317148039,256,151,signature_admission_batch,29722449,256,8,measured
python-20260723T020649Z,7084381134317148039,256,151,late_rebuild,448528,256,8,measured
python-20260723T020649Z,7084381134317148039,256,151,proof_verify,21122,256,8,measured
python-20260723T020649Z,7084381134317148039,256,151,verify_batch,28560469,256,8,measured
python-20260723T020649Z,7084381134317148039,256,151,sign_batch,9483835,256,8,measured
python-20260723T020649Z,7084381134317148039,256,151,merkle_build,238656,256,8,measured
python-20260723T020649Z,7084381134317148039,256,152,sign_batch,9411748,256,8,measured
python-20260723T020649Z,7084381134317148039,256,152,signature_admission_batch,29708188,256,8,measured
python-20260723T020649Z,7084381134317148039,256,152,merkle_build,219106,256,8,measured
python-20260723T020649Z,7084381134317148039,256,152,proof_verify,24056,256,8,measured
python-20260723T020649Z,7084381134317148039,256,152,verify_batch,28173644,256,8,measured
python-20260723T020649Z,7084381134317148039,256,152,late_rebuild,470590,256,8,measured
python-20260723T020649Z,7084381134317148039,256,153,late_rebuild,429729,256,8,measured
python-20260723T020649Z,7084381134317148039,256,153,proof_verify,16404,256,8,measured
python-20260723T020649Z,7084381134317148039,256,153,signature_admission_batch,29752533,256,8,measured
python-20260723T020649Z,7084381134317148039,256,153,verify_batch,28064271,256,8,measured
python-20260723T020649Z,7084381134317148039,256,153,merkle_build,223282,256,8,measured
python-20260723T020649Z,7084381134317148039,256,153,sign_batch,9491818,256,8,measured
python-20260723T020649Z,7084381134317148039,256,154,verify_batch,28291819,256,8,measured
python-20260723T020649Z,7084381134317148039,256,154,late_rebuild,468958,256,8,measured
python-20260723T020649Z,7084381134317148039,256,154,sign_batch,9416356,256,8,measured
python-20260723T020649Z,7084381134317148039,256,154,signature_admission_batch,29809117,256,8,measured
python-20260723T020649Z,7084381134317148039,256,154,merkle_build,219907,256,8,measured
python-20260723T020649Z,7084381134317148039,256,154,proof_verify,23075,256,8,measured
python-20260723T020649Z,7084381134317148039,256,155,sign_batch,9382946,256,8,measured
python-20260723T020649Z,7084381134317148039,256,155,signature_admission_batch,29826895,256,8,measured
python-20260723T020649Z,7084381134317148039,256,155,late_rebuild,464892,256,8,measured
python-20260723T020649Z,7084381134317148039,256,155,verify_batch,28476744,256,8,measured
python-20260723T020649Z,7084381134317148039,256,155,merkle_build,220168,256,8,measured
python-20260723T020649Z,7084381134317148039,256,155,proof_verify,23395,256,8,measured
python-20260723T020649Z,7084381134317148039,256,156,merkle_build,206598,256,8,measured
python-20260723T020649Z,7084381134317148039,256,156,sign_batch,9450767,256,8,measured
python-20260723T020649Z,7084381134317148039,256,156,late_rebuild,444411,256,8,measured
python-20260723T020649Z,7084381134317148039,256,156,proof_verify,15593,256,8,measured
python-20260723T020649Z,7084381134317148039,256,156,signature_admission_batch,29920804,256,8,measured
python-20260723T020649Z,7084381134317148039,256,156,verify_batch,28736631,256,8,measured
python-20260723T020649Z,7084381134317148039,256,157,signature_admission_batch,30216549,256,8,measured
python-20260723T020649Z,7084381134317148039,256,157,verify_batch,28227614,256,8,measured
python-20260723T020649Z,7084381134317148039,256,157,merkle_build,234389,256,8,measured
python-20260723T020649Z,7084381134317148039,256,157,late_rebuild,443260,256,8,measured
python-20260723T020649Z,7084381134317148039,256,157,sign_batch,9384928,256,8,measured
python-20260723T020649Z,7084381134317148039,256,157,proof_verify,26910,256,8,measured
python-20260723T020649Z,7084381134317148039,256,158,merkle_build,211504,256,8,measured
python-20260723T020649Z,7084381134317148039,256,158,sign_batch,9403626,256,8,measured
python-20260723T020649Z,7084381134317148039,256,158,verify_batch,28377958,256,8,measured
python-20260723T020649Z,7084381134317148039,256,158,late_rebuild,459223,256,8,measured
python-20260723T020649Z,7084381134317148039,256,158,proof_verify,20360,256,8,measured
python-20260723T020649Z,7084381134317148039,256,158,signature_admission_batch,29656641,256,8,measured
python-20260723T020649Z,7084381134317148039,256,159,proof_verify,19569,256,8,measured
python-20260723T020649Z,7084381134317148039,256,159,late_rebuild,436610,256,8,measured
python-20260723T020649Z,7084381134317148039,256,159,sign_batch,9420001,256,8,measured
python-20260723T020649Z,7084381134317148039,256,159,signature_admission_batch,29728318,256,8,measured
python-20260723T020649Z,7084381134317148039,256,159,merkle_build,220578,256,8,measured
python-20260723T020649Z,7084381134317148039,256,159,verify_batch,28305890,256,8,measured
python-20260723T020649Z,7084381134317148039,256,160,late_rebuild,455799,256,8,measured
python-20260723T020649Z,7084381134317148039,256,160,verify_batch,28095718,256,8,measured
python-20260723T020649Z,7084381134317148039,256,160,proof_verify,27762,256,8,measured
python-20260723T020649Z,7084381134317148039,256,160,signature_admission_batch,29648439,256,8,measured
python-20260723T020649Z,7084381134317148039,256,160,merkle_build,219527,256,8,measured
python-20260723T020649Z,7084381134317148039,256,160,sign_batch,9490305,256,8,measured
python-20260723T020649Z,7084381134317148039,256,161,late_rebuild,443290,256,8,measured
python-20260723T020649Z,7084381134317148039,256,161,verify_batch,28265891,256,8,measured
python-20260723T020649Z,7084381134317148039,256,161,signature_admission_batch,29985490,256,8,measured
python-20260723T020649Z,7084381134317148039,256,161,proof_verify,26920,256,8,measured
python-20260723T020649Z,7084381134317148039,256,161,sign_batch,9397297,256,8,measured
python-20260723T020649Z,7084381134317148039,256,161,merkle_build,230263,256,8,measured
python-20260723T020649Z,7084381134317148039,256,162,late_rebuild,441847,256,8,measured
python-20260723T020649Z,7084381134317148039,256,162,sign_batch,9412990,256,8,measured
python-20260723T020649Z,7084381134317148039,256,162,proof_verify,20380,256,8,measured
python-20260723T020649Z,7084381134317148039,256,162,verify_batch,28529443,256,8,measured
python-20260723T020649Z,7084381134317148039,256,162,merkle_build,223623,256,8,measured
python-20260723T020649Z,7084381134317148039,256,162,signature_admission_batch,30118268,256,8,measured
python-20260723T020649Z,7084381134317148039,256,163,sign_batch,9439169,256,8,measured
python-20260723T020649Z,7084381134317148039,256,163,late_rebuild,481947,256,8,measured
python-20260723T020649Z,7084381134317148039,256,163,proof_verify,21452,256,8,measured
python-20260723T020649Z,7084381134317148039,256,163,verify_batch,28281825,256,8,measured
python-20260723T020649Z,7084381134317148039,256,163,signature_admission_batch,30105198,256,8,measured
python-20260723T020649Z,7084381134317148039,256,163,merkle_build,224444,256,8,measured
python-20260723T020649Z,7084381134317148039,256,164,merkle_build,206016,256,8,measured
python-20260723T020649Z,7084381134317148039,256,164,verify_batch,28503775,256,8,measured
python-20260723T020649Z,7084381134317148039,256,164,late_rebuild,480536,256,8,measured
python-20260723T020649Z,7084381134317148039,256,164,sign_batch,10928225,256,8,measured
python-20260723T020649Z,7084381134317148039,256,164,proof_verify,42554,256,8,measured
python-20260723T020649Z,7084381134317148039,256,164,signature_admission_batch,30131758,256,8,measured
python-20260723T020649Z,7084381134317148039,256,165,proof_verify,21602,256,8,measured
python-20260723T020649Z,7084381134317148039,256,165,late_rebuild,451231,256,8,measured
python-20260723T020649Z,7084381134317148039,256,165,sign_batch,9448893,256,8,measured
python-20260723T020649Z,7084381134317148039,256,165,verify_batch,28668060,256,8,measured
python-20260723T020649Z,7084381134317148039,256,165,signature_admission_batch,30031309,256,8,measured
python-20260723T020649Z,7084381134317148039,256,165,merkle_build,229001,256,8,measured
python-20260723T020649Z,7084381134317148039,256,166,verify_batch,28212161,256,8,measured
python-20260723T020649Z,7084381134317148039,256,166,sign_batch,9387763,256,8,measured
python-20260723T020649Z,7084381134317148039,256,166,proof_verify,32618,256,8,measured
python-20260723T020649Z,7084381134317148039,256,166,merkle_build,252086,256,8,measured
python-20260723T020649Z,7084381134317148039,256,166,signature_admission_batch,29749689,256,8,measured
python-20260723T020649Z,7084381134317148039,256,166,late_rebuild,450601,256,8,measured
python-20260723T020649Z,7084381134317148039,256,167,proof_verify,17636,256,8,measured
python-20260723T020649Z,7084381134317148039,256,167,signature_admission_batch,29781657,256,8,measured
python-20260723T020649Z,7084381134317148039,256,167,late_rebuild,443870,256,8,measured
python-20260723T020649Z,7084381134317148039,256,167,verify_batch,28095157,256,8,measured
python-20260723T020649Z,7084381134317148039,256,167,sign_batch,9438378,256,8,measured
python-20260723T020649Z,7084381134317148039,256,167,merkle_build,219567,256,8,measured
python-20260723T020649Z,7084381134317148039,256,168,signature_admission_batch,29761457,256,8,measured
python-20260723T020649Z,7084381134317148039,256,168,proof_verify,27261,256,8,measured
python-20260723T020649Z,7084381134317148039,256,168,verify_batch,28214916,256,8,measured
python-20260723T020649Z,7084381134317148039,256,168,late_rebuild,459895,256,8,measured
python-20260723T020649Z,7084381134317148039,256,168,sign_batch,9418558,256,8,measured
python-20260723T020649Z,7084381134317148039,256,168,merkle_build,211955,256,8,measured
python-20260723T020649Z,7084381134317148039,256,169,proof_verify,17095,256,8,measured
python-20260723T020649Z,7084381134317148039,256,169,late_rebuild,449660,256,8,measured
python-20260723T020649Z,7084381134317148039,256,169,signature_admission_batch,29797731,256,8,measured
python-20260723T020649Z,7084381134317148039,256,169,sign_batch,9426961,256,8,measured
python-20260723T020649Z,7084381134317148039,256,169,verify_batch,28127825,256,8,measured
python-20260723T020649Z,7084381134317148039,256,169,merkle_build,239697,256,8,measured
python-20260723T020649Z,7084381134317148039,256,170,proof_verify,21702,256,8,measured
python-20260723T020649Z,7084381134317148039,256,170,merkle_build,224965,256,8,measured
python-20260723T020649Z,7084381134317148039,256,170,verify_batch,28343346,256,8,measured
python-20260723T020649Z,7084381134317148039,256,170,sign_batch,9547000,256,8,measured
python-20260723T020649Z,7084381134317148039,256,170,signature_admission_batch,29634107,256,8,measured
python-20260723T020649Z,7084381134317148039,256,170,late_rebuild,470781,256,8,measured
python-20260723T020649Z,7084381134317148039,256,171,proof_verify,20681,256,8,measured
python-20260723T020649Z,7084381134317148039,256,171,signature_admission_batch,29612966,256,8,measured
python-20260723T020649Z,7084381134317148039,256,171,late_rebuild,446715,256,8,measured
python-20260723T020649Z,7084381134317148039,256,171,sign_batch,9542564,256,8,measured
python-20260723T020649Z,7084381134317148039,256,171,verify_batch,28258320,256,8,measured
python-20260723T020649Z,7084381134317148039,256,171,merkle_build,226156,256,8,measured
python-20260723T020649Z,7084381134317148039,256,172,late_rebuild,438663,256,8,measured
python-20260723T020649Z,7084381134317148039,256,172,proof_verify,21352,256,8,measured
python-20260723T020649Z,7084381134317148039,256,172,sign_batch,9410907,256,8,measured
python-20260723T020649Z,7084381134317148039,256,172,verify_batch,28204509,256,8,measured
python-20260723T020649Z,7084381134317148039,256,172,merkle_build,223903,256,8,measured
python-20260723T020649Z,7084381134317148039,256,172,signature_admission_batch,29646326,256,8,measured
python-20260723T020649Z,7084381134317148039,256,173,merkle_build,214479,256,8,measured
python-20260723T020649Z,7084381134317148039,256,173,signature_admission_batch,29875937,256,8,measured
python-20260723T020649Z,7084381134317148039,256,173,late_rebuild,456399,256,8,measured
python-20260723T020649Z,7084381134317148039,256,173,verify_batch,28208145,256,8,measured
python-20260723T020649Z,7084381134317148039,256,173,sign_batch,9373482,256,8,measured
python-20260723T020649Z,7084381134317148039,256,173,proof_verify,29955,256,8,measured
python-20260723T020649Z,7084381134317148039,256,174,signature_admission_batch,29913934,256,8,measured
python-20260723T020649Z,7084381134317148039,256,174,proof_verify,22384,256,8,measured
python-20260723T020649Z,7084381134317148039,256,174,merkle_build,217444,256,8,measured
python-20260723T020649Z,7084381134317148039,256,174,verify_batch,28328744,256,8,measured
python-20260723T020649Z,7084381134317148039,256,174,sign_batch,9402034,256,8,measured
python-20260723T020649Z,7084381134317148039,256,174,late_rebuild,488928,256,8,measured
python-20260723T020649Z,7084381134317148039,256,175,proof_verify,17986,256,8,measured
python-20260723T020649Z,7084381134317148039,256,175,sign_batch,9390017,256,8,measured
python-20260723T020649Z,7084381134317148039,256,175,late_rebuild,437922,256,8,measured
python-20260723T020649Z,7084381134317148039,256,175,merkle_build,206387,256,8,measured
python-20260723T020649Z,7084381134317148039,256,175,verify_batch,28379891,256,8,measured
python-20260723T020649Z,7084381134317148039,256,175,signature_admission_batch,30150926,256,8,measured
python-20260723T020649Z,7084381134317148039,256,176,verify_batch,28441072,256,8,measured
python-20260723T020649Z,7084381134317148039,256,176,signature_admission_batch,29714607,256,8,measured
python-20260723T020649Z,7084381134317148039,256,176,late_rebuild,468918,256,8,measured
python-20260723T020649Z,7084381134317148039,256,176,sign_batch,9404788,256,8,measured
python-20260723T020649Z,7084381134317148039,256,176,merkle_build,213959,256,8,measured
python-20260723T020649Z,7084381134317148039,256,176,proof_verify,23125,256,8,measured
python-20260723T020649Z,7084381134317148039,256,177,late_rebuild,432413,256,8,measured
python-20260723T020649Z,7084381134317148039,256,177,merkle_build,205456,256,8,measured
python-20260723T020649Z,7084381134317148039,256,177,proof_verify,12479,256,8,measured
python-20260723T020649Z,7084381134317148039,256,177,signature_admission_batch,29652555,256,8,measured
python-20260723T020649Z,7084381134317148039,256,177,sign_batch,9480411,256,8,measured
python-20260723T020649Z,7084381134317148039,256,177,verify_batch,28150328,256,8,measured
python-20260723T020649Z,7084381134317148039,256,178,sign_batch,9397797,256,8,measured
python-20260723T020649Z,7084381134317148039,256,178,verify_batch,28659787,256,8,measured
python-20260723T020649Z,7084381134317148039,256,178,late_rebuild,521446,256,8,measured
python-20260723T020649Z,7084381134317148039,256,178,signature_admission_batch,29973853,256,8,measured
python-20260723T020649Z,7084381134317148039,256,178,merkle_build,220168,256,8,measured
python-20260723T020649Z,7084381134317148039,256,178,proof_verify,23635,256,8,measured
python-20260723T020649Z,7084381134317148039,256,179,merkle_build,205506,256,8,measured
python-20260723T020649Z,7084381134317148039,256,179,sign_batch,9463185,256,8,measured
python-20260723T020649Z,7084381134317148039,256,179,late_rebuild,446064,256,8,measured
python-20260723T020649Z,7084381134317148039,256,179,signature_admission_batch,29746765,256,8,measured
python-20260723T020649Z,7084381134317148039,256,179,proof_verify,34561,256,8,measured
python-20260723T020649Z,7084381134317148039,256,179,verify_batch,28245330,256,8,measured
python-20260723T020649Z,7084381134317148039,256,180,proof_verify,25278,256,8,measured
python-20260723T020649Z,7084381134317148039,256,180,merkle_build,219066,256,8,measured
python-20260723T020649Z,7084381134317148039,256,180,signature_admission_batch,29657131,256,8,measured
python-20260723T020649Z,7084381134317148039,256,180,sign_batch,9475073,256,8,measured
python-20260723T020649Z,7084381134317148039,256,180,late_rebuild,453735,256,8,measured
python-20260723T020649Z,7084381134317148039,256,180,verify_batch,28142337,256,8,measured
python-20260723T020649Z,7084381134317148039,256,181,late_rebuild,445353,256,8,measured
python-20260723T020649Z,7084381134317148039,256,181,sign_batch,9373772,256,8,measured
python-20260723T020649Z,7084381134317148039,256,181,signature_admission_batch,29730151,256,8,measured
python-20260723T020649Z,7084381134317148039,256,181,proof_verify,25838,256,8,measured
python-20260723T020649Z,7084381134317148039,256,181,verify_batch,28328044,256,8,measured
python-20260723T020649Z,7084381134317148039,256,181,merkle_build,224144,256,8,measured
python-20260723T020649Z,7084381134317148039,256,182,merkle_build,207018,256,8,measured
python-20260723T020649Z,7084381134317148039,256,182,sign_batch,9376236,256,8,measured
python-20260723T020649Z,7084381134317148039,256,182,signature_admission_batch,29616511,256,8,measured
python-20260723T020649Z,7084381134317148039,256,182,verify_batch,28286292,256,8,measured
python-20260723T020649Z,7084381134317148039,256,182,late_rebuild,461527,256,8,measured
python-20260723T020649Z,7084381134317148039,256,182,proof_verify,21051,256,8,measured
python-20260723T020649Z,7084381134317148039,256,183,sign_batch,9405809,256,8,measured
python-20260723T020649Z,7084381134317148039,256,183,verify_batch,28173334,256,8,measured
python-20260723T020649Z,7084381134317148039,256,183,merkle_build,222611,256,8,measured
python-20260723T020649Z,7084381134317148039,256,183,late_rebuild,437942,256,8,measured
python-20260723T020649Z,7084381134317148039,256,183,proof_verify,17776,256,8,measured
python-20260723T020649Z,7084381134317148039,256,183,signature_admission_batch,29713005,256,8,measured
python-20260723T020649Z,7084381134317148039,256,184,late_rebuild,441567,256,8,measured
python-20260723T020649Z,7084381134317148039,256,184,merkle_build,207048,256,8,measured
python-20260723T020649Z,7084381134317148039,256,184,sign_batch,9441713,256,8,measured
python-20260723T020649Z,7084381134317148039,256,184,proof_verify,21092,256,8,measured
python-20260723T020649Z,7084381134317148039,256,184,verify_batch,28184951,256,8,measured
python-20260723T020649Z,7084381134317148039,256,184,signature_admission_batch,29751292,256,8,measured
python-20260723T020649Z,7084381134317148039,256,185,late_rebuild,450130,256,8,measured
python-20260723T020649Z,7084381134317148039,256,185,proof_verify,19620,256,8,measured
python-20260723T020649Z,7084381134317148039,256,185,verify_batch,28153724,256,8,measured
python-20260723T020649Z,7084381134317148039,256,185,merkle_build,216973,256,8,measured
python-20260723T020649Z,7084381134317148039,256,185,signature_admission_batch,29761878,256,8,measured
python-20260723T020649Z,7084381134317148039,256,185,sign_batch,9437317,256,8,measured
python-20260723T020649Z,7084381134317148039,256,186,late_rebuild,447766,256,8,measured
python-20260723T020649Z,7084381134317148039,256,186,sign_batch,9541812,256,8,measured
python-20260723T020649Z,7084381134317148039,256,186,verify_batch,28232581,256,8,measured
python-20260723T020649Z,7084381134317148039,256,186,merkle_build,224073,256,8,measured
python-20260723T020649Z,7084381134317148039,256,186,proof_verify,38818,256,8,measured
python-20260723T020649Z,7084381134317148039,256,186,signature_admission_batch,29610992,256,8,measured
python-20260723T020649Z,7084381134317148039,256,187,late_rebuild,446305,256,8,measured
python-20260723T020649Z,7084381134317148039,256,187,merkle_build,204545,256,8,measured
python-20260723T020649Z,7084381134317148039,256,187,verify_batch,28150018,256,8,measured
python-20260723T020649Z,7084381134317148039,256,187,signature_admission_batch,29784271,256,8,measured
python-20260723T020649Z,7084381134317148039,256,187,sign_batch,9367542,256,8,measured
python-20260723T020649Z,7084381134317148039,256,187,proof_verify,28041,256,8,measured
python-20260723T020649Z,7084381134317148039,256,188,sign_batch,9370157,256,8,measured
python-20260723T020649Z,7084381134317148039,256,188,late_rebuild,483880,256,8,measured
python-20260723T020649Z,7084381134317148039,256,188,signature_admission_batch,29688468,256,8,measured
python-20260723T020649Z,7084381134317148039,256,188,merkle_build,215401,256,8,measured
python-20260723T020649Z,7084381134317148039,256,188,verify_batch,28163748,256,8,measured
python-20260723T020649Z,7084381134317148039,256,188,proof_verify,27150,256,8,measured
python-20260723T020649Z,7084381134317148039,256,189,proof_verify,11757,256,8,measured
python-20260723T020649Z,7084381134317148039,256,189,signature_admission_batch,29714567,256,8,measured
python-20260723T020649Z,7084381134317148039,256,189,merkle_build,222671,256,8,measured
python-20260723T020649Z,7084381134317148039,256,189,verify_batch,28524716,256,8,measured
python-20260723T020649Z,7084381134317148039,256,189,sign_batch,9376696,256,8,measured
python-20260723T020649Z,7084381134317148039,256,189,late_rebuild,459374,256,8,measured
python-20260723T020649Z,7084381134317148039,256,190,proof_verify,21001,256,8,measured
python-20260723T020649Z,7084381134317148039,256,190,late_rebuild,429239,256,8,measured
python-20260723T020649Z,7084381134317148039,256,190,signature_admission_batch,29949506,256,8,measured
python-20260723T020649Z,7084381134317148039,256,190,merkle_build,214750,256,8,measured
python-20260723T020649Z,7084381134317148039,256,190,sign_batch,9802410,256,8,measured
python-20260723T020649Z,7084381134317148039,256,190,verify_batch,28401683,256,8,measured
python-20260723T020649Z,7084381134317148039,256,191,proof_verify,30876,256,8,measured
python-20260723T020649Z,7084381134317148039,256,191,sign_batch,9395324,256,8,measured
python-20260723T020649Z,7084381134317148039,256,191,merkle_build,216362,256,8,measured
python-20260723T020649Z,7084381134317148039,256,191,signature_admission_batch,29840404,256,8,measured
python-20260723T020649Z,7084381134317148039,256,191,late_rebuild,466404,256,8,measured
python-20260723T020649Z,7084381134317148039,256,191,verify_batch,28150649,256,8,measured
python-20260723T020649Z,7084381134317148039,256,192,signature_admission_batch,29742278,256,8,measured
python-20260723T020649Z,7084381134317148039,256,192,merkle_build,220719,256,8,measured
python-20260723T020649Z,7084381134317148039,256,192,proof_verify,23676,256,8,measured
python-20260723T020649Z,7084381134317148039,256,192,sign_batch,9453741,256,8,measured
python-20260723T020649Z,7084381134317148039,256,192,verify_batch,28212061,256,8,measured
python-20260723T020649Z,7084381134317148039,256,192,late_rebuild,472574,256,8,measured
python-20260723T020649Z,7084381134317148039,256,193,proof_verify,17937,256,8,measured
python-20260723T020649Z,7084381134317148039,256,193,late_rebuild,431272,256,8,measured
python-20260723T020649Z,7084381134317148039,256,193,signature_admission_batch,30294471,256,8,measured
python-20260723T020649Z,7084381134317148039,256,193,sign_batch,9453020,256,8,measured
python-20260723T020649Z,7084381134317148039,256,193,merkle_build,220488,256,8,measured
python-20260723T020649Z,7084381134317148039,256,193,verify_batch,28450125,256,8,measured
python-20260723T020649Z,7084381134317148039,256,194,late_rebuild,482218,256,8,measured
python-20260723T020649Z,7084381134317148039,256,194,signature_admission_batch,29817571,256,8,measured
python-20260723T020649Z,7084381134317148039,256,194,proof_verify,30075,256,8,measured
python-20260723T020649Z,7084381134317148039,256,194,sign_batch,9393151,256,8,measured
python-20260723T020649Z,7084381134317148039,256,194,verify_batch,28199683,256,8,measured
python-20260723T020649Z,7084381134317148039,256,194,merkle_build,251565,256,8,measured
python-20260723T020649Z,7084381134317148039,256,195,sign_batch,9451718,256,8,measured
python-20260723T020649Z,7084381134317148039,256,195,signature_admission_batch,29669450,256,8,measured
python-20260723T020649Z,7084381134317148039,256,195,merkle_build,218385,256,8,measured
python-20260723T020649Z,7084381134317148039,256,195,verify_batch,28138241,256,8,measured
python-20260723T020649Z,7084381134317148039,256,195,late_rebuild,485783,256,8,measured
python-20260723T020649Z,7084381134317148039,256,195,proof_verify,24366,256,8,measured
python-20260723T020649Z,7084381134317148039,256,196,signature_admission_batch,29663201,256,8,measured
python-20260723T020649Z,7084381134317148039,256,196,merkle_build,215120,256,8,measured
python-20260723T020649Z,7084381134317148039,256,196,sign_batch,9402515,256,8,measured
python-20260723T020649Z,7084381134317148039,256,196,verify_batch,28252931,256,8,measured
python-20260723T020649Z,7084381134317148039,256,196,proof_verify,31166,256,8,measured
python-20260723T020649Z,7084381134317148039,256,196,late_rebuild,473114,256,8,measured
python-20260723T020649Z,7084381134317148039,256,197,merkle_build,206938,256,8,measured
python-20260723T020649Z,7084381134317148039,256,197,late_rebuild,428738,256,8,measured
python-20260723T020649Z,7084381134317148039,256,197,signature_admission_batch,29676039,256,8,measured
python-20260723T020649Z,7084381134317148039,256,197,proof_verify,19168,256,8,measured
python-20260723T020649Z,7084381134317148039,256,197,verify_batch,28191540,256,8,measured
python-20260723T020649Z,7084381134317148039,256,197,sign_batch,9425699,256,8,measured
python-20260723T020649Z,7084381134317148039,256,198,merkle_build,221240,256,8,measured
python-20260723T020649Z,7084381134317148039,256,198,proof_verify,17687,256,8,measured
python-20260723T020649Z,7084381134317148039,256,198,late_rebuild,443430,256,8,measured
python-20260723T020649Z,7084381134317148039,256,198,signature_admission_batch,29688267,256,8,measured
python-20260723T020649Z,7084381134317148039,256,198,sign_batch,9378909,256,8,measured
python-20260723T020649Z,7084381134317148039,256,198,verify_batch,28217389,256,8,measured
python-20260723T020649Z,7084381134317148039,256,199,verify_batch,28225471,256,8,measured
python-20260723T020649Z,7084381134317148039,256,199,merkle_build,230994,256,8,measured
python-20260723T020649Z,7084381134317148039,256,199,proof_verify,22674,256,8,measured
python-20260723T020649Z,7084381134317148039,256,199,signature_admission_batch,29685133,256,8,measured
python-20260723T020649Z,7084381134317148039,256,199,late_rebuild,464882,256,8,measured
python-20260723T020649Z,7084381134317148039,256,199,sign_batch,9388945,256,8,measured
python-20260723T020649Z,14142335702630728939,1024,0,proof_verify,30024,1024,32,measured
python-20260723T020649Z,14142335702630728939,1024,0,signature_admission_batch,118988072,1024,32,measured
python-20260723T020649Z,14142335702630728939,1024,0,late_rebuild,1690676,1024,32,measured
python-20260723T020649Z,14142335702630728939,1024,0,merkle_build,822834,1024,32,measured
python-20260723T020649Z,14142335702630728939,1024,0,sign_batch,37546264,1024,32,measured
python-20260723T020649Z,14142335702630728939,1024,0,verify_batch,113137904,1024,32,measured
python-20260723T020649Z,14142335702630728939,1024,1,merkle_build,872238,1024,32,measured
python-20260723T020649Z,14142335702630728939,1024,1,proof_verify,28752,1024,32,measured
python-20260723T020649Z,14142335702630728939,1024,1,signature_admission_batch,119007991,1024,32,measured
python-20260723T020649Z,14142335702630728939,1024,1,verify_batch,112732471,1024,32,measured
python-20260723T020649Z,14142335702630728939,1024,1,late_rebuild,1776624,1024,32,measured
python-20260723T020649Z,14142335702630728939,1024,1,sign_batch,37521707,1024,32,measured
python-20260723T020649Z,14142335702630728939,1024,2,merkle_build,842033,1024,32,measured
python-20260723T020649Z,14142335702630728939,1024,2,late_rebuild,1704436,1024,32,measured
python-20260723T020649Z,14142335702630728939,1024,2,sign_batch,37726402,1024,32,measured
python-20260723T020649Z,14142335702630728939,1024,2,signature_admission_batch,119556287,1024,32,measured
python-20260723T020649Z,14142335702630728939,1024,2,proof_verify,36875,1024,32,measured
python-20260723T020649Z,14142335702630728939,1024,2,verify_batch,113694292,1024,32,measured
python-20260723T020649Z,14142335702630728939,1024,3,proof_verify,47020,1024,32,measured
python-20260723T020649Z,14142335702630728939,1024,3,signature_admission_batch,119275460,1024,32,measured
python-20260723T020649Z,14142335702630728939,1024,3,verify_batch,112609457,1024,32,measured
python-20260723T020649Z,14142335702630728939,1024,3,merkle_build,864567,1024,32,measured
python-20260723T020649Z,14142335702630728939,1024,3,late_rebuild,1679420,1024,32,measured
python-20260723T020649Z,14142335702630728939,1024,3,sign_batch,37616158,1024,32,measured
python-20260723T020649Z,14142335702630728939,1024,4,signature_admission_batch,119082542,1024,32,measured
python-20260723T020649Z,14142335702630728939,1024,4,late_rebuild,1739359,1024,32,measured
python-20260723T020649Z,14142335702630728939,1024,4,proof_verify,28322,1024,32,measured
python-20260723T020649Z,14142335702630728939,1024,4,sign_batch,37651841,1024,32,measured
python-20260723T020649Z,14142335702630728939,1024,4,merkle_build,842444,1024,32,measured
python-20260723T020649Z,14142335702630728939,1024,4,verify_batch,113247477,1024,32,measured
python-20260723T020649Z,14142335702630728939,1024,5,merkle_build,843856,1024,32,measured
python-20260723T020649Z,14142335702630728939,1024,5,signature_admission_batch,118798880,1024,32,measured
python-20260723T020649Z,14142335702630728939,1024,5,sign_batch,37684440,1024,32,measured
python-20260723T020649Z,14142335702630728939,1024,5,proof_verify,42012,1024,32,measured
python-20260723T020649Z,14142335702630728939,1024,5,verify_batch,113359574,1024,32,measured
python-20260723T020649Z,14142335702630728939,1024,5,late_rebuild,1762323,1024,32,measured
python-20260723T020649Z,14142335702630728939,1024,6,late_rebuild,1668263,1024,32,measured
python-20260723T020649Z,14142335702630728939,1024,6,sign_batch,37909815,1024,32,measured
python-20260723T020649Z,14142335702630728939,1024,6,signature_admission_batch,119954500,1024,32,measured
python-20260723T020649Z,14142335702630728939,1024,6,merkle_build,825879,1024,32,measured
python-20260723T020649Z,14142335702630728939,1024,6,proof_verify,29394,1024,32,measured
python-20260723T020649Z,14142335702630728939,1024,6,verify_batch,112483621,1024,32,measured
python-20260723T020649Z,14142335702630728939,1024,7,merkle_build,834993,1024,32,measured
python-20260723T020649Z,14142335702630728939,1024,7,sign_batch,39033297,1024,32,measured
python-20260723T020649Z,14142335702630728939,1024,7,late_rebuild,1746049,1024,32,measured
python-20260723T020649Z,14142335702630728939,1024,7,signature_admission_batch,119245975,1024,32,measured
python-20260723T020649Z,14142335702630728939,1024,7,proof_verify,38237,1024,32,measured
python-20260723T020649Z,14142335702630728939,1024,7,verify_batch,113800781,1024,32,measured
python-20260723T020649Z,14142335702630728939,1024,8,proof_verify,46549,1024,32,measured
python-20260723T020649Z,14142335702630728939,1024,8,verify_batch,113788983,1024,32,measured
python-20260723T020649Z,14142335702630728939,1024,8,merkle_build,893780,1024,32,measured
python-20260723T020649Z,14142335702630728939,1024,8,signature_admission_batch,121112073,1024,32,measured
python-20260723T020649Z,14142335702630728939,1024,8,late_rebuild,1701903,1024,32,measured
python-20260723T020649Z,14142335702630728939,1024,8,sign_batch,37881593,1024,32,measured
python-20260723T020649Z,14142335702630728939,1024,9,proof_verify,44596,1024,32,measured
python-20260723T020649Z,14142335702630728939,1024,9,sign_batch,37959779,1024,32,measured
python-20260723T020649Z,14142335702630728939,1024,9,signature_admission_batch,119486814,1024,32,measured
python-20260723T020649Z,14142335702630728939,1024,9,merkle_build,857796,1024,32,measured
python-20260723T020649Z,14142335702630728939,1024,9,verify_batch,114996651,1024,32,measured
python-20260723T020649Z,14142335702630728939,1024,9,late_rebuild,1739569,1024,32,measured
python-20260723T020649Z,14142335702630728939,1024,10,proof_verify,28893,1024,32,measured
python-20260723T020649Z,14142335702630728939,1024,10,late_rebuild,1758678,1024,32,measured
python-20260723T020649Z,14142335702630728939,1024,10,sign_batch,38300616,1024,32,measured
python-20260723T020649Z,14142335702630728939,1024,10,merkle_build,859780,1024,32,measured
python-20260723T020649Z,14142335702630728939,1024,10,signature_admission_batch,119854372,1024,32,measured
python-20260723T020649Z,14142335702630728939,1024,10,verify_batch,113370620,1024,32,measured
python-20260723T020649Z,14142335702630728939,1024,11,signature_admission_batch,119703576,1024,32,measured
python-20260723T020649Z,14142335702630728939,1024,11,proof_verify,35683,1024,32,measured
python-20260723T020649Z,14142335702630728939,1024,11,sign_batch,37789906,1024,32,measured
python-20260723T020649Z,14142335702630728939,1024,11,late_rebuild,1738568,1024,32,measured
python-20260723T020649Z,14142335702630728939,1024,11,verify_batch,115012805,1024,32,measured
python-20260723T020649Z,14142335702630728939,1024,11,merkle_build,911937,1024,32,measured
python-20260723T020649Z,14142335702630728939,1024,12,proof_verify,29904,1024,32,measured
python-20260723T020649Z,14142335702630728939,1024,12,late_rebuild,1687061,1024,32,measured
python-20260723T020649Z,14142335702630728939,1024,12,merkle_build,831438,1024,32,measured
python-20260723T020649Z,14142335702630728939,1024,12,sign_batch,37961532,1024,32,measured
python-20260723T020649Z,14142335702630728939,1024,12,verify_batch,113735123,1024,32,measured
python-20260723T020649Z,14142335702630728939,1024,12,signature_admission_batch,119852408,1024,32,measured
python-20260723T020649Z,14142335702630728939,1024,13,late_rebuild,1824866,1024,32,measured
python-20260723T020649Z,14142335702630728939,1024,13,proof_verify,28011,1024,32,measured
python-20260723T020649Z,14142335702630728939,1024,13,verify_batch,113352283,1024,32,measured
python-20260723T020649Z,14142335702630728939,1024,13,merkle_build,867681,1024,32,measured
python-20260723T020649Z,14142335702630728939,1024,13,signature_admission_batch,120210931,1024,32,measured
python-20260723T020649Z,14142335702630728939,1024,13,sign_batch,38347846,1024,32,measured
python-20260723T020649Z,14142335702630728939,1024,14,signature_admission_batch,119751402,1024,32,measured
python-20260723T020649Z,14142335702630728939,1024,14,late_rebuild,1725118,1024,32,measured
python-20260723T020649Z,14142335702630728939,1024,14,verify_batch,112730608,1024,32,measured
python-20260723T020649Z,14142335702630728939,1024,14,proof_verify,59538,1024,32,measured
python-20260723T020649Z,14142335702630728939,1024,14,sign_batch,37691379,1024,32,measured
python-20260723T020649Z,14142335702630728939,1024,14,merkle_build,834733,1024,32,measured
python-20260723T020649Z,14142335702630728939,1024,15,sign_batch,38332664,1024,32,measured
python-20260723T020649Z,14142335702630728939,1024,15,verify_batch,114267685,1024,32,measured
python-20260723T020649Z,14142335702630728939,1024,15,merkle_build,852159,1024,32,measured
python-20260723T020649Z,14142335702630728939,1024,15,signature_admission_batch,119108231,1024,32,measured
python-20260723T020649Z,14142335702630728939,1024,15,late_rebuild,1733159,1024,32,measured
python-20260723T020649Z,14142335702630728939,1024,15,proof_verify,30296,1024,32,measured
python-20260723T020649Z,14142335702630728939,1024,16,merkle_build,814893,1024,32,measured
python-20260723T020649Z,14142335702630728939,1024,16,verify_batch,113712285,1024,32,measured
python-20260723T020649Z,14142335702630728939,1024,16,proof_verify,48793,1024,32,measured
python-20260723T020649Z,14142335702630728939,1024,16,signature_admission_batch,119419133,1024,32,measured
python-20260723T020649Z,14142335702630728939,1024,16,sign_batch,37825379,1024,32,measured
python-20260723T020649Z,14142335702630728939,1024,16,late_rebuild,1699479,1024,32,measured
python-20260723T020649Z,14142335702630728939,1024,17,late_rebuild,1684968,1024,32,measured
python-20260723T020649Z,14142335702630728939,1024,17,sign_batch,37793221,1024,32,measured
python-20260723T020649Z,14142335702630728939,1024,17,proof_verify,39669,1024,32,measured
python-20260723T020649Z,14142335702630728939,1024,17,signature_admission_batch,119078486,1024,32,measured
python-20260723T020649Z,14142335702630728939,1024,17,merkle_build,824737,1024,32,measured
python-20260723T020649Z,14142335702630728939,1024,17,verify_batch,113472793,1024,32,measured
python-20260723T020649Z,14142335702630728939,1024,18,verify_batch,113312754,1024,32,measured
python-20260723T020649Z,14142335702630728939,1024,18,merkle_build,844086,1024,32,measured
python-20260723T020649Z,14142335702630728939,1024,18,signature_admission_batch,119412764,1024,32,measured
python-20260723T020649Z,14142335702630728939,1024,18,sign_batch,37868072,1024,32,measured
python-20260723T020649Z,14142335702630728939,1024,18,proof_verify,42783,1024,32,measured
python-20260723T020649Z,14142335702630728939,1024,18,late_rebuild,1723155,1024,32,measured
python-20260723T020649Z,14142335702630728939,1024,19,signature_admission_batch,121382926,1024,32,measured
python-20260723T020649Z,14142335702630728939,1024,19,sign_batch,37910295,1024,32,measured
python-20260723T020649Z,14142335702630728939,1024,19,merkle_build,903875,1024,32,measured
python-20260723T020649Z,14142335702630728939,1024,19,proof_verify,33480,1024,32,measured
python-20260723T020649Z,14142335702630728939,1024,19,verify_batch,115461363,1024,32,measured
python-20260723T020649Z,14142335702630728939,1024,19,late_rebuild,1856403,1024,32,measured
python-20260723T020649Z,14142335702630728939,1024,20,sign_batch,39243520,1024,32,measured
python-20260723T020649Z,14142335702630728939,1024,20,verify_batch,122269095,1024,32,measured
python-20260723T020649Z,14142335702630728939,1024,20,proof_verify,63424,1024,32,measured
python-20260723T020649Z,14142335702630728939,1024,20,late_rebuild,2483136,1024,32,measured
python-20260723T020649Z,14142335702630728939,1024,20,signature_admission_batch,132509877,1024,32,measured
python-20260723T020649Z,14142335702630728939,1024,20,merkle_build,1320365,1024,32,measured
python-20260723T020649Z,14142335702630728939,1024,21,signature_admission_batch,128322395,1024,32,measured
python-20260723T020649Z,14142335702630728939,1024,21,proof_verify,40360,1024,32,measured
python-20260723T020649Z,14142335702630728939,1024,21,merkle_build,839780,1024,32,measured
python-20260723T020649Z,14142335702630728939,1024,21,verify_batch,120220466,1024,32,measured
python-20260723T020649Z,14142335702630728939,1024,21,sign_batch,45213085,1024,32,measured
python-20260723T020649Z,14142335702630728939,1024,21,late_rebuild,2012165,1024,32,measured
python-20260723T020649Z,14142335702630728939,1024,22,proof_verify,30466,1024,32,measured
python-20260723T020649Z,14142335702630728939,1024,22,signature_admission_batch,133085444,1024,32,measured
python-20260723T020649Z,14142335702630728939,1024,22,verify_batch,127387203,1024,32,measured
python-20260723T020649Z,14142335702630728939,1024,22,sign_batch,45033518,1024,32,measured
python-20260723T020649Z,14142335702630728939,1024,22,merkle_build,875873,1024,32,measured
python-20260723T020649Z,14142335702630728939,1024,22,late_rebuild,1726129,1024,32,measured
python-20260723T020649Z,14142335702630728939,1024,23,merkle_build,815885,1024,32,measured
python-20260723T020649Z,14142335702630728939,1024,23,late_rebuild,1695083,1024,32,measured
python-20260723T020649Z,14142335702630728939,1024,23,sign_batch,38350982,1024,32,measured
python-20260723T020649Z,14142335702630728939,1024,23,signature_admission_batch,127137622,1024,32,measured
python-20260723T020649Z,14142335702630728939,1024,23,verify_batch,117130937,1024,32,measured
python-20260723T020649Z,14142335702630728939,1024,23,proof_verify,66960,1024,32,measured
python-20260723T020649Z,14142335702630728939,1024,24,merkle_build,1182670,1024,32,measured
python-20260723T020649Z,14142335702630728939,1024,24,late_rebuild,2373743,1024,32,measured
python-20260723T020649Z,14142335702630728939,1024,24,signature_admission_batch,134020336,1024,32,measured
python-20260723T020649Z,14142335702630728939,1024,24,proof_verify,37235,1024,32,measured
python-20260723T020649Z,14142335702630728939,1024,24,sign_batch,39236800,1024,32,measured
python-20260723T020649Z,14142335702630728939,1024,24,verify_batch,127343197,1024,32,measured
python-20260723T020649Z,14142335702630728939,1024,25,verify_batch,132269710,1024,32,measured
python-20260723T020649Z,14142335702630728939,1024,25,late_rebuild,1882833,1024,32,measured
python-20260723T020649Z,14142335702630728939,1024,25,proof_verify,30556,1024,32,measured
python-20260723T020649Z,14142335702630728939,1024,25,merkle_build,813391,1024,32,measured
python-20260723T020649Z,14142335702630728939,1024,25,sign_batch,41686035,1024,32,measured
python-20260723T020649Z,14142335702630728939,1024,25,signature_admission_batch,137209452,1024,32,measured
python-20260723T020649Z,14142335702630728939,1024,26,verify_batch,126847299,1024,32,measured
python-20260723T020649Z,14142335702630728939,1024,26,proof_verify,52107,1024,32,measured
python-20260723T020649Z,14142335702630728939,1024,26,sign_batch,39306413,1024,32,measured
python-20260723T020649Z,14142335702630728939,1024,26,signature_admission_batch,133853088,1024,32,measured
python-20260723T020649Z,14142335702630728939,1024,26,merkle_build,836625,1024,32,measured
python-20260723T020649Z,14142335702630728939,1024,26,late_rebuild,1713160,1024,32,measured
python-20260723T020649Z,14142335702630728939,1024,27,sign_batch,39534463,1024,32,measured
python-20260723T020649Z,14142335702630728939,1024,27,signature_admission_batch,128678885,1024,32,measured
python-20260723T020649Z,14142335702630728939,1024,27,late_rebuild,2244972,1024,32,measured
python-20260723T020649Z,14142335702630728939,1024,27,merkle_build,849996,1024,32,measured
python-20260723T020649Z,14142335702630728939,1024,27,verify_batch,123187683,1024,32,measured
python-20260723T020649Z,14142335702630728939,1024,27,proof_verify,52468,1024,32,measured
python-20260723T020649Z,14142335702630728939,1024,28,proof_verify,15934,1024,32,measured
python-20260723T020649Z,14142335702630728939,1024,28,sign_batch,41021166,1024,32,measured
python-20260723T020649Z,14142335702630728939,1024,28,late_rebuild,2330869,1024,32,measured
python-20260723T020649Z,14142335702630728939,1024,28,merkle_build,913961,1024,32,measured
python-20260723T020649Z,14142335702630728939,1024,28,signature_admission_batch,134141195,1024,32,measured
python-20260723T020649Z,14142335702630728939,1024,28,verify_batch,117535730,1024,32,measured
python-20260723T020649Z,14142335702630728939,1024,29,verify_batch,129106292,1024,32,measured
python-20260723T020649Z,14142335702630728939,1024,29,merkle_build,1332123,1024,32,measured
python-20260723T020649Z,14142335702630728939,1024,29,signature_admission_batch,130630720,1024,32,measured
python-20260723T020649Z,14142335702630728939,1024,29,late_rebuild,2626519,1024,32,measured
python-20260723T020649Z,14142335702630728939,1024,29,proof_verify,41452,1024,32,measured
python-20260723T020649Z,14142335702630728939,1024,29,sign_batch,43855414,1024,32,measured
python-20260723T020649Z,14142335702630728939,1024,30,late_rebuild,1741222,1024,32,measured
python-20260723T020649Z,14142335702630728939,1024,30,verify_batch,125232155,1024,32,measured
python-20260723T020649Z,14142335702630728939,1024,30,proof_verify,63575,1024,32,measured
python-20260723T020649Z,14142335702630728939,1024,30,signature_admission_batch,137870281,1024,32,measured
python-20260723T020649Z,14142335702630728939,1024,30,merkle_build,1125675,1024,32,measured
python-20260723T020649Z,14142335702630728939,1024,30,sign_batch,42767605,1024,32,measured
python-20260723T020649Z,14142335702630728939,1024,31,verify_batch,125977725,1024,32,measured
python-20260723T020649Z,14142335702630728939,1024,31,sign_batch,43773733,1024,32,measured
python-20260723T020649Z,14142335702630728939,1024,31,merkle_build,873690,1024,32,measured
python-20260723T020649Z,14142335702630728939,1024,31,signature_admission_batch,131123273,1024,32,measured
python-20260723T020649Z,14142335702630728939,1024,31,proof_verify,89463,1024,32,measured
python-20260723T020649Z,14142335702630728939,1024,31,late_rebuild,2132033,1024,32,measured
python-20260723T020649Z,14142335702630728939,1024,32,sign_batch,41094966,1024,32,measured
python-20260723T020649Z,14142335702630728939,1024,32,signature_admission_batch,126633181,1024,32,measured
python-20260723T020649Z,14142335702630728939,1024,32,merkle_build,840241,1024,32,measured
python-20260723T020649Z,14142335702630728939,1024,32,late_rebuild,2038424,1024,32,measured
python-20260723T020649Z,14142335702630728939,1024,32,proof_verify,39799,1024,32,measured
python-20260723T020649Z,14142335702630728939,1024,32,verify_batch,125691139,1024,32,measured
python-20260723T020649Z,14142335702630728939,1024,33,proof_verify,49364,1024,32,measured
python-20260723T020649Z,14142335702630728939,1024,33,late_rebuild,1830374,1024,32,measured
python-20260723T020649Z,14142335702630728939,1024,33,verify_batch,120282678,1024,32,measured
python-20260723T020649Z,14142335702630728939,1024,33,sign_batch,41940053,1024,32,measured
python-20260723T020649Z,14142335702630728939,1024,33,signature_admission_batch,134825254,1024,32,measured
python-20260723T020649Z,14142335702630728939,1024,33,merkle_build,1035301,1024,32,measured
python-20260723T020649Z,14142335702630728939,1024,34,proof_verify,39779,1024,32,measured
python-20260723T020649Z,14142335702630728939,1024,34,merkle_build,924486,1024,32,measured
python-20260723T020649Z,14142335702630728939,1024,34,verify_batch,125134139,1024,32,measured
python-20260723T020649Z,14142335702630728939,1024,34,sign_batch,40671956,1024,32,measured
python-20260723T020649Z,14142335702630728939,1024,34,signature_admission_batch,124827743,1024,32,measured
python-20260723T020649Z,14142335702630728939,1024,34,late_rebuild,1750986,1024,32,measured
python-20260723T020649Z,14142335702630728939,1024,35,sign_batch,37955844,1024,32,measured
python-20260723T020649Z,14142335702630728939,1024,35,late_rebuild,1740700,1024,32,measured
python-20260723T020649Z,14142335702630728939,1024,35,proof_verify,30325,1024,32,measured
python-20260723T020649Z,14142335702630728939,1024,35,signature_admission_batch,135058020,1024,32,measured
python-20260723T020649Z,14142335702630728939,1024,35,merkle_build,1126607,1024,32,measured
python-20260723T020649Z,14142335702630728939,1024,35,verify_batch,130806767,1024,32,measured
python-20260723T020649Z,14142335702630728939,1024,36,verify_batch,122791022,1024,32,measured
python-20260723T020649Z,14142335702630728939,1024,36,sign_batch,43219127,1024,32,measured
python-20260723T020649Z,14142335702630728939,1024,36,signature_admission_batch,131388970,1024,32,measured
python-20260723T020649Z,14142335702630728939,1024,36,proof_verify,39068,1024,32,measured
python-20260723T020649Z,14142335702630728939,1024,36,merkle_build,1166426,1024,32,measured
python-20260723T020649Z,14142335702630728939,1024,36,late_rebuild,2160596,1024,32,measured
python-20260723T020649Z,14142335702630728939,1024,37,signature_admission_batch,128236707,1024,32,measured
python-20260723T020649Z,14142335702630728939,1024,37,sign_batch,41851622,1024,32,measured
python-20260723T020649Z,14142335702630728939,1024,37,verify_batch,126921946,1024,32,measured
python-20260723T020649Z,14142335702630728939,1024,37,proof_verify,63104,1024,32,measured
python-20260723T020649Z,14142335702630728939,1024,37,late_rebuild,2049310,1024,32,measured
python-20260723T020649Z,14142335702630728939,1024,37,merkle_build,897115,1024,32,measured
python-20260723T020649Z,14142335702630728939,1024,38,sign_batch,49433717,1024,32,measured
python-20260723T020649Z,14142335702630728939,1024,38,verify_batch,126691107,1024,32,measured
python-20260723T020649Z,14142335702630728939,1024,38,proof_verify,60400,1024,32,measured
python-20260723T020649Z,14142335702630728939,1024,38,late_rebuild,2182478,1024,32,measured
python-20260723T020649Z,14142335702630728939,1024,38,signature_admission_batch,129694087,1024,32,measured
python-20260723T020649Z,14142335702630728939,1024,38,merkle_build,876325,1024,32,measured
python-20260723T020649Z,14142335702630728939,1024,39,merkle_build,810667,1024,32,measured
python-20260723T020649Z,14142335702630728939,1024,39,verify_batch,130119349,1024,32,measured
python-20260723T020649Z,14142335702630728939,1024,39,signature_admission_batch,129783980,1024,32,measured
python-20260723T020649Z,14142335702630728939,1024,39,sign_batch,40574470,1024,32,measured
python-20260723T020649Z,14142335702630728939,1024,39,proof_verify,60160,1024,32,measured
python-20260723T020649Z,14142335702630728939,1024,39,late_rebuild,2299052,1024,32,measured
python-20260723T020649Z,14142335702630728939,1024,40,merkle_build,1216451,1024,32,measured
python-20260723T020649Z,14142335702630728939,1024,40,verify_batch,125146077,1024,32,measured
python-20260723T020649Z,14142335702630728939,1024,40,late_rebuild,1833960,1024,32,measured
python-20260723T020649Z,14142335702630728939,1024,40,signature_admission_batch,134545657,1024,32,measured
python-20260723T020649Z,14142335702630728939,1024,40,sign_batch,43695916,1024,32,measured
python-20260723T020649Z,14142335702630728939,1024,40,proof_verify,51497,1024,32,measured
python-20260723T020649Z,14142335702630728939,1024,41,late_rebuild,2231312,1024,32,measured
python-20260723T020649Z,14142335702630728939,1024,41,proof_verify,21382,1024,32,measured
python-20260723T020649Z,14142335702630728939,1024,41,merkle_build,826610,1024,32,measured
python-20260723T020649Z,14142335702630728939,1024,41,sign_batch,44489078,1024,32,measured
python-20260723T020649Z,14142335702630728939,1024,41,signature_admission_batch,125683777,1024,32,measured
python-20260723T020649Z,14142335702630728939,1024,41,verify_batch,126223080,1024,32,measured
python-20260723T020649Z,14142335702630728939,1024,42,sign_batch,41776811,1024,32,measured
python-20260723T020649Z,14142335702630728939,1024,42,merkle_build,1239195,1024,32,measured
python-20260723T020649Z,14142335702630728939,1024,42,signature_admission_batch,129041164,1024,32,measured
python-20260723T020649Z,14142335702630728939,1024,42,proof_verify,37436,1024,32,measured
python-20260723T020649Z,14142335702630728939,1024,42,verify_batch,113163041,1024,32,measured
python-20260723T020649Z,14142335702630728939,1024,42,late_rebuild,1757766,1024,32,measured
python-20260723T020649Z,14142335702630728939,1024,43,sign_batch,37630820,1024,32,measured
python-20260723T020649Z,14142335702630728939,1024,43,late_rebuild,2210620,1024,32,measured
python-20260723T020649Z,14142335702630728939,1024,43,merkle_build,1237842,1024,32,measured
python-20260723T020649Z,14142335702630728939,1024,43,verify_batch,116577283,1024,32,measured
python-20260723T020649Z,14142335702630728939,1024,43,signature_admission_batch,120682484,1024,32,measured
python-20260723T020649Z,14142335702630728939,1024,43,proof_verify,36884,1024,32,measured
python-20260723T020649Z,14142335702630728939,1024,44,late_rebuild,1699470,1024,32,measured
python-20260723T020649Z,14142335702630728939,1024,44,verify_batch,117283234,1024,32,measured
python-20260723T020649Z,14142335702630728939,1024,44,proof_verify,52328,1024,32,measured
python-20260723T020649Z,14142335702630728939,1024,44,signature_admission_batch,119829474,1024,32,measured
python-20260723T020649Z,14142335702630728939,1024,44,sign_batch,37975462,1024,32,measured
python-20260723T020649Z,14142335702630728939,1024,44,merkle_build,855864,1024,32,measured
python-20260723T020649Z,14142335702630728939,1024,45,sign_batch,37565071,1024,32,measured
python-20260723T020649Z,14142335702630728939,1024,45,verify_batch,112535537,1024,32,measured
python-20260723T020649Z,14142335702630728939,1024,45,proof_verify,44226,1024,32,measured
python-20260723T020649Z,14142335702630728939,1024,45,late_rebuild,1727461,1024,32,measured
python-20260723T020649Z,14142335702630728939,1024,45,signature_admission_batch,118617830,1024,32,measured
python-20260723T020649Z,14142335702630728939,1024,45,merkle_build,834091,1024,32,measured
python-20260723T020649Z,14142335702630728939,1024,46,signature_admission_batch,118756486,1024,32,measured
python-20260723T020649Z,14142335702630728939,1024,46,merkle_build,850797,1024,32,measured
python-20260723T020649Z,14142335702630728939,1024,46,late_rebuild,1679770,1024,32,measured
python-20260723T020649Z,14142335702630728939,1024,46,sign_batch,37599263,1024,32,measured
python-20260723T020649Z,14142335702630728939,1024,46,proof_verify,38017,1024,32,measured
python-20260723T020649Z,14142335702630728939,1024,46,verify_batch,112537190,1024,32,measured
python-20260723T020649Z,14142335702630728939,1024,47,merkle_build,836344,1024,32,measured
python-20260723T020649Z,14142335702630728939,1024,47,late_rebuild,1701943,1024,32,measured
python-20260723T020649Z,14142335702630728939,1024,47,sign_batch,38194458,1024,32,measured
python-20260723T020649Z,14142335702630728939,1024,47,signature_admission_batch,119741613,1024,32,measured
python-20260723T020649Z,14142335702630728939,1024,47,verify_batch,113419133,1024,32,measured
python-20260723T020649Z,14142335702630728939,1024,47,proof_verify,47901,1024,32,measured
python-20260723T020649Z,14142335702630728939,1024,48,late_rebuild,1746921,1024,32,measured
python-20260723T020649Z,14142335702630728939,1024,48,merkle_build,808523,1024,32,measured
python-20260723T020649Z,14142335702630728939,1024,48,signature_admission_batch,119245655,1024,32,measured
python-20260723T020649Z,14142335702630728939,1024,48,sign_batch,37973150,1024,32,measured
python-20260723T020649Z,14142335702630728939,1024,48,verify_batch,113175841,1024,32,measured
python-20260723T020649Z,14142335702630728939,1024,48,proof_verify,50455,1024,32,measured
python-20260723T020649Z,14142335702630728939,1024,49,sign_batch,37696127,1024,32,measured
python-20260723T020649Z,14142335702630728939,1024,49,late_rebuild,1715123,1024,32,measured
python-20260723T020649Z,14142335702630728939,1024,49,signature_admission_batch,118651781,1024,32,measured
python-20260723T020649Z,14142335702630728939,1024,49,merkle_build,827301,1024,32,measured
python-20260723T020649Z,14142335702630728939,1024,49,verify_batch,112965707,1024,32,measured
python-20260723T020649Z,14142335702630728939,1024,49,proof_verify,46720,1024,32,measured
python-20260723T020649Z,14142335702630728939,1024,50,late_rebuild,1726019,1024,32,measured
python-20260723T020649Z,14142335702630728939,1024,50,verify_batch,112817608,1024,32,measured
python-20260723T020649Z,14142335702630728939,1024,50,merkle_build,861101,1024,32,measured
python-20260723T020649Z,14142335702630728939,1024,50,sign_batch,37696197,1024,32,measured
python-20260723T020649Z,14142335702630728939,1024,50,proof_verify,54802,1024,32,measured
python-20260723T020649Z,14142335702630728939,1024,50,signature_admission_batch,120613491,1024,32,measured
python-20260723T020649Z,14142335702630728939,1024,51,verify_batch,112834623,1024,32,measured
python-20260723T020649Z,14142335702630728939,1024,51,merkle_build,860220,1024,32,measured
python-20260723T020649Z,14142335702630728939,1024,51,signature_admission_batch,120554002,1024,32,measured
python-20260723T020649Z,14142335702630728939,1024,51,proof_verify,57906,1024,32,measured
python-20260723T020649Z,14142335702630728939,1024,51,late_rebuild,1928310,1024,32,measured
python-20260723T020649Z,14142335702630728939,1024,51,sign_batch,38131204,1024,32,measured
python-20260723T020649Z,14142335702630728939,1024,52,proof_verify,33260,1024,32,measured
python-20260723T020649Z,14142335702630728939,1024,52,sign_batch,37812650,1024,32,measured
python-20260723T020649Z,14142335702630728939,1024,52,verify_batch,113518270,1024,32,measured
python-20260723T020649Z,14142335702630728939,1024,52,signature_admission_batch,118557611,1024,32,measured
python-20260723T020649Z,14142335702630728939,1024,52,merkle_build,834081,1024,32,measured
python-20260723T020649Z,14142335702630728939,1024,52,late_rebuild,1712980,1024,32,measured
python-20260723T020649Z,14142335702630728939,1024,53,sign_batch,37717389,1024,32,measured
python-20260723T020649Z,14142335702630728939,1024,53,late_rebuild,1726610,1024,32,measured
python-20260723T020649Z,14142335702630728939,1024,53,verify_batch,112617629,1024,32,measured
python-20260723T020649Z,14142335702630728939,1024,53,signature_admission_batch,118528507,1024,32,measured
python-20260723T020649Z,14142335702630728939,1024,53,merkle_build,833160,1024,32,measured
python-20260723T020649Z,14142335702630728939,1024,53,proof_verify,29834,1024,32,measured
python-20260723T020649Z,14142335702630728939,1024,54,sign_batch,37598972,1024,32,measured
python-20260723T020649Z,14142335702630728939,1024,54,late_rebuild,1720471,1024,32,measured
python-20260723T020649Z,14142335702630728939,1024,54,verify_batch,113303681,1024,32,measured
python-20260723T020649Z,14142335702630728939,1024,54,proof_verify,46199,1024,32,measured
python-20260723T020649Z,14142335702630728939,1024,54,merkle_build,834932,1024,32,measured
python-20260723T020649Z,14142335702630728939,1024,54,signature_admission_batch,119307787,1024,32,measured
python-20260723T020649Z,14142335702630728939,1024,55,merkle_build,829925,1024,32,measured
python-20260723T020649Z,14142335702630728939,1024,55,proof_verify,28292,1024,32,measured
python-20260723T020649Z,14142335702630728939,1024,55,late_rebuild,1707571,1024,32,measured
python-20260723T020649Z,14142335702630728939,1024,55,verify_batch,113162661,1024,32,measured
python-20260723T020649Z,14142335702630728939,1024,55,sign_batch,37788374,1024,32,measured
python-20260723T020649Z,14142335702630728939,1024,55,signature_admission_batch,119612271,1024,32,measured
python-20260723T020649Z,14142335702630728939,1024,56,verify_batch,112557621,1024,32,measured
python-20260723T020649Z,14142335702630728939,1024,56,proof_verify,44886,1024,32,measured
python-20260723T020649Z,14142335702630728939,1024,56,merkle_build,860030,1024,32,measured
python-20260723T020649Z,14142335702630728939,1024,56,signature_admission_batch,118553404,1024,32,measured
python-20260723T020649Z,14142335702630728939,1024,56,late_rebuild,1724166,1024,32,measured
python-20260723T020649Z,14142335702630728939,1024,56,sign_batch,37452825,1024,32,measured
python-20260723T020649Z,14142335702630728939,1024,57,merkle_build,821763,1024,32,measured
python-20260723T020649Z,14142335702630728939,1024,57,signature_admission_batch,119275129,1024,32,measured
python-20260723T020649Z,14142335702630728939,1024,57,sign_batch,37643639,1024,32,measured
python-20260723T020649Z,14142335702630728939,1024,57,late_rebuild,1739509,1024,32,measured
python-20260723T020649Z,14142335702630728939,1024,57,verify_batch,112551741,1024,32,measured
python-20260723T020649Z,14142335702630728939,1024,57,proof_verify,43926,1024,32,measured
python-20260723T020649Z,14142335702630728939,1024,58,sign_batch,37578803,1024,32,measured
python-20260723T020649Z,14142335702630728939,1024,58,proof_verify,31747,1024,32,measured
python-20260723T020649Z,14142335702630728939,1024,58,merkle_build,837237,1024,32,measured
python-20260723T020649Z,14142335702630728939,1024,58,late_rebuild,1715653,1024,32,measured
python-20260723T020649Z,14142335702630728939,1024,58,signature_admission_batch,119250212,1024,32,measured
python-20260723T020649Z,14142335702630728939,1024,58,verify_batch,113019178,1024,32,measured
python-20260723T020649Z,14142335702630728939,1024,59,sign_batch,37814062,1024,32,measured
python-20260723T020649Z,14142335702630728939,1024,59,merkle_build,859289,1024,32,measured
python-20260723T020649Z,14142335702630728939,1024,59,verify_batch,112853471,1024,32,measured
python-20260723T020649Z,14142335702630728939,1024,59,signature_admission_batch,119540324,1024,32,measured
python-20260723T020649Z,14142335702630728939,1024,59,proof_verify,46509,1024,32,measured
python-20260723T020649Z,14142335702630728939,1024,59,late_rebuild,1707001,1024,32,measured
python-20260723T020649Z,14142335702630728939,1024,60,merkle_build,824126,1024,32,measured
python-20260723T020649Z,14142335702630728939,1024,60,proof_verify,16946,1024,32,measured
python-20260723T020649Z,14142335702630728939,1024,60,sign_batch,37556299,1024,32,measured
python-20260723T020649Z,14142335702630728939,1024,60,verify_batch,112558422,1024,32,measured
python-20260723T020649Z,14142335702630728939,1024,60,signature_admission_batch,118937937,1024,32,measured
python-20260723T020649Z,14142335702630728939,1024,60,late_rebuild,1703345,1024,32,measured
python-20260723T020649Z,14142335702630728939,1024,61,proof_verify,27451,1024,32,measured
python-20260723T020649Z,14142335702630728939,1024,61,verify_batch,115258510,1024,32,measured
python-20260723T020649Z,14142335702630728939,1024,61,signature_admission_batch,119639471,1024,32,measured
python-20260723T020649Z,14142335702630728939,1024,61,late_rebuild,1712700,1024,32,measured
python-20260723T020649Z,14142335702630728939,1024,61,merkle_build,834392,1024,32,measured
python-20260723T020649Z,14142335702630728939,1024,61,sign_batch,38000610,1024,32,measured
python-20260723T020649Z,14142335702630728939,1024,62,signature_admission_batch,119465683,1024,32,measured
python-20260723T020649Z,14142335702630728939,1024,62,proof_verify,39599,1024,32,measured
python-20260723T020649Z,14142335702630728939,1024,62,verify_batch,114578598,1024,32,measured
python-20260723T020649Z,14142335702630728939,1024,62,merkle_build,868673,1024,32,measured
python-20260723T020649Z,14142335702630728939,1024,62,late_rebuild,1688083,1024,32,measured
python-20260723T020649Z,14142335702630728939,1024,62,sign_batch,38138485,1024,32,measured
python-20260723T020649Z,14142335702630728939,1024,63,proof_verify,36985,1024,32,measured
python-20260723T020649Z,14142335702630728939,1024,63,signature_admission_batch,119507134,1024,32,measured
python-20260723T020649Z,14142335702630728939,1024,63,sign_batch,37736957,1024,32,measured
python-20260723T020649Z,14142335702630728939,1024,63,verify_batch,112929314,1024,32,measured
python-20260723T020649Z,14142335702630728939,1024,63,late_rebuild,1772979,1024,32,measured
python-20260723T020649Z,14142335702630728939,1024,63,merkle_build,801233,1024,32,measured
python-20260723T020649Z,14142335702630728939,1024,64,proof_verify,29344,1024,32,measured
python-20260723T020649Z,14142335702630728939,1024,64,verify_batch,114322768,1024,32,measured
python-20260723T020649Z,14142335702630728939,1024,64,late_rebuild,1748372,1024,32,measured
python-20260723T020649Z,14142335702630728939,1024,64,merkle_build,806320,1024,32,measured
python-20260723T020649Z,14142335702630728939,1024,64,signature_admission_batch,119208289,1024,32,measured
python-20260723T020649Z,14142335702630728939,1024,64,sign_batch,37580134,1024,32,measured
python-20260723T020649Z,14142335702630728939,1024,65,sign_batch,37643378,1024,32,measured
python-20260723T020649Z,14142335702630728939,1024,65,merkle_build,1010063,1024,32,measured
python-20260723T020649Z,14142335702630728939,1024,65,late_rebuild,1702454,1024,32,measured
python-20260723T020649Z,14142335702630728939,1024,65,proof_verify,29864,1024,32,measured
python-20260723T020649Z,14142335702630728939,1024,65,verify_batch,113996322,1024,32,measured
python-20260723T020649Z,14142335702630728939,1024,65,signature_admission_batch,119669195,1024,32,measured
python-20260723T020649Z,14142335702630728939,1024,66,verify_batch,113598240,1024,32,measured
python-20260723T020649Z,14142335702630728939,1024,66,signature_admission_batch,119740171,1024,32,measured
python-20260723T020649Z,14142335702630728939,1024,66,merkle_build,864377,1024,32,measured
python-20260723T020649Z,14142335702630728939,1024,66,proof_verify,31166,1024,32,measured
python-20260723T020649Z,14142335702630728939,1024,66,late_rebuild,1702334,1024,32,measured
python-20260723T020649Z,14142335702630728939,1024,66,sign_batch,37975623,1024,32,measured
python-20260723T020649Z,14142335702630728939,1024,67,proof_verify,33891,1024,32,measured
python-20260723T020649Z,14142335702630728939,1024,67,verify_batch,113285634,1024,32,measured
python-20260723T020649Z,14142335702630728939,1024,67,sign_batch,37769967,1024,32,measured
python-20260723T020649Z,14142335702630728939,1024,67,merkle_build,861342,1024,32,measured
python-20260723T020649Z,14142335702630728939,1024,67,signature_admission_batch,119421006,1024,32,measured
python-20260723T020649Z,14142335702630728939,1024,67,late_rebuild,1764706,1024,32,measured
python-20260723T020649Z,14142335702630728939,1024,68,signature_admission_batch,119984475,1024,32,measured
python-20260723T020649Z,14142335702630728939,1024,68,sign_batch,37667684,1024,32,measured
python-20260723T020649Z,14142335702630728939,1024,68,merkle_build,853580,1024,32,measured
python-20260723T020649Z,14142335702630728939,1024,68,late_rebuild,1731297,1024,32,measured
python-20260723T020649Z,14142335702630728939,1024,68,proof_verify,29584,1024,32,measured
python-20260723T020649Z,14142335702630728939,1024,68,verify_batch,113668964,1024,32,measured
python-20260723T020649Z,14142335702630728939,1024,69,late_rebuild,1890263,1024,32,measured
python-20260723T020649Z,14142335702630728939,1024,69,sign_batch,38240227,1024,32,measured
python-20260723T020649Z,14142335702630728939,1024,69,verify_batch,113096773,1024,32,measured
python-20260723T020649Z,14142335702630728939,1024,69,merkle_build,885829,1024,32,measured
python-20260723T020649Z,14142335702630728939,1024,69,proof_verify,30826,1024,32,measured
python-20260723T020649Z,14142335702630728939,1024,69,signature_admission_batch,119295238,1024,32,measured
python-20260723T020649Z,14142335702630728939,1024,70,proof_verify,36514,1024,32,measured
python-20260723T020649Z,14142335702630728939,1024,70,sign_batch,37729546,1024,32,measured
python-20260723T020649Z,14142335702630728939,1024,70,verify_batch,113052567,1024,32,measured
python-20260723T020649Z,14142335702630728939,1024,70,late_rebuild,1764296,1024,32,measured
python-20260723T020649Z,14142335702630728939,1024,70,merkle_build,805879,1024,32,measured
python-20260723T020649Z,14142335702630728939,1024,70,signature_admission_batch,119351353,1024,32,measured
python-20260723T020649Z,14142335702630728939,1024,71,proof_verify,36334,1024,32,measured
python-20260723T020649Z,14142335702630728939,1024,71,merkle_build,826761,1024,32,measured
python-20260723T020649Z,14142335702630728939,1024,71,late_rebuild,1698508,1024,32,measured
python-20260723T020649Z,14142335702630728939,1024,71,verify_batch,113303891,1024,32,measured
python-20260723T020649Z,14142335702630728939,1024,71,signature_admission_batch,119317472,1024,32,measured
python-20260723T020649Z,14142335702630728939,1024,71,sign_batch,37839039,1024,32,measured
python-20260723T020649Z,14142335702630728939,1024,72,sign_batch,37831539,1024,32,measured
python-20260723T020649Z,14142335702630728939,1024,72,proof_verify,60690,1024,32,measured
python-20260723T020649Z,14142335702630728939,1024,72,signature_admission_batch,119348678,1024,32,measured
python-20260723T020649Z,14142335702630728939,1024,72,verify_batch,112882905,1024,32,measured
python-20260723T020649Z,14142335702630728939,1024,72,merkle_build,871997,1024,32,measured
python-20260723T020649Z,14142335702630728939,1024,72,late_rebuild,1678368,1024,32,measured
python-20260723T020649Z,14142335702630728939,1024,73,verify_batch,113156873,1024,32,measured
python-20260723T020649Z,14142335702630728939,1024,73,signature_admission_batch,118987431,1024,32,measured
python-20260723T020649Z,14142335702630728939,1024,73,late_rebuild,1741272,1024,32,measured
python-20260723T020649Z,14142335702630728939,1024,73,sign_batch,38116222,1024,32,measured
python-20260723T020649Z,14142335702630728939,1024,73,proof_verify,40200,1024,32,measured
python-20260723T020649Z,14142335702630728939,1024,73,merkle_build,845729,1024,32,measured
python-20260723T020649Z,14142335702630728939,1024,74,sign_batch,37968803,1024,32,measured
python-20260723T020649Z,14142335702630728939,1024,74,verify_batch,112867001,1024,32,measured
python-20260723T020649Z,14142335702630728939,1024,74,late_rebuild,1753380,1024,32,measured
python-20260723T020649Z,14142335702630728939,1024,74,merkle_build,834882,1024,32,measured
python-20260723T020649Z,14142335702630728939,1024,74,proof_verify,29174,1024,32,measured
python-20260723T020649Z,14142335702630728939,1024,74,signature_admission_batch,119200618,1024,32,measured
python-20260723T020649Z,14142335702630728939,1024,75,proof_verify,34311,1024,32,measured
python-20260723T020649Z,14142335702630728939,1024,75,sign_batch,37880080,1024,32,measured
python-20260723T020649Z,14142335702630728939,1024,75,signature_admission_batch,119591550,1024,32,measured
python-20260723T020649Z,14142335702630728939,1024,75,verify_batch,112960661,1024,32,measured
python-20260723T020649Z,14142335702630728939,1024,75,merkle_build,869985,1024,32,measured
python-20260723T020649Z,14142335702630728939,1024,75,late_rebuild,1734862,1024,32,measured
python-20260723T020649Z,14142335702630728939,1024,76,sign_batch,37809615,1024,32,measured
python-20260723T020649Z,14142335702630728939,1024,76,merkle_build,840912,1024,32,measured
python-20260723T020649Z,14142335702630728939,1024,76,signature_admission_batch,118892630,1024,32,measured
python-20260723T020649Z,14142335702630728939,1024,76,late_rebuild,1741392,1024,32,measured
python-20260723T020649Z,14142335702630728939,1024,76,verify_batch,113023504,1024,32,measured
python-20260723T020649Z,14142335702630728939,1024,76,proof_verify,45027,1024,32,measured
python-20260723T020649Z,14142335702630728939,1024,77,sign_batch,37953140,1024,32,measured
python-20260723T020649Z,14142335702630728939,1024,77,verify_batch,113034060,1024,32,measured
python-20260723T020649Z,14142335702630728939,1024,77,merkle_build,847482,1024,32,measured
python-20260723T020649Z,14142335702630728939,1024,77,signature_admission_batch,119235600,1024,32,measured
python-20260723T020649Z,14142335702630728939,1024,77,late_rebuild,1700811,1024,32,measured
python-20260723T020649Z,14142335702630728939,1024,77,proof_verify,29364,1024,32,measured
python-20260723T020649Z,14142335702630728939,1024,78,verify_batch,113063133,1024,32,measured
python-20260723T020649Z,14142335702630728939,1024,78,late_rebuild,1734232,1024,32,measured
python-20260723T020649Z,14142335702630728939,1024,78,signature_admission_batch,119321898,1024,32,measured
python-20260723T020649Z,14142335702630728939,1024,78,merkle_build,832779,1024,32,measured
python-20260723T020649Z,14142335702630728939,1024,78,sign_batch,37861103,1024,32,measured
python-20260723T020649Z,14142335702630728939,1024,78,proof_verify,40139,1024,32,measured
python-20260723T020649Z,14142335702630728939,1024,79,proof_verify,14872,1024,32,measured
python-20260723T020649Z,14142335702630728939,1024,79,late_rebuild,1722184,1024,32,measured
python-20260723T020649Z,14142335702630728939,1024,79,sign_batch,37984075,1024,32,measured
python-20260723T020649Z,14142335702630728939,1024,79,signature_admission_batch,119641555,1024,32,measured
python-20260723T020649Z,14142335702630728939,1024,79,verify_batch,113377240,1024,32,measured
python-20260723T020649Z,14142335702630728939,1024,79,merkle_build,870205,1024,32,measured
python-20260723T020649Z,14142335702630728939,1024,80,late_rebuild,1678248,1024,32,measured
python-20260723T020649Z,14142335702630728939,1024,80,sign_batch,38202510,1024,32,measured
python-20260723T020649Z,14142335702630728939,1024,80,proof_verify,41732,1024,32,measured
python-20260723T020649Z,14142335702630728939,1024,80,signature_admission_batch,119373596,1024,32,measured
python-20260723T020649Z,14142335702630728939,1024,80,merkle_build,832519,1024,32,measured
python-20260723T020649Z,14142335702630728939,1024,80,verify_batch,113049082,1024,32,measured
python-20260723T020649Z,14142335702630728939,1024,81,proof_verify,45468,1024,32,measured
python-20260723T020649Z,14142335702630728939,1024,81,verify_batch,112910986,1024,32,measured
python-20260723T020649Z,14142335702630728939,1024,81,signature_admission_batch,119133949,1024,32,measured
python-20260723T020649Z,14142335702630728939,1024,81,late_rebuild,1745979,1024,32,measured
python-20260723T020649Z,14142335702630728939,1024,81,merkle_build,836054,1024,32,measured
python-20260723T020649Z,14142335702630728939,1024,81,sign_batch,37790988,1024,32,measured
python-20260723T020649Z,14142335702630728939,1024,82,verify_batch,113201539,1024,32,measured
python-20260723T020649Z,14142335702630728939,1024,82,proof_verify,48602,1024,32,measured
python-20260723T020649Z,14142335702630728939,1024,82,signature_admission_batch,119856134,1024,32,measured
python-20260723T020649Z,14142335702630728939,1024,82,merkle_build,857616,1024,32,measured
python-20260723T020649Z,14142335702630728939,1024,82,late_rebuild,1689785,1024,32,measured
python-20260723T020649Z,14142335702630728939,1024,82,sign_batch,37886770,1024,32,measured
python-20260723T020649Z,14142335702630728939,1024,83,merkle_build,824046,1024,32,measured
python-20260723T020649Z,14142335702630728939,1024,83,signature_admission_batch,119111996,1024,32,measured
python-20260723T020649Z,14142335702630728939,1024,83,sign_batch,37831308,1024,32,measured
python-20260723T020649Z,14142335702630728939,1024,83,verify_batch,113490108,1024,32,measured
python-20260723T020649Z,14142335702630728939,1024,83,late_rebuild,1740110,1024,32,measured
python-20260723T020649Z,14142335702630728939,1024,83,proof_verify,29684,1024,32,measured
python-20260723T020649Z,14142335702630728939,1024,84,signature_admission_batch,119012529,1024,32,measured
python-20260723T020649Z,14142335702630728939,1024,84,late_rebuild,1696435,1024,32,measured
python-20260723T020649Z,14142335702630728939,1024,84,proof_verify,25979,1024,32,measured
python-20260723T020649Z,14142335702630728939,1024,84,merkle_build,810567,1024,32,measured
python-20260723T020649Z,14142335702630728939,1024,84,verify_batch,113178475,1024,32,measured
python-20260723T020649Z,14142335702630728939,1024,84,sign_batch,37562818,1024,32,measured
python-20260723T020649Z,14142335702630728939,1024,85,merkle_build,830836,1024,32,measured
python-20260723T020649Z,14142335702630728939,1024,85,proof_verify,29754,1024,32,measured
python-20260723T020649Z,14142335702630728939,1024,85,sign_batch,37673032,1024,32,measured
python-20260723T020649Z,14142335702630728939,1024,85,verify_batch,112901161,1024,32,measured
python-20260723T020649Z,14142335702630728939,1024,85,late_rebuild,1724907,1024,32,measured
python-20260723T020649Z,14142335702630728939,1024,85,signature_admission_batch,118939028,1024,32,measured
python-20260723T020649Z,14142335702630728939,1024,86,signature_admission_batch,119290978,1024,32,measured
python-20260723T020649Z,14142335702630728939,1024,86,late_rebuild,1704077,1024,32,measured
python-20260723T020649Z,14142335702630728939,1024,86,verify_batch,112758790,1024,32,measured
python-20260723T020649Z,14142335702630728939,1024,86,proof_verify,44316,1024,32,measured
python-20260723T020649Z,14142335702630728939,1024,86,merkle_build,862934,1024,32,measured
python-20260723T020649Z,14142335702630728939,1024,86,sign_batch,37692502,1024,32,measured
python-20260723T020649Z,14142335702630728939,1024,87,merkle_build,821322,1024,32,measured
python-20260723T020649Z,14142335702630728939,1024,87,sign_batch,37617620,1024,32,measured
python-20260723T020649Z,14142335702630728939,1024,87,proof_verify,33079,1024,32,measured
python-20260723T020649Z,14142335702630728939,1024,87,verify_batch,112762585,1024,32,measured
python-20260723T020649Z,14142335702630728939,1024,87,late_rebuild,1726329,1024,32,measured
python-20260723T020649Z,14142335702630728939,1024,87,signature_admission_batch,119108871,1024,32,measured
python-20260723T020649Z,14142335702630728939,1024,88,verify_batch,114588974,1024,32,measured
python-20260723T020649Z,14142335702630728939,1024,88,proof_verify,48903,1024,32,measured
python-20260723T020649Z,14142335702630728939,1024,88,sign_batch,37905298,1024,32,measured
python-20260723T020649Z,14142335702630728939,1024,88,late_rebuild,1737355,1024,32,measured
python-20260723T020649Z,14142335702630728939,1024,88,signature_admission_batch,119478943,1024,32,measured
python-20260723T020649Z,14142335702630728939,1024,88,merkle_build,875423,1024,32,measured
python-20260723T020649Z,14142335702630728939,1024,89,verify_batch,112819230,1024,32,measured
python-20260723T020649Z,14142335702630728939,1024,89,proof_verify,49774,1024,32,measured
python-20260723T020649Z,14142335702630728939,1024,89,sign_batch,37794684,1024,32,measured
python-20260723T020649Z,14142335702630728939,1024,89,late_rebuild,1736034,1024,32,measured
python-20260723T020649Z,14142335702630728939,1024,89,merkle_build,814533,1024,32,measured
python-20260723T020649Z,14142335702630728939,1024,89,signature_admission_batch,120347334,1024,32,measured
python-20260723T020649Z,14142335702630728939,1024,90,proof_verify,36584,1024,32,measured
python-20260723T020649Z,14142335702630728939,1024,90,sign_batch,37912870,1024,32,measured
python-20260723T020649Z,14142335702630728939,1024,90,merkle_build,828914,1024,32,measured
python-20260723T020649Z,14142335702630728939,1024,90,verify_batch,113329490,1024,32,measured
python-20260723T020649Z,14142335702630728939,1024,90,late_rebuild,1951054,1024,32,measured
python-20260723T020649Z,14142335702630728939,1024,90,signature_admission_batch,126326894,1024,32,measured
python-20260723T020649Z,14142335702630728939,1024,91,verify_batch,117667456,1024,32,measured
python-20260723T020649Z,14142335702630728939,1024,91,sign_batch,38355919,1024,32,measured
python-20260723T020649Z,14142335702630728939,1024,91,signature_admission_batch,119654303,1024,32,measured
python-20260723T020649Z,14142335702630728939,1024,91,late_rebuild,1745408,1024,32,measured
python-20260723T020649Z,14142335702630728939,1024,91,merkle_build,821402,1024,32,measured
python-20260723T020649Z,14142335702630728939,1024,91,proof_verify,28733,1024,32,measured
python-20260723T020649Z,14142335702630728939,1024,92,signature_admission_batch,119717938,1024,32,measured
python-20260723T020649Z,14142335702630728939,1024,92,merkle_build,836235,1024,32,measured
python-20260723T020649Z,14142335702630728939,1024,92,sign_batch,37709306,1024,32,measured
python-20260723T020649Z,14142335702630728939,1024,92,late_rebuild,1715123,1024,32,measured
python-20260723T020649Z,14142335702630728939,1024,92,verify_batch,113078165,1024,32,measured
python-20260723T020649Z,14142335702630728939,1024,92,proof_verify,46609,1024,32,measured
python-20260723T020649Z,14142335702630728939,1024,93,signature_admission_batch,119079017,1024,32,measured
python-20260723T020649Z,14142335702630728939,1024,93,sign_batch,37752050,1024,32,measured
python-20260723T020649Z,14142335702630728939,1024,93,verify_batch,113861681,1024,32,measured
python-20260723T020649Z,14142335702630728939,1024,93,late_rebuild,1739589,1024,32,measured
python-20260723T020649Z,14142335702630728939,1024,93,merkle_build,842664,1024,32,measured
python-20260723T020649Z,14142335702630728939,1024,93,proof_verify,28913,1024,32,measured
python-20260723T020649Z,14142335702630728939,1024,94,late_rebuild,1681734,1024,32,measured
python-20260723T020649Z,14142335702630728939,1024,94,signature_admission_batch,119993909,1024,32,measured
python-20260723T020649Z,14142335702630728939,1024,94,merkle_build,842975,1024,32,measured
python-20260723T020649Z,14142335702630728939,1024,94,verify_batch,113259806,1024,32,measured
python-20260723T020649Z,14142335702630728939,1024,94,proof_verify,49063,1024,32,measured
python-20260723T020649Z,14142335702630728939,1024,94,sign_batch,37862465,1024,32,measured
python-20260723T020649Z,14142335702630728939,1024,95,merkle_build,831307,1024,32,measured
python-20260723T020649Z,14142335702630728939,1024,95,signature_admission_batch,119373465,1024,32,measured
python-20260723T020649Z,14142335702630728939,1024,95,sign_batch,37983925,1024,32,measured
python-20260723T020649Z,14142335702630728939,1024,95,late_rebuild,1742954,1024,32,measured
python-20260723T020649Z,14142335702630728939,1024,95,proof_verify,28973,1024,32,measured
python-20260723T020649Z,14142335702630728939,1024,95,verify_batch,113062902,1024,32,measured
python-20260723T020649Z,14142335702630728939,1024,96,signature_admission_batch,119062032,1024,32,measured
python-20260723T020649Z,14142335702630728939,1024,96,proof_verify,37315,1024,32,measured
python-20260723T020649Z,14142335702630728939,1024,96,verify_batch,113310421,1024,32,measured
python-20260723T020649Z,14142335702630728939,1024,96,late_rebuild,1747922,1024,32,measured
python-20260723T020649Z,14142335702630728939,1024,96,merkle_build,818288,1024,32,measured
python-20260723T020649Z,14142335702630728939,1024,96,sign_batch,37626143,1024,32,measured
python-20260723T020649Z,14142335702630728939,1024,97,late_rebuild,1705458,1024,32,measured
python-20260723T020649Z,14142335702630728939,1024,97,verify_batch,112715686,1024,32,measured
python-20260723T020649Z,14142335702630728939,1024,97,merkle_build,837467,1024,32,measured
python-20260723T020649Z,14142335702630728939,1024,97,proof_verify,29894,1024,32,measured
python-20260723T020649Z,14142335702630728939,1024,97,sign_batch,37940991,1024,32,measured
python-20260723T020649Z,14142335702630728939,1024,97,signature_admission_batch,119714913,1024,32,measured
python-20260723T020649Z,14142335702630728939,1024,98,verify_batch,113354376,1024,32,measured
python-20260723T020649Z,14142335702630728939,1024,98,proof_verify,51998,1024,32,measured
python-20260723T020649Z,14142335702630728939,1024,98,sign_batch,37733943,1024,32,measured
python-20260723T020649Z,14142335702630728939,1024,98,signature_admission_batch,119022543,1024,32,measured
python-20260723T020649Z,14142335702630728939,1024,98,late_rebuild,1731036,1024,32,measured
python-20260723T020649Z,14142335702630728939,1024,98,merkle_build,806701,1024,32,measured
python-20260723T020649Z,14142335702630728939,1024,99,verify_batch,113888567,1024,32,measured
python-20260723T020649Z,14142335702630728939,1024,99,late_rebuild,1754621,1024,32,measured
python-20260723T020649Z,14142335702630728939,1024,99,merkle_build,811608,1024,32,measured
python-20260723T020649Z,14142335702630728939,1024,99,signature_admission_batch,119035743,1024,32,measured
python-20260723T020649Z,14142335702630728939,1024,99,sign_batch,37991407,1024,32,measured
python-20260723T020649Z,14142335702630728939,1024,99,proof_verify,44746,1024,32,measured
python-20260723T020649Z,14142335702630728939,1024,100,verify_batch,113046348,1024,32,measured
python-20260723T020649Z,14142335702630728939,1024,100,late_rebuild,1860870,1024,32,measured
python-20260723T020649Z,14142335702630728939,1024,100,sign_batch,37863115,1024,32,measured
python-20260723T020649Z,14142335702630728939,1024,100,proof_verify,40711,1024,32,measured
python-20260723T020649Z,14142335702630728939,1024,100,merkle_build,836194,1024,32,measured
python-20260723T020649Z,14142335702630728939,1024,100,signature_admission_batch,119087670,1024,32,measured
python-20260723T020649Z,14142335702630728939,1024,101,sign_batch,37665241,1024,32,measured
python-20260723T020649Z,14142335702630728939,1024,101,verify_batch,113520133,1024,32,measured
python-20260723T020649Z,14142335702630728939,1024,101,late_rebuild,1750255,1024,32,measured
python-20260723T020649Z,14142335702630728939,1024,101,proof_verify,30967,1024,32,measured
python-20260723T020649Z,14142335702630728939,1024,101,merkle_build,808864,1024,32,measured
python-20260723T020649Z,14142335702630728939,1024,101,signature_admission_batch,119746881,1024,32,measured
python-20260723T020649Z,14142335702630728939,1024,102,sign_batch,37756466,1024,32,measured
python-20260723T020649Z,14142335702630728939,1024,102,late_rebuild,1743014,1024,32,measured
python-20260723T020649Z,14142335702630728939,1024,102,proof_verify,28833,1024,32,measured
python-20260723T020649Z,14142335702630728939,1024,102,verify_batch,113023273,1024,32,measured
python-20260723T020649Z,14142335702630728939,1024,102,signature_admission_batch,119833681,1024,32,measured
python-20260723T020649Z,14142335702630728939,1024,102,merkle_build,832720,1024,32,measured
python-20260723T020649Z,14142335702630728939,1024,103,late_rebuild,1673300,1024,32,measured
python-20260723T020649Z,14142335702630728939,1024,103,verify_batch,113099237,1024,32,measured
python-20260723T020649Z,14142335702630728939,1024,103,merkle_build,900941,1024,32,measured
python-20260723T020649Z,14142335702630728939,1024,103,sign_batch,37857046,1024,32,measured
python-20260723T020649Z,14142335702630728939,1024,103,signature_admission_batch,119276151,1024,32,measured
python-20260723T020649Z,14142335702630728939,1024,103,proof_verify,38317,1024,32,measured
python-20260723T020649Z,14142335702630728939,1024,104,sign_batch,37782966,1024,32,measured
python-20260723T020649Z,14142335702630728939,1024,104,merkle_build,829705,1024,32,measured
python-20260723T020649Z,14142335702630728939,1024,104,proof_verify,22764,1024,32,measured
python-20260723T020649Z,14142335702630728939,1024,104,late_rebuild,1756915,1024,32,measured
python-20260723T020649Z,14142335702630728939,1024,104,verify_batch,113280547,1024,32,measured
python-20260723T020649Z,14142335702630728939,1024,104,signature_admission_batch,120428706,1024,32,measured
python-20260723T020649Z,14142335702630728939,1024,105,proof_verify,35733,1024,32,measured
python-20260723T020649Z,14142335702630728939,1024,105,merkle_build,819349,1024,32,measured
python-20260723T020649Z,14142335702630728939,1024,105,verify_batch,113334767,1024,32,measured
python-20260723T020649Z,14142335702630728939,1024,105,sign_batch,37894051,1024,32,measured
python-20260723T020649Z,14142335702630728939,1024,105,late_rebuild,1709224,1024,32,measured
python-20260723T020649Z,14142335702630728939,1024,105,signature_admission_batch,119226897,1024,32,measured
python-20260723T020649Z,14142335702630728939,1024,106,late_rebuild,1706950,1024,32,measured
python-20260723T020649Z,14142335702630728939,1024,106,verify_batch,113120027,1024,32,measured
python-20260723T020649Z,14142335702630728939,1024,106,merkle_build,835664,1024,32,measured
python-20260723T020649Z,14142335702630728939,1024,106,proof_verify,31677,1024,32,measured
python-20260723T020649Z,14142335702630728939,1024,106,signature_admission_batch,119340116,1024,32,measured
python-20260723T020649Z,14142335702630728939,1024,106,sign_batch,39579831,1024,32,measured
python-20260723T020649Z,14142335702630728939,1024,107,verify_batch,113832438,1024,32,measured
python-20260723T020649Z,14142335702630728939,1024,107,merkle_build,930074,1024,32,measured
python-20260723T020649Z,14142335702630728939,1024,107,proof_verify,30416,1024,32,measured
python-20260723T020649Z,14142335702630728939,1024,107,late_rebuild,1712980,1024,32,measured
python-20260723T020649Z,14142335702630728939,1024,107,sign_batch,37943935,1024,32,measured
python-20260723T020649Z,14142335702630728939,1024,107,signature_admission_batch,125038847,1024,32,measured
python-20260723T020649Z,14142335702630728939,1024,108,signature_admission_batch,122486229,1024,32,measured
python-20260723T020649Z,14142335702630728939,1024,108,sign_batch,39939957,1024,32,measured
python-20260723T020649Z,14142335702630728939,1024,108,verify_batch,113414606,1024,32,measured
python-20260723T020649Z,14142335702630728939,1024,108,late_rebuild,1721502,1024,32,measured
python-20260723T020649Z,14142335702630728939,1024,108,merkle_build,809735,1024,32,measured
python-20260723T020649Z,14142335702630728939,1024,108,proof_verify,28533,1024,32,measured
python-20260723T020649Z,14142335702630728939,1024,109,verify_batch,113244393,1024,32,measured
python-20260723T020649Z,14142335702630728939,1024,109,proof_verify,46379,1024,32,measured
python-20260723T020649Z,14142335702630728939,1024,109,merkle_build,829154,1024,32,measured
python-20260723T020649Z,14142335702630728939,1024,109,signature_admission_batch,119656366,1024,32,measured
python-20260723T020649Z,14142335702630728939,1024,109,late_rebuild,1686560,1024,32,measured
python-20260723T020649Z,14142335702630728939,1024,109,sign_batch,37794904,1024,32,measured
python-20260723T020649Z,14142335702630728939,1024,110,late_rebuild,1681923,1024,32,measured
python-20260723T020649Z,14142335702630728939,1024,110,sign_batch,38108651,1024,32,measured
python-20260723T020649Z,14142335702630728939,1024,110,merkle_build,848863,1024,32,measured
python-20260723T020649Z,14142335702630728939,1024,110,verify_batch,113242290,1024,32,measured
python-20260723T020649Z,14142335702630728939,1024,110,signature_admission_batch,119200177,1024,32,measured
python-20260723T020649Z,14142335702630728939,1024,110,proof_verify,37956,1024,32,measured
python-20260723T020649Z,14142335702630728939,1024,111,verify_batch,114728081,1024,32,measured
python-20260723T020649Z,14142335702630728939,1024,111,signature_admission_batch,120147257,1024,32,measured
python-20260723T020649Z,14142335702630728939,1024,111,late_rebuild,1748152,1024,32,measured
python-20260723T020649Z,14142335702630728939,1024,111,sign_batch,37953119,1024,32,measured
python-20260723T020649Z,14142335702630728939,1024,111,proof_verify,40790,1024,32,measured
python-20260723T020649Z,14142335702630728939,1024,111,merkle_build,843345,1024,32,measured
python-20260723T020649Z,14142335702630728939,1024,112,proof_verify,16264,1024,32,measured
python-20260723T020649Z,14142335702630728939,1024,112,verify_batch,115087767,1024,32,measured
python-20260723T020649Z,14142335702630728939,1024,112,merkle_build,868873,1024,32,measured
python-20260723T020649Z,14142335702630728939,1024,112,sign_batch,38257523,1024,32,measured
python-20260723T020649Z,14142335702630728939,1024,112,signature_admission_batch,120046357,1024,32,measured
python-20260723T020649Z,14142335702630728939,1024,112,late_rebuild,1727080,1024,32,measured
python-20260723T020649Z,14142335702630728939,1024,113,sign_batch,37866951,1024,32,measured
python-20260723T020649Z,14142335702630728939,1024,113,verify_batch,113544515,1024,32,measured
python-20260723T020649Z,14142335702630728939,1024,113,proof_verify,50124,1024,32,measured
python-20260723T020649Z,14142335702630728939,1024,113,late_rebuild,1697617,1024,32,measured
python-20260723T020649Z,14142335702630728939,1024,113,merkle_build,815664,1024,32,measured
python-20260723T020649Z,14142335702630728939,1024,113,signature_admission_batch,119584039,1024,32,measured
python-20260723T020649Z,14142335702630728939,1024,114,merkle_build,878828,1024,32,measured
python-20260723T020649Z,14142335702630728939,1024,114,late_rebuild,1708633,1024,32,measured
python-20260723T020649Z,14142335702630728939,1024,114,proof_verify,28402,1024,32,measured
python-20260723T020649Z,14142335702630728939,1024,114,verify_batch,113437790,1024,32,measured
python-20260723T020649Z,14142335702630728939,1024,114,sign_batch,38456910,1024,32,measured
python-20260723T020649Z,14142335702630728939,1024,114,signature_admission_batch,119105236,1024,32,measured
python-20260723T020649Z,14142335702630728939,1024,115,sign_batch,38267768,1024,32,measured
python-20260723T020649Z,14142335702630728939,1024,115,proof_verify,44527,1024,32,measured
python-20260723T020649Z,14142335702630728939,1024,115,late_rebuild,1779289,1024,32,measured
python-20260723T020649Z,14142335702630728939,1024,115,verify_batch,113711728,1024,32,measured
python-20260723T020649Z,14142335702630728939,1024,115,merkle_build,845318,1024,32,measured
python-20260723T020649Z,14142335702630728939,1024,115,signature_admission_batch,119816785,1024,32,measured
python-20260723T020649Z,14142335702630728939,1024,116,proof_verify,37355,1024,32,measured
python-20260723T020649Z,14142335702630728939,1024,116,sign_batch,38300918,1024,32,measured
python-20260723T020649Z,14142335702630728939,1024,116,merkle_build,841042,1024,32,measured
python-20260723T020649Z,14142335702630728939,1024,116,verify_batch,113310991,1024,32,measured
python-20260723T020649Z,14142335702630728939,1024,116,signature_admission_batch,119716396,1024,32,measured
python-20260723T020649Z,14142335702630728939,1024,116,late_rebuild,1819799,1024,32,measured
python-20260723T020649Z,14142335702630728939,1024,117,proof_verify,28452,1024,32,measured
python-20260723T020649Z,14142335702630728939,1024,117,sign_batch,37673003,1024,32,measured
python-20260723T020649Z,14142335702630728939,1024,117,signature_admission_batch,119378543,1024,32,measured
python-20260723T020649Z,14142335702630728939,1024,117,verify_batch,113895922,1024,32,measured
python-20260723T020649Z,14142335702630728939,1024,117,merkle_build,864937,1024,32,measured
python-20260723T020649Z,14142335702630728939,1024,117,late_rebuild,1689855,1024,32,measured
python-20260723T020649Z,14142335702630728939,1024,118,merkle_build,875754,1024,32,measured
python-20260723T020649Z,14142335702630728939,1024,118,late_rebuild,1706060,1024,32,measured
python-20260723T020649Z,14142335702630728939,1024,118,verify_batch,113291413,1024,32,measured
python-20260723T020649Z,14142335702630728939,1024,118,sign_batch,38353325,1024,32,measured
python-20260723T020649Z,14142335702630728939,1024,118,signature_admission_batch,119347036,1024,32,measured
python-20260723T020649Z,14142335702630728939,1024,118,proof_verify,36815,1024,32,measured
python-20260723T020649Z,14142335702630728939,1024,119,verify_batch,113470540,1024,32,measured
python-20260723T020649Z,14142335702630728939,1024,119,sign_batch,37952559,1024,32,measured
python-20260723T020649Z,14142335702630728939,1024,119,merkle_build,872879,1024,32,measured
python-20260723T020649Z,14142335702630728939,1024,119,late_rebuild,1704567,1024,32,measured
python-20260723T020649Z,14142335702630728939,1024,119,proof_verify,28212,1024,32,measured
python-20260723T020649Z,14142335702630728939,1024,119,signature_admission_batch,120058354,1024,32,measured
python-20260723T020649Z,14142335702630728939,1024,120,merkle_build,833911,1024,32,measured
python-20260723T020649Z,14142335702630728939,1024,120,proof_verify,27962,1024,32,measured
python-20260723T020649Z,14142335702630728939,1024,120,late_rebuild,1734682,1024,32,measured
python-20260723T020649Z,14142335702630728939,1024,120,verify_batch,113347616,1024,32,measured
python-20260723T020649Z,14142335702630728939,1024,120,sign_batch,37840612,1024,32,measured
python-20260723T020649Z,14142335702630728939,1024,120,signature_admission_batch,119544099,1024,32,measured
python-20260723T020649Z,14142335702630728939,1024,121,merkle_build,867492,1024,32,measured
python-20260723T020649Z,14142335702630728939,1024,121,proof_verify,29293,1024,32,measured
python-20260723T020649Z,14142335702630728939,1024,121,verify_batch,114648232,1024,32,measured
python-20260723T020649Z,14142335702630728939,1024,121,sign_batch,38295759,1024,32,measured
python-20260723T020649Z,14142335702630728939,1024,121,late_rebuild,1717926,1024,32,measured
python-20260723T020649Z,14142335702630728939,1024,121,signature_admission_batch,119574465,1024,32,measured
python-20260723T020649Z,14142335702630728939,1024,122,late_rebuild,1789954,1024,32,measured
python-20260723T020649Z,14142335702630728939,1024,122,signature_admission_batch,119190563,1024,32,measured
python-20260723T020649Z,14142335702630728939,1024,122,sign_batch,37682847,1024,32,measured
python-20260723T020649Z,14142335702630728939,1024,122,proof_verify,42333,1024,32,measured
python-20260723T020649Z,14142335702630728939,1024,122,merkle_build,830707,1024,32,measured
python-20260723T020649Z,14142335702630728939,1024,122,verify_batch,112988141,1024,32,measured
python-20260723T020649Z,14142335702630728939,1024,123,sign_batch,37725851,1024,32,measured
python-20260723T020649Z,14142335702630728939,1024,123,verify_batch,112629067,1024,32,measured
python-20260723T020649Z,14142335702630728939,1024,123,proof_verify,49043,1024,32,measured
python-20260723T020649Z,14142335702630728939,1024,123,signature_admission_batch,119721463,1024,32,measured
python-20260723T020649Z,14142335702630728939,1024,123,late_rebuild,1700221,1024,32,measured
python-20260723T020649Z,14142335702630728939,1024,123,merkle_build,830727,1024,32,measured
python-20260723T020649Z,14142335702630728939,1024,124,signature_admission_batch,119325855,1024,32,measured
python-20260723T020649Z,14142335702630728939,1024,124,proof_verify,55743,1024,32,measured
python-20260723T020649Z,14142335702630728939,1024,124,verify_batch,112903756,1024,32,measured
python-20260723T020649Z,14142335702630728939,1024,124,merkle_build,846119,1024,32,measured
python-20260723T020649Z,14142335702630728939,1024,124,sign_batch,37540295,1024,32,measured
python-20260723T020649Z,14142335702630728939,1024,124,late_rebuild,1726940,1024,32,measured
python-20260723T020649Z,14142335702630728939,1024,125,late_rebuild,1663636,1024,32,measured
python-20260723T020649Z,14142335702630728939,1024,125,proof_verify,27511,1024,32,measured
python-20260723T020649Z,14142335702630728939,1024,125,verify_batch,113228749,1024,32,measured
python-20260723T020649Z,14142335702630728939,1024,125,signature_admission_batch,119054670,1024,32,measured
python-20260723T020649Z,14142335702630728939,1024,125,merkle_build,828994,1024,32,measured
python-20260723T020649Z,14142335702630728939,1024,125,sign_batch,37519433,1024,32,measured
python-20260723T020649Z,14142335702630728939,1024,126,proof_verify,35914,1024,32,measured
python-20260723T020649Z,14142335702630728939,1024,126,sign_batch,38532772,1024,32,measured
python-20260723T020649Z,14142335702630728939,1024,126,late_rebuild,1758457,1024,32,measured
python-20260723T020649Z,14142335702630728939,1024,126,merkle_build,819870,1024,32,measured
python-20260723T020649Z,14142335702630728939,1024,126,verify_batch,113272444,1024,32,measured
python-20260723T020649Z,14142335702630728939,1024,126,signature_admission_batch,119287918,1024,32,measured
python-20260723T020649Z,14142335702630728939,1024,127,signature_admission_batch,119256071,1024,32,measured
python-20260723T020649Z,14142335702630728939,1024,127,merkle_build,829555,1024,32,measured
python-20260723T020649Z,14142335702630728939,1024,127,verify_batch,114103702,1024,32,measured
python-20260723T020649Z,14142335702630728939,1024,127,proof_verify,47821,1024,32,measured
python-20260723T020649Z,14142335702630728939,1024,127,sign_batch,37748284,1024,32,measured
python-20260723T020649Z,14142335702630728939,1024,127,late_rebuild,1741863,1024,32,measured
python-20260723T020649Z,14142335702630728939,1024,128,signature_admission_batch,120120497,1024,32,measured
python-20260723T020649Z,14142335702630728939,1024,128,verify_batch,112832690,1024,32,measured
python-20260723T020649Z,14142335702630728939,1024,128,sign_batch,37736026,1024,32,measured
python-20260723T020649Z,14142335702630728939,1024,128,merkle_build,854032,1024,32,measured
python-20260723T020649Z,14142335702630728939,1024,128,proof_verify,31026,1024,32,measured
python-20260723T020649Z,14142335702630728939,1024,128,late_rebuild,1750065,1024,32,measured
python-20260723T020649Z,14142335702630728939,1024,129,verify_batch,113064925,1024,32,measured
python-20260723T020649Z,14142335702630728939,1024,129,signature_admission_batch,119795123,1024,32,measured
python-20260723T020649Z,14142335702630728939,1024,129,merkle_build,845950,1024,32,measured
python-20260723T020649Z,14142335702630728939,1024,129,proof_verify,30145,1024,32,measured
python-20260723T020649Z,14142335702630728939,1024,129,sign_batch,37880952,1024,32,measured
python-20260723T020649Z,14142335702630728939,1024,129,late_rebuild,1698518,1024,32,measured
python-20260723T020649Z,14142335702630728939,1024,130,sign_batch,37729777,1024,32,measured
python-20260723T020649Z,14142335702630728939,1024,130,late_rebuild,1713540,1024,32,measured
python-20260723T020649Z,14142335702630728939,1024,130,merkle_build,803135,1024,32,measured
python-20260723T020649Z,14142335702630728939,1024,130,proof_verify,27301,1024,32,measured
python-20260723T020649Z,14142335702630728939,1024,130,signature_admission_batch,119113729,1024,32,measured
python-20260723T020649Z,14142335702630728939,1024,130,verify_batch,113170442,1024,32,measured
python-20260723T020649Z,14142335702630728939,1024,131,late_rebuild,1736554,1024,32,measured
python-20260723T020649Z,14142335702630728939,1024,131,signature_admission_batch,119044115,1024,32,measured
python-20260723T020649Z,14142335702630728939,1024,131,verify_batch,112980229,1024,32,measured
python-20260723T020649Z,14142335702630728939,1024,131,sign_batch,37639372,1024,32,measured
python-20260723T020649Z,14142335702630728939,1024,131,proof_verify,45778,1024,32,measured
python-20260723T020649Z,14142335702630728939,1024,131,merkle_build,848753,1024,32,measured
python-20260723T020649Z,14142335702630728939,1024,132,merkle_build,830185,1024,32,measured
python-20260723T020649Z,14142335702630728939,1024,132,verify_batch,113123773,1024,32,measured
python-20260723T020649Z,14142335702630728939,1024,132,sign_batch,38649225,1024,32,measured
python-20260723T020649Z,14142335702630728939,1024,132,signature_admission_batch,119286286,1024,32,measured
python-20260723T020649Z,14142335702630728939,1024,132,proof_verify,34812,1024,32,measured
python-20260723T020649Z,14142335702630728939,1024,132,late_rebuild,1736866,1024,32,measured
python-20260723T020649Z,14142335702630728939,1024,133,verify_batch,113125415,1024,32,measured
python-20260723T020649Z,14142335702630728939,1024,133,sign_batch,37915663,1024,32,measured
python-20260723T020649Z,14142335702630728939,1024,133,signature_admission_batch,118997215,1024,32,measured
python-20260723T020649Z,14142335702630728939,1024,133,proof_verify,35513,1024,32,measured
python-20260723T020649Z,14142335702630728939,1024,133,merkle_build,848403,1024,32,measured
python-20260723T020649Z,14142335702630728939,1024,133,late_rebuild,1685960,1024,32,measured
python-20260723T020649Z,14142335702630728939,1024,134,merkle_build,804778,1024,32,measured
python-20260723T020649Z,14142335702630728939,1024,134,signature_admission_batch,118802105,1024,32,measured
python-20260723T020649Z,14142335702630728939,1024,134,sign_batch,37680974,1024,32,measured
python-20260723T020649Z,14142335702630728939,1024,134,proof_verify,39579,1024,32,measured
python-20260723T020649Z,14142335702630728939,1024,134,verify_batch,113567724,1024,32,measured
python-20260723T020649Z,14142335702630728939,1024,134,late_rebuild,1780971,1024,32,measured
python-20260723T020649Z,14142335702630728939,1024,135,signature_admission_batch,123510583,1024,32,measured
python-20260723T020649Z,14142335702630728939,1024,135,late_rebuild,1757777,1024,32,measured
python-20260723T020649Z,14142335702630728939,1024,135,sign_batch,37530150,1024,32,measured
python-20260723T020649Z,14142335702630728939,1024,135,proof_verify,40691,1024,32,measured
python-20260723T020649Z,14142335702630728939,1024,135,merkle_build,817197,1024,32,measured
python-20260723T020649Z,14142335702630728939,1024,135,verify_batch,113523718,1024,32,measured
python-20260723T020649Z,14142335702630728939,1024,136,verify_batch,113044586,1024,32,measured
python-20260723T020649Z,14142335702630728939,1024,136,late_rebuild,1720912,1024,32,measured
python-20260723T020649Z,14142335702630728939,1024,136,signature_admission_batch,119173447,1024,32,measured
python-20260723T020649Z,14142335702630728939,1024,136,proof_verify,36634,1024,32,measured
python-20260723T020649Z,14142335702630728939,1024,136,sign_batch,37595748,1024,32,measured
python-20260723T020649Z,14142335702630728939,1024,136,merkle_build,848903,1024,32,measured
python-20260723T020649Z,14142335702630728939,1024,137,verify_batch,112948683,1024,32,measured
python-20260723T020649Z,14142335702630728939,1024,137,sign_batch,37740292,1024,32,measured
python-20260723T020649Z,14142335702630728939,1024,137,signature_admission_batch,118755626,1024,32,measured
python-20260723T020649Z,14142335702630728939,1024,137,late_rebuild,1716795,1024,32,measured
python-20260723T020649Z,14142335702630728939,1024,137,merkle_build,832429,1024,32,measured
python-20260723T020649Z,14142335702630728939,1024,137,proof_verify,28342,1024,32,measured
python-20260723T020649Z,14142335702630728939,1024,138,verify_batch,112739010,1024,32,measured
python-20260723T020649Z,14142335702630728939,1024,138,sign_batch,37644320,1024,32,measured
python-20260723T020649Z,14142335702630728939,1024,138,late_rebuild,1770776,1024,32,measured
python-20260723T020649Z,14142335702630728939,1024,138,proof_verify,29133,1024,32,measured
python-20260723T020649Z,14142335702630728939,1024,138,merkle_build,805339,1024,32,measured
python-20260723T020649Z,14142335702630728939,1024,138,signature_admission_batch,118987060,1024,32,measured
python-20260723T020649Z,14142335702630728939,1024,139,merkle_build,824888,1024,32,measured
python-20260723T020649Z,14142335702630728939,1024,139,sign_batch,37754553,1024,32,measured
python-20260723T020649Z,14142335702630728939,1024,139,signature_admission_batch,128654829,1024,32,measured
python-20260723T020649Z,14142335702630728939,1024,139,proof_verify,38938,1024,32,measured
python-20260723T020649Z,14142335702630728939,1024,139,late_rebuild,1744576,1024,32,measured
python-20260723T020649Z,14142335702630728939,1024,139,verify_batch,113900850,1024,32,measured
python-20260723T020649Z,14142335702630728939,1024,140,proof_verify,45889,1024,32,measured
python-20260723T020649Z,14142335702630728939,1024,140,verify_batch,113111335,1024,32,measured
python-20260723T020649Z,14142335702630728939,1024,140,sign_batch,37698560,1024,32,measured
python-20260723T020649Z,14142335702630728939,1024,140,late_rebuild,1746249,1024,32,measured
python-20260723T020649Z,14142335702630728939,1024,140,signature_admission_batch,119018156,1024,32,measured
python-20260723T020649Z,14142335702630728939,1024,140,merkle_build,851117,1024,32,measured
python-20260723T020649Z,14142335702630728939,1024,141,sign_batch,37490641,1024,32,measured
python-20260723T020649Z,14142335702630728939,1024,141,merkle_build,823646,1024,32,measured
python-20260723T020649Z,14142335702630728939,1024,141,proof_verify,30826,1024,32,measured
python-20260723T020649Z,14142335702630728939,1024,141,verify_batch,112835143,1024,32,measured
python-20260723T020649Z,14142335702630728939,1024,141,late_rebuild,1731647,1024,32,measured
python-20260723T020649Z,14142335702630728939,1024,141,signature_admission_batch,119062252,1024,32,measured
python-20260723T020649Z,14142335702630728939,1024,142,late_rebuild,1708303,1024,32,measured
python-20260723T020649Z,14142335702630728939,1024,142,merkle_build,814563,1024,32,measured
python-20260723T020649Z,14142335702630728939,1024,142,proof_verify,27611,1024,32,measured
python-20260723T020649Z,14142335702630728939,1024,142,verify_batch,113143412,1024,32,measured
python-20260723T020649Z,14142335702630728939,1024,142,signature_admission_batch,124855004,1024,32,measured
python-20260723T020649Z,14142335702630728939,1024,142,sign_batch,49074538,1024,32,measured
python-20260723T020649Z,14142335702630728939,1024,143,proof_verify,42222,1024,32,measured
python-20260723T020649Z,14142335702630728939,1024,143,merkle_build,819720,1024,32,measured
python-20260723T020649Z,14142335702630728939,1024,143,sign_batch,45355046,1024,32,measured
python-20260723T020649Z,14142335702630728939,1024,143,late_rebuild,1730996,1024,32,measured
python-20260723T020649Z,14142335702630728939,1024,143,verify_batch,113861621,1024,32,measured
python-20260723T020649Z,14142335702630728939,1024,143,signature_admission_batch,119493945,1024,32,measured
python-20260723T020649Z,14142335702630728939,1024,144,merkle_build,841843,1024,32,measured
python-20260723T020649Z,14142335702630728939,1024,144,proof_verify,30195,1024,32,measured
python-20260723T020649Z,14142335702630728939,1024,144,verify_batch,119758318,1024,32,measured
python-20260723T020649Z,14142335702630728939,1024,144,late_rebuild,2279863,1024,32,measured
python-20260723T020649Z,14142335702630728939,1024,144,signature_admission_batch,128468372,1024,32,measured
python-20260723T020649Z,14142335702630728939,1024,144,sign_batch,44810746,1024,32,measured
python-20260723T020649Z,14142335702630728939,1024,145,proof_verify,50405,1024,32,measured
python-20260723T020649Z,14142335702630728939,1024,145,merkle_build,1002932,1024,32,measured
python-20260723T020649Z,14142335702630728939,1024,145,late_rebuild,2308386,1024,32,measured
python-20260723T020649Z,14142335702630728939,1024,145,signature_admission_batch,128977009,1024,32,measured
python-20260723T020649Z,14142335702630728939,1024,145,verify_batch,126251613,1024,32,measured
python-20260723T020649Z,14142335702630728939,1024,145,sign_batch,40734740,1024,32,measured
python-20260723T020649Z,14142335702630728939,1024,146,signature_admission_batch,130638412,1024,32,measured
python-20260723T020649Z,14142335702630728939,1024,146,merkle_build,979778,1024,32,measured
python-20260723T020649Z,14142335702630728939,1024,146,verify_batch,129402792,1024,32,measured
python-20260723T020649Z,14142335702630728939,1024,146,proof_verify,49914,1024,32,measured
python-20260723T020649Z,14142335702630728939,1024,146,sign_batch,41960133,1024,32,measured
python-20260723T020649Z,14142335702630728939,1024,146,late_rebuild,1850554,1024,32,measured
python-20260723T020649Z,14142335702630728939,1024,147,signature_admission_batch,132002912,1024,32,measured
python-20260723T020649Z,14142335702630728939,1024,147,merkle_build,873060,1024,32,measured
python-20260723T020649Z,14142335702630728939,1024,147,sign_batch,41960443,1024,32,measured
python-20260723T020649Z,14142335702630728939,1024,147,verify_batch,117109946,1024,32,measured
python-20260723T020649Z,14142335702630728939,1024,147,proof_verify,53169,1024,32,measured
python-20260723T020649Z,14142335702630728939,1024,147,late_rebuild,1734982,1024,32,measured
python-20260723T020649Z,14142335702630728939,1024,148,late_rebuild,1653571,1024,32,measured
python-20260723T020649Z,14142335702630728939,1024,148,proof_verify,18758,1024,32,measured
python-20260723T020649Z,14142335702630728939,1024,148,sign_batch,43782636,1024,32,measured
python-20260723T020649Z,14142335702630728939,1024,148,signature_admission_batch,126949101,1024,32,measured
python-20260723T020649Z,14142335702630728939,1024,148,merkle_build,861643,1024,32,measured
python-20260723T020649Z,14142335702630728939,1024,148,verify_batch,121473110,1024,32,measured
python-20260723T020649Z,14142335702630728939,1024,149,merkle_build,846740,1024,32,measured
python-20260723T020649Z,14142335702630728939,1024,149,proof_verify,30636,1024,32,measured
python-20260723T020649Z,14142335702630728939,1024,149,late_rebuild,1720530,1024,32,measured
python-20260723T020649Z,14142335702630728939,1024,149,verify_batch,121202788,1024,32,measured
python-20260723T020649Z,14142335702630728939,1024,149,sign_batch,38742814,1024,32,measured
python-20260723T020649Z,14142335702630728939,1024,149,signature_admission_batch,132511380,1024,32,measured
python-20260723T020649Z,14142335702630728939,1024,150,verify_batch,124766883,1024,32,measured
python-20260723T020649Z,14142335702630728939,1024,150,merkle_build,1205203,1024,32,measured
python-20260723T020649Z,14142335702630728939,1024,150,late_rebuild,2164983,1024,32,measured
python-20260723T020649Z,14142335702630728939,1024,150,signature_admission_batch,128180223,1024,32,measured
python-20260723T020649Z,14142335702630728939,1024,150,proof_verify,39829,1024,32,measured
python-20260723T020649Z,14142335702630728939,1024,150,sign_batch,42500267,1024,32,measured
python-20260723T020649Z,14142335702630728939,1024,151,verify_batch,124421739,1024,32,measured
python-20260723T020649Z,14142335702630728939,1024,151,late_rebuild,2240004,1024,32,measured
python-20260723T020649Z,14142335702630728939,1024,151,sign_batch,41108456,1024,32,measured
python-20260723T020649Z,14142335702630728939,1024,151,signature_admission_batch,128450605,1024,32,measured
python-20260723T020649Z,14142335702630728939,1024,151,proof_verify,45107,1024,32,measured
python-20260723T020649Z,14142335702630728939,1024,151,merkle_build,1124834,1024,32,measured
python-20260723T020649Z,14142335702630728939,1024,152,verify_batch,116448041,1024,32,measured
python-20260723T020649Z,14142335702630728939,1024,152,proof_verify,51106,1024,32,measured
python-20260723T020649Z,14142335702630728939,1024,152,signature_admission_batch,121248546,1024,32,measured
python-20260723T020649Z,14142335702630728939,1024,152,merkle_build,827942,1024,32,measured
python-20260723T020649Z,14142335702630728939,1024,152,sign_batch,38002533,1024,32,measured
python-20260723T020649Z,14142335702630728939,1024,152,late_rebuild,1708152,1024,32,measured
python-20260723T020649Z,14142335702630728939,1024,153,proof_verify,30265,1024,32,measured
python-20260723T020649Z,14142335702630728939,1024,153,verify_batch,113610198,1024,32,measured
python-20260723T020649Z,14142335702630728939,1024,153,merkle_build,865067,1024,32,measured
python-20260723T020649Z,14142335702630728939,1024,153,sign_batch,37705601,1024,32,measured
python-20260723T020649Z,14142335702630728939,1024,153,late_rebuild,1749324,1024,32,measured
python-20260723T020649Z,14142335702630728939,1024,153,signature_admission_batch,119127369,1024,32,measured
python-20260723T020649Z,14142335702630728939,1024,154,proof_verify,50906,1024,32,measured
python-20260723T020649Z,14142335702630728939,1024,154,merkle_build,849725,1024,32,measured
python-20260723T020649Z,14142335702630728939,1024,154,sign_batch,37706632,1024,32,measured
python-20260723T020649Z,14142335702630728939,1024,154,late_rebuild,1717886,1024,32,measured
python-20260723T020649Z,14142335702630728939,1024,154,verify_batch,113040819,1024,32,measured
python-20260723T020649Z,14142335702630728939,1024,154,signature_admission_batch,119050254,1024,32,measured
python-20260723T020649Z,14142335702630728939,1024,155,signature_admission_batch,118987701,1024,32,measured
python-20260723T020649Z,14142335702630728939,1024,155,proof_verify,39368,1024,32,measured
python-20260723T020649Z,14142335702630728939,1024,155,late_rebuild,1735343,1024,32,measured
python-20260723T020649Z,14142335702630728939,1024,155,verify_batch,112755084,1024,32,measured
python-20260723T020649Z,14142335702630728939,1024,155,merkle_build,839369,1024,32,measured
python-20260723T020649Z,14142335702630728939,1024,155,sign_batch,38562256,1024,32,measured
python-20260723T020649Z,14142335702630728939,1024,156,proof_verify,40741,1024,32,measured
python-20260723T020649Z,14142335702630728939,1024,156,merkle_build,823516,1024,32,measured
python-20260723T020649Z,14142335702630728939,1024,156,late_rebuild,1676465,1024,32,measured
python-20260723T020649Z,14142335702630728939,1024,156,verify_batch,113573322,1024,32,measured
python-20260723T020649Z,14142335702630728939,1024,156,signature_admission_batch,119854621,1024,32,measured
python-20260723T020649Z,14142335702630728939,1024,156,sign_batch,37670028,1024,32,measured
python-20260723T020649Z,14142335702630728939,1024,157,signature_admission_batch,119360135,1024,32,measured
python-20260723T020649Z,14142335702630728939,1024,157,proof_verify,50255,1024,32,measured
python-20260723T020649Z,14142335702630728939,1024,157,late_rebuild,2760348,1024,32,measured
python-20260723T020649Z,14142335702630728939,1024,157,merkle_build,1306315,1024,32,measured
python-20260723T020649Z,14142335702630728939,1024,157,sign_batch,45216481,1024,32,measured
python-20260723T020649Z,14142335702630728939,1024,157,verify_batch,118972458,1024,32,measured
python-20260723T020649Z,14142335702630728939,1024,158,merkle_build,854242,1024,32,measured
python-20260723T020649Z,14142335702630728939,1024,158,signature_admission_batch,119592661,1024,32,measured
python-20260723T020649Z,14142335702630728939,1024,158,sign_batch,37786081,1024,32,measured
python-20260723T020649Z,14142335702630728939,1024,158,verify_batch,112602558,1024,32,measured
python-20260723T020649Z,14142335702630728939,1024,158,proof_verify,49704,1024,32,measured
python-20260723T020649Z,14142335702630728939,1024,158,late_rebuild,1716996,1024,32,measured
python-20260723T020649Z,14142335702630728939,1024,159,proof_verify,16534,1024,32,measured
python-20260723T020649Z,14142335702630728939,1024,159,signature_admission_batch,119080469,1024,32,measured
python-20260723T020649Z,14142335702630728939,1024,159,verify_batch,113315438,1024,32,measured
python-20260723T020649Z,14142335702630728939,1024,159,late_rebuild,1749624,1024,32,measured
python-20260723T020649Z,14142335702630728939,1024,159,merkle_build,815805,1024,32,measured
python-20260723T020649Z,14142335702630728939,1024,159,sign_batch,37790677,1024,32,measured
python-20260723T020649Z,14142335702630728939,1024,160,late_rebuild,1724086,1024,32,measured
python-20260723T020649Z,14142335702630728939,1024,160,sign_batch,37550260,1024,32,measured
python-20260723T020649Z,14142335702630728939,1024,160,proof_verify,40821,1024,32,measured
python-20260723T020649Z,14142335702630728939,1024,160,merkle_build,849345,1024,32,measured
python-20260723T020649Z,14142335702630728939,1024,160,verify_batch,112794192,1024,32,measured
python-20260723T020649Z,14142335702630728939,1024,160,signature_admission_batch,119761903,1024,32,measured
python-20260723T020649Z,14142335702630728939,1024,161,verify_batch,114376859,1024,32,measured
python-20260723T020649Z,14142335702630728939,1024,161,sign_batch,37942674,1024,32,measured
python-20260723T020649Z,14142335702630728939,1024,161,proof_verify,49143,1024,32,measured
python-20260723T020649Z,14142335702630728939,1024,161,merkle_build,833651,1024,32,measured
python-20260723T020649Z,14142335702630728939,1024,161,signature_admission_batch,119903243,1024,32,measured
python-20260723T020649Z,14142335702630728939,1024,161,late_rebuild,1711498,1024,32,measured
python-20260723T020649Z,14142335702630728939,1024,162,late_rebuild,1737136,1024,32,measured
python-20260723T020649Z,14142335702630728939,1024,162,verify_batch,112754694,1024,32,measured
python-20260723T020649Z,14142335702630728939,1024,162,sign_batch,37572052,1024,32,measured
python-20260723T020649Z,14142335702630728939,1024,162,signature_admission_batch,119463680,1024,32,measured
python-20260723T020649Z,14142335702630728939,1024,162,merkle_build,864167,1024,32,measured
python-20260723T020649Z,14142335702630728939,1024,162,proof_verify,30886,1024,32,measured
python-20260723T020649Z,14142335702630728939,1024,163,verify_batch,113696496,1024,32,measured
python-20260723T020649Z,14142335702630728939,1024,163,proof_verify,48693,1024,32,measured
python-20260723T020649Z,14142335702630728939,1024,163,merkle_build,836335,1024,32,measured
python-20260723T020649Z,14142335702630728939,1024,163,late_rebuild,1743244,1024,32,measured
python-20260723T020649Z,14142335702630728939,1024,163,signature_admission_batch,119468497,1024,32,measured
python-20260723T020649Z,14142335702630728939,1024,163,sign_batch,37710328,1024,32,measured
python-20260723T020649Z,14142335702630728939,1024,164,merkle_build,841973,1024,32,measured
python-20260723T020649Z,14142335702630728939,1024,164,sign_batch,37582808,1024,32,measured
python-20260723T020649Z,14142335702630728939,1024,164,signature_admission_batch,119054821,1024,32,measured
python-20260723T020649Z,14142335702630728939,1024,164,verify_batch,113792498,1024,32,measured
python-20260723T020649Z,14142335702630728939,1024,164,late_rebuild,1729394,1024,32,measured
python-20260723T020649Z,14142335702630728939,1024,164,proof_verify,30185,1024,32,measured
python-20260723T020649Z,14142335702630728939,1024,165,signature_admission_batch,119597389,1024,32,measured
python-20260723T020649Z,14142335702630728939,1024,165,verify_batch,113223452,1024,32,measured
python-20260723T020649Z,14142335702630728939,1024,165,sign_batch,37865939,1024,32,measured
python-20260723T020649Z,14142335702630728939,1024,165,merkle_build,842264,1024,32,measured
python-20260723T020649Z,14142335702630728939,1024,165,late_rebuild,2078032,1024,32,measured
python-20260723T020649Z,14142335702630728939,1024,165,proof_verify,32328,1024,32,measured
python-20260723T020649Z,14142335702630728939,1024,166,proof_verify,14411,1024,32,measured
python-20260723T020649Z,14142335702630728939,1024,166,late_rebuild,1716144,1024,32,measured
python-20260723T020649Z,14142335702630728939,1024,166,signature_admission_batch,120928780,1024,32,measured
python-20260723T020649Z,14142335702630728939,1024,166,merkle_build,870796,1024,32,measured
python-20260723T020649Z,14142335702630728939,1024,166,verify_batch,115616704,1024,32,measured
python-20260723T020649Z,14142335702630728939,1024,166,sign_batch,38235400,1024,32,measured
python-20260723T020649Z,14142335702630728939,1024,167,proof_verify,50225,1024,32,measured
python-20260723T020649Z,14142335702630728939,1024,167,late_rebuild,1699299,1024,32,measured
python-20260723T020649Z,14142335702630728939,1024,167,signature_admission_batch,119873319,1024,32,measured
python-20260723T020649Z,14142335702630728939,1024,167,sign_batch,39224001,1024,32,measured
python-20260723T020649Z,14142335702630728939,1024,167,verify_batch,116094765,1024,32,measured
python-20260723T020649Z,14142335702630728939,1024,167,merkle_build,848844,1024,32,measured
python-20260723T020649Z,14142335702630728939,1024,168,proof_verify,30686,1024,32,measured
python-20260723T020649Z,14142335702630728939,1024,168,late_rebuild,1811466,1024,32,measured
python-20260723T020649Z,14142335702630728939,1024,168,verify_batch,119121540,1024,32,measured
python-20260723T020649Z,14142335702630728939,1024,168,sign_batch,39607883,1024,32,measured
python-20260723T020649Z,14142335702630728939,1024,168,merkle_build,866109,1024,32,measured
python-20260723T020649Z,14142335702630728939,1024,168,signature_admission_batch,120901059,1024,32,measured
python-20260723T020649Z,14142335702630728939,1024,169,proof_verify,37716,1024,32,measured
python-20260723T020649Z,14142335702630728939,1024,169,late_rebuild,1720551,1024,32,measured
python-20260723T020649Z,14142335702630728939,1024,169,sign_batch,37816867,1024,32,measured
python-20260723T020649Z,14142335702630728939,1024,169,merkle_build,938717,1024,32,measured
python-20260723T020649Z,14142335702630728939,1024,169,signature_admission_batch,121657815,1024,32,measured
python-20260723T020649Z,14142335702630728939,1024,169,verify_batch,116328373,1024,32,measured
python-20260723T020649Z,14142335702630728939,1024,170,verify_batch,114571218,1024,32,measured
python-20260723T020649Z,14142335702630728939,1024,170,sign_batch,38496608,1024,32,measured
python-20260723T020649Z,14142335702630728939,1024,170,proof_verify,48603,1024,32,measured
python-20260723T020649Z,14142335702630728939,1024,170,signature_admission_batch,120565449,1024,32,measured
python-20260723T020649Z,14142335702630728939,1024,170,merkle_build,832109,1024,32,measured
python-20260723T020649Z,14142335702630728939,1024,170,late_rebuild,1744787,1024,32,measured
python-20260723T020649Z,14142335702630728939,1024,171,verify_batch,115084551,1024,32,measured
python-20260723T020649Z,14142335702630728939,1024,171,signature_admission_batch,125106718,1024,32,measured
python-20260723T020649Z,14142335702630728939,1024,171,proof_verify,37586,1024,32,measured
python-20260723T020649Z,14142335702630728939,1024,171,merkle_build,824888,1024,32,measured
python-20260723T020649Z,14142335702630728939,1024,171,sign_batch,40001649,1024,32,measured
python-20260723T020649Z,14142335702630728939,1024,171,late_rebuild,1736414,1024,32,measured
python-20260723T020649Z,14142335702630728939,1024,172,signature_admission_batch,119072878,1024,32,measured
python-20260723T020649Z,14142335702630728939,1024,172,late_rebuild,1729454,1024,32,measured
python-20260723T020649Z,14142335702630728939,1024,172,sign_batch,37579052,1024,32,measured
python-20260723T020649Z,14142335702630728939,1024,172,verify_batch,113037926,1024,32,measured
python-20260723T020649Z,14142335702630728939,1024,172,merkle_build,947410,1024,32,measured
python-20260723T020649Z,14142335702630728939,1024,172,proof_verify,32058,1024,32,measured
python-20260723T020649Z,14142335702630728939,1024,173,proof_verify,15073,1024,32,measured
python-20260723T020649Z,14142335702630728939,1024,173,late_rebuild,1704167,1024,32,measured
python-20260723T020649Z,14142335702630728939,1024,173,verify_batch,113469287,1024,32,measured
python-20260723T020649Z,14142335702630728939,1024,173,sign_batch,37817547,1024,32,measured
python-20260723T020649Z,14142335702630728939,1024,173,merkle_build,841082,1024,32,measured
python-20260723T020649Z,14142335702630728939,1024,173,signature_admission_batch,122336495,1024,32,measured
python-20260723T020649Z,14142335702630728939,1024,174,verify_batch,114962810,1024,32,measured
python-20260723T020649Z,14142335702630728939,1024,174,signature_admission_batch,119352544,1024,32,measured
python-20260723T020649Z,14142335702630728939,1024,174,sign_batch,37689747,1024,32,measured
python-20260723T020649Z,14142335702630728939,1024,174,merkle_build,850536,1024,32,measured
python-20260723T020649Z,14142335702630728939,1024,174,late_rebuild,1717906,1024,32,measured
python-20260723T020649Z,14142335702630728939,1024,174,proof_verify,29534,1024,32,measured
python-20260723T020649Z,14142335702630728939,1024,175,proof_verify,14792,1024,32,measured
python-20260723T020649Z,14142335702630728939,1024,175,merkle_build,835393,1024,32,measured
python-20260723T020649Z,14142335702630728939,1024,175,verify_batch,115210529,1024,32,measured
python-20260723T020649Z,14142335702630728939,1024,175,signature_admission_batch,122749390,1024,32,measured
python-20260723T020649Z,14142335702630728939,1024,175,sign_batch,38136993,1024,32,measured
python-20260723T020649Z,14142335702630728939,1024,175,late_rebuild,1719760,1024,32,measured
python-20260723T020649Z,14142335702630728939,1024,176,verify_batch,116689491,1024,32,measured
python-20260723T020649Z,14142335702630728939,1024,176,proof_verify,52028,1024,32,measured
python-20260723T020649Z,14142335702630728939,1024,176,sign_batch,40075108,1024,32,measured
python-20260723T020649Z,14142335702630728939,1024,176,late_rebuild,1757917,1024,32,measured
python-20260723T020649Z,14142335702630728939,1024,176,merkle_build,830616,1024,32,measured
python-20260723T020649Z,14142335702630728939,1024,176,signature_admission_batch,124387679,1024,32,measured
python-20260723T020649Z,14142335702630728939,1024,177,verify_batch,115904902,1024,32,measured
python-20260723T020649Z,14142335702630728939,1024,177,sign_batch,38226106,1024,32,measured
python-20260723T020649Z,14142335702630728939,1024,177,proof_verify,85898,1024,32,measured
python-20260723T020649Z,14142335702630728939,1024,177,late_rebuild,1730716,1024,32,measured
python-20260723T020649Z,14142335702630728939,1024,177,merkle_build,809966,1024,32,measured
python-20260723T020649Z,14142335702630728939,1024,177,signature_admission_batch,124886050,1024,32,measured
python-20260723T020649Z,14142335702630728939,1024,178,verify_batch,122120093,1024,32,measured
python-20260723T020649Z,14142335702630728939,1024,178,late_rebuild,1719819,1024,32,measured
python-20260723T020649Z,14142335702630728939,1024,178,merkle_build,834972,1024,32,measured
python-20260723T020649Z,14142335702630728939,1024,178,signature_admission_batch,127824544,1024,32,measured
python-20260723T020649Z,14142335702630728939,1024,178,sign_batch,39370910,1024,32,measured
python-20260723T020649Z,14142335702630728939,1024,178,proof_verify,45958,1024,32,measured
python-20260723T020649Z,14142335702630728939,1024,179,verify_batch,117463883,1024,32,measured
python-20260723T020649Z,14142335702630728939,1024,179,signature_admission_batch,136144517,1024,32,measured
python-20260723T020649Z,14142335702630728939,1024,179,merkle_build,885097,1024,32,measured
python-20260723T020649Z,14142335702630728939,1024,179,proof_verify,31137,1024,32,measured
python-20260723T020649Z,14142335702630728939,1024,179,sign_batch,44159347,1024,32,measured
python-20260723T020649Z,14142335702630728939,1024,179,late_rebuild,1755332,1024,32,measured
python-20260723T020649Z,14142335702630728939,1024,180,proof_verify,29324,1024,32,measured
python-20260723T020649Z,14142335702630728939,1024,180,signature_admission_batch,140972373,1024,32,measured
python-20260723T020649Z,14142335702630728939,1024,180,merkle_build,833070,1024,32,measured
python-20260723T020649Z,14142335702630728939,1024,180,verify_batch,125059468,1024,32,measured
python-20260723T020649Z,14142335702630728939,1024,180,late_rebuild,1936612,1024,32,measured
python-20260723T020649Z,14142335702630728939,1024,180,sign_batch,41633727,1024,32,measured
python-20260723T020649Z,14142335702630728939,1024,181,verify_batch,124219669,1024,32,measured
python-20260723T020649Z,14142335702630728939,1024,181,late_rebuild,1790725,1024,32,measured
python-20260723T020649Z,14142335702630728939,1024,181,merkle_build,875203,1024,32,measured
python-20260723T020649Z,14142335702630728939,1024,181,signature_admission_batch,130370283,1024,32,measured
python-20260723T020649Z,14142335702630728939,1024,181,sign_batch,42214332,1024,32,measured
python-20260723T020649Z,14142335702630728939,1024,181,proof_verify,52398,1024,32,measured
python-20260723T020649Z,14142335702630728939,1024,182,proof_verify,15393,1024,32,measured
python-20260723T020649Z,14142335702630728939,1024,182,verify_batch,122358608,1024,32,measured
python-20260723T020649Z,14142335702630728939,1024,182,signature_admission_batch,130216103,1024,32,measured
python-20260723T020649Z,14142335702630728939,1024,182,merkle_build,1174909,1024,32,measured
python-20260723T020649Z,14142335702630728939,1024,182,late_rebuild,2223750,1024,32,measured
python-20260723T020649Z,14142335702630728939,1024,182,sign_batch,43057677,1024,32,measured
python-20260723T020649Z,14142335702630728939,1024,183,verify_batch,124267870,1024,32,measured
python-20260723T020649Z,14142335702630728939,1024,183,signature_admission_batch,141095086,1024,32,measured
python-20260723T020649Z,14142335702630728939,1024,183,merkle_build,871367,1024,32,measured
python-20260723T020649Z,14142335702630728939,1024,183,sign_batch,40965222,1024,32,measured
python-20260723T020649Z,14142335702630728939,1024,183,late_rebuild,1916162,1024,32,measured
python-20260723T020649Z,14142335702630728939,1024,183,proof_verify,33570,1024,32,measured
python-20260723T020649Z,14142335702630728939,1024,184,merkle_build,814723,1024,32,measured
python-20260723T020649Z,14142335702630728939,1024,184,proof_verify,16705,1024,32,measured
python-20260723T020649Z,14142335702630728939,1024,184,verify_batch,126911004,1024,32,measured
python-20260723T020649Z,14142335702630728939,1024,184,sign_batch,41079563,1024,32,measured
python-20260723T020649Z,14142335702630728939,1024,184,signature_admission_batch,132328648,1024,32,measured
python-20260723T020649Z,14142335702630728939,1024,184,late_rebuild,2347855,1024,32,measured
python-20260723T020649Z,14142335702630728939,1024,185,late_rebuild,2339002,1024,32,measured
python-20260723T020649Z,14142335702630728939,1024,185,verify_batch,129154694,1024,32,measured
python-20260723T020649Z,14142335702630728939,1024,185,merkle_build,1213887,1024,32,measured
python-20260723T020649Z,14142335702630728939,1024,185,sign_batch,42058540,1024,32,measured
python-20260723T020649Z,14142335702630728939,1024,185,signature_admission_batch,137737618,1024,32,measured
python-20260723T020649Z,14142335702630728939,1024,185,proof_verify,40230,1024,32,measured
python-20260723T020649Z,14142335702630728939,1024,186,signature_admission_batch,135314351,1024,32,measured
python-20260723T020649Z,14142335702630728939,1024,186,merkle_build,1162570,1024,32,measured
python-20260723T020649Z,14142335702630728939,1024,186,proof_verify,43955,1024,32,measured
python-20260723T020649Z,14142335702630728939,1024,186,verify_batch,129724732,1024,32,measured
python-20260723T020649Z,14142335702630728939,1024,186,late_rebuild,2284290,1024,32,measured
python-20260723T020649Z,14142335702630728939,1024,186,sign_batch,44106879,1024,32,measured
python-20260723T020649Z,14142335702630728939,1024,187,verify_batch,122964069,1024,32,measured
python-20260723T020649Z,14142335702630728939,1024,187,proof_verify,53760,1024,32,measured
python-20260723T020649Z,14142335702630728939,1024,187,sign_batch,37894161,1024,32,measured
python-20260723T020649Z,14142335702630728939,1024,187,late_rebuild,1731517,1024,32,measured
python-20260723T020649Z,14142335702630728939,1024,187,merkle_build,809725,1024,32,measured
python-20260723T020649Z,14142335702630728939,1024,187,signature_admission_batch,120813899,1024,32,measured
python-20260723T020649Z,14142335702630728939,1024,188,late_rebuild,1730035,1024,32,measured
python-20260723T020649Z,14142335702630728939,1024,188,sign_batch,37707734,1024,32,measured
python-20260723T020649Z,14142335702630728939,1024,188,merkle_build,822084,1024,32,measured
python-20260723T020649Z,14142335702630728939,1024,188,proof_verify,31837,1024,32,measured
python-20260723T020649Z,14142335702630728939,1024,188,signature_admission_batch,121873727,1024,32,measured
python-20260723T020649Z,14142335702630728939,1024,188,verify_batch,113684999,1024,32,measured
python-20260723T020649Z,14142335702630728939,1024,189,proof_verify,45848,1024,32,measured
python-20260723T020649Z,14142335702630728939,1024,189,verify_batch,113093628,1024,32,measured
python-20260723T020649Z,14142335702630728939,1024,189,late_rebuild,1782453,1024,32,measured
python-20260723T020649Z,14142335702630728939,1024,189,sign_batch,37742906,1024,32,measured
python-20260723T020649Z,14142335702630728939,1024,189,merkle_build,840200,1024,32,measured
python-20260723T020649Z,14142335702630728939,1024,189,signature_admission_batch,119875222,1024,32,measured
python-20260723T020649Z,14142335702630728939,1024,190,late_rebuild,1696615,1024,32,measured
python-20260723T020649Z,14142335702630728939,1024,190,proof_verify,29034,1024,32,measured
python-20260723T020649Z,14142335702630728939,1024,190,signature_admission_batch,119356670,1024,32,measured
python-20260723T020649Z,14142335702630728939,1024,190,merkle_build,832859,1024,32,measured
python-20260723T020649Z,14142335702630728939,1024,190,sign_batch,37824247,1024,32,measured
python-20260723T020649Z,14142335702630728939,1024,190,verify_batch,113249931,1024,32,measured
python-20260723T020649Z,14142335702630728939,1024,191,late_rebuild,1717196,1024,32,measured
python-20260723T020649Z,14142335702630728939,1024,191,proof_verify,29944,1024,32,measured
python-20260723T020649Z,14142335702630728939,1024,191,verify_batch,115500090,1024,32,measured
python-20260723T020649Z,14142335702630728939,1024,191,signature_admission_batch,124962474,1024,32,measured
python-20260723T020649Z,14142335702630728939,1024,191,merkle_build,907410,1024,32,measured
python-20260723T020649Z,14142335702630728939,1024,191,sign_batch,37989944,1024,32,measured
python-20260723T020649Z,14142335702630728939,1024,192,verify_batch,117879482,1024,32,measured
python-20260723T020649Z,14142335702630728939,1024,192,late_rebuild,1803204,1024,32,measured
python-20260723T020649Z,14142335702630728939,1024,192,signature_admission_batch,125557990,1024,32,measured
python-20260723T020649Z,14142335702630728939,1024,192,sign_batch,38891055,1024,32,measured
python-20260723T020649Z,14142335702630728939,1024,192,proof_verify,49614,1024,32,measured
python-20260723T020649Z,14142335702630728939,1024,192,merkle_build,838628,1024,32,measured
python-20260723T020649Z,14142335702630728939,1024,193,proof_verify,15803,1024,32,measured
python-20260723T020649Z,14142335702630728939,1024,193,late_rebuild,1852848,1024,32,measured
python-20260723T020649Z,14142335702630728939,1024,193,verify_batch,116358267,1024,32,measured
python-20260723T020649Z,14142335702630728939,1024,193,sign_batch,39405722,1024,32,measured
python-20260723T020649Z,14142335702630728939,1024,193,signature_admission_batch,126145525,1024,32,measured
python-20260723T020649Z,14142335702630728939,1024,193,merkle_build,865158,1024,32,measured
python-20260723T020649Z,14142335702630728939,1024,194,proof_verify,29845,1024,32,measured
python-20260723T020649Z,14142335702630728939,1024,194,sign_batch,37625652,1024,32,measured
python-20260723T020649Z,14142335702630728939,1024,194,late_rebuild,1703846,1024,32,measured
python-20260723T020649Z,14142335702630728939,1024,194,merkle_build,854692,1024,32,measured
python-20260723T020649Z,14142335702630728939,1024,194,signature_admission_batch,122054736,1024,32,measured
python-20260723T020649Z,14142335702630728939,1024,194,verify_batch,112818008,1024,32,measured
python-20260723T020649Z,14142335702630728939,1024,195,late_rebuild,1746360,1024,32,measured
python-20260723T020649Z,14142335702630728939,1024,195,merkle_build,807552,1024,32,measured
python-20260723T020649Z,14142335702630728939,1024,195,verify_batch,113845928,1024,32,measured
python-20260723T020649Z,14142335702630728939,1024,195,signature_admission_batch,118906130,1024,32,measured
python-20260723T020649Z,14142335702630728939,1024,195,proof_verify,40200,1024,32,measured
python-20260723T020649Z,14142335702630728939,1024,195,sign_batch,38172586,1024,32,measured
python-20260723T020649Z,14142335702630728939,1024,196,proof_verify,34922,1024,32,measured
python-20260723T020649Z,14142335702630728939,1024,196,sign_batch,38082001,1024,32,measured
python-20260723T020649Z,14142335702630728939,1024,196,merkle_build,903435,1024,32,measured
python-20260723T020649Z,14142335702630728939,1024,196,verify_batch,114344520,1024,32,measured
python-20260723T020649Z,14142335702630728939,1024,196,late_rebuild,1753951,1024,32,measured
python-20260723T020649Z,14142335702630728939,1024,196,signature_admission_batch,119240347,1024,32,measured
python-20260723T020649Z,14142335702630728939,1024,197,sign_batch,37956134,1024,32,measured
python-20260723T020649Z,14142335702630728939,1024,197,verify_batch,122239351,1024,32,measured
python-20260723T020649Z,14142335702630728939,1024,197,merkle_build,863565,1024,32,measured
python-20260723T020649Z,14142335702630728939,1024,197,proof_verify,31517,1024,32,measured
python-20260723T020649Z,14142335702630728939,1024,197,late_rebuild,1755633,1024,32,measured
python-20260723T020649Z,14142335702630728939,1024,197,signature_admission_batch,120246945,1024,32,measured
python-20260723T020649Z,14142335702630728939,1024,198,verify_batch,119434916,1024,32,measured
python-20260723T020649Z,14142335702630728939,1024,198,proof_verify,61021,1024,32,measured
python-20260723T020649Z,14142335702630728939,1024,198,sign_batch,44794241,1024,32,measured
python-20260723T020649Z,14142335702630728939,1024,198,merkle_build,1307406,1024,32,measured
python-20260723T020649Z,14142335702630728939,1024,198,signature_admission_batch,128400071,1024,32,measured
python-20260723T020649Z,14142335702630728939,1024,198,late_rebuild,1720561,1024,32,measured
python-20260723T020649Z,14142335702630728939,1024,199,signature_admission_batch,120000889,1024,32,measured
python-20260723T020649Z,14142335702630728939,1024,199,proof_verify,53830,1024,32,measured
python-20260723T020649Z,14142335702630728939,1024,199,merkle_build,822034,1024,32,measured
python-20260723T020649Z,14142335702630728939,1024,199,verify_batch,114555875,1024,32,measured
python-20260723T020649Z,14142335702630728939,1024,199,late_rebuild,1792087,1024,32,measured
python-20260723T020649Z,14142335702630728939,1024,199,sign_batch,37866971,1024,32,measured
python-20260723T020649Z,5653737946483450709,2048,0,sign_batch,75769755,2048,64,measured
python-20260723T020649Z,5653737946483450709,2048,0,signature_admission_batch,240999613,2048,64,measured
python-20260723T020649Z,5653737946483450709,2048,0,late_rebuild,3543664,2048,64,measured
python-20260723T020649Z,5653737946483450709,2048,0,merkle_build,1659450,2048,64,measured
python-20260723T020649Z,5653737946483450709,2048,0,verify_batch,244987970,2048,64,measured
python-20260723T020649Z,5653737946483450709,2048,0,proof_verify,51807,2048,64,measured
python-20260723T020649Z,5653737946483450709,2048,1,proof_verify,16996,2048,64,measured
python-20260723T020649Z,5653737946483450709,2048,1,signature_admission_batch,240298149,2048,64,measured
python-20260723T020649Z,5653737946483450709,2048,1,verify_batch,227698326,2048,64,measured
python-20260723T020649Z,5653737946483450709,2048,1,merkle_build,1743815,2048,64,measured
python-20260723T020649Z,5653737946483450709,2048,1,late_rebuild,3517255,2048,64,measured
python-20260723T020649Z,5653737946483450709,2048,1,sign_batch,75671499,2048,64,measured
python-20260723T020649Z,5653737946483450709,2048,2,sign_batch,76004655,2048,64,measured
python-20260723T020649Z,5653737946483450709,2048,2,verify_batch,240151461,2048,64,measured
python-20260723T020649Z,5653737946483450709,2048,2,proof_verify,53330,2048,64,measured
python-20260723T020649Z,5653737946483450709,2048,2,signature_admission_batch,239750534,2048,64,measured
python-20260723T020649Z,5653737946483450709,2048,2,merkle_build,1687792,2048,64,measured
python-20260723T020649Z,5653737946483450709,2048,2,late_rebuild,3540971,2048,64,measured
python-20260723T020649Z,5653737946483450709,2048,3,sign_batch,77182208,2048,64,measured
python-20260723T020649Z,5653737946483450709,2048,3,late_rebuild,3606658,2048,64,measured
python-20260723T020649Z,5653737946483450709,2048,3,proof_verify,30386,2048,64,measured
python-20260723T020649Z,5653737946483450709,2048,3,merkle_build,1711928,2048,64,measured
python-20260723T020649Z,5653737946483450709,2048,3,signature_admission_batch,239565629,2048,64,measured
python-20260723T020649Z,5653737946483450709,2048,3,verify_batch,226296840,2048,64,measured
python-20260723T020649Z,5653737946483450709,2048,4,verify_batch,226828541,2048,64,measured
python-20260723T020649Z,5653737946483450709,2048,4,signature_admission_batch,239734470,2048,64,measured
python-20260723T020649Z,5653737946483450709,2048,4,late_rebuild,3523765,2048,64,measured
python-20260723T020649Z,5653737946483450709,2048,4,proof_verify,31707,2048,64,measured
python-20260723T020649Z,5653737946483450709,2048,4,sign_batch,76991945,2048,64,measured
python-20260723T020649Z,5653737946483450709,2048,4,merkle_build,1840068,2048,64,measured
python-20260723T020649Z,5653737946483450709,2048,5,merkle_build,1736334,2048,64,measured
python-20260723T020649Z,5653737946483450709,2048,5,verify_batch,233752908,2048,64,measured
python-20260723T020649Z,5653737946483450709,2048,5,proof_verify,48853,2048,64,measured
python-20260723T020649Z,5653737946483450709,2048,5,signature_admission_batch,238980588,2048,64,measured
python-20260723T020649Z,5653737946483450709,2048,5,late_rebuild,3486489,2048,64,measured
python-20260723T020649Z,5653737946483450709,2048,5,sign_batch,75423370,2048,64,measured
python-20260723T020649Z,5653737946483450709,2048,6,signature_admission_batch,239074808,2048,64,measured
python-20260723T020649Z,5653737946483450709,2048,6,verify_batch,226995760,2048,64,measured
python-20260723T020649Z,5653737946483450709,2048,6,late_rebuild,3493079,2048,64,measured
python-20260723T020649Z,5653737946483450709,2048,6,sign_batch,75464130,2048,64,measured
python-20260723T020649Z,5653737946483450709,2048,6,proof_verify,45367,2048,64,measured
python-20260723T020649Z,5653737946483450709,2048,6,merkle_build,1734602,2048,64,measured
python-20260723T020649Z,5653737946483450709,2048,7,late_rebuild,3577314,2048,64,measured
python-20260723T020649Z,5653737946483450709,2048,7,proof_verify,20631,2048,64,measured
python-20260723T020649Z,5653737946483450709,2048,7,verify_batch,226974409,2048,64,measured
python-20260723T020649Z,5653737946483450709,2048,7,signature_admission_batch,238367546,2048,64,measured
python-20260723T020649Z,5653737946483450709,2048,7,sign_batch,75871677,2048,64,measured
python-20260723T020649Z,5653737946483450709,2048,7,merkle_build,1719760,2048,64,measured
python-20260723T020649Z,5653737946483450709,2048,8,verify_batch,228453560,2048,64,measured
python-20260723T020649Z,5653737946483450709,2048,8,sign_batch,75447637,2048,64,measured
python-20260723T020649Z,5653737946483450709,2048,8,proof_verify,50826,2048,64,measured
python-20260723T020649Z,5653737946483450709,2048,8,signature_admission_batch,238555485,2048,64,measured
python-20260723T020649Z,5653737946483450709,2048,8,late_rebuild,3437836,2048,64,measured
python-20260723T020649Z,5653737946483450709,2048,8,merkle_build,1603247,2048,64,measured
python-20260723T020649Z,5653737946483450709,2048,9,sign_batch,75985136,2048,64,measured
python-20260723T020649Z,5653737946483450709,2048,9,verify_batch,234896680,2048,64,measured
python-20260723T020649Z,5653737946483450709,2048,9,late_rebuild,3511045,2048,64,measured
python-20260723T020649Z,5653737946483450709,2048,9,signature_admission_batch,255205378,2048,64,measured
python-20260723T020649Z,5653737946483450709,2048,9,merkle_build,1643766,2048,64,measured
python-20260723T020649Z,5653737946483450709,2048,9,proof_verify,33610,2048,64,measured
python-20260723T020649Z,5653737946483450709,2048,10,signature_admission_batch,253115317,2048,64,measured
python-20260723T020649Z,5653737946483450709,2048,10,merkle_build,1936252,2048,64,measured
python-20260723T020649Z,5653737946483450709,2048,10,late_rebuild,4113402,2048,64,measured
python-20260723T020649Z,5653737946483450709,2048,10,verify_batch,239778486,2048,64,measured
python-20260723T020649Z,5653737946483450709,2048,10,sign_batch,86565244,2048,64,measured
python-20260723T020649Z,5653737946483450709,2048,10,proof_verify,72748,2048,64,measured
python-20260723T020649Z,5653737946483450709,2048,11,merkle_build,1635514,2048,64,measured
python-20260723T020649Z,5653737946483450709,2048,11,late_rebuild,3483835,2048,64,measured
python-20260723T020649Z,5653737946483450709,2048,11,verify_batch,243923906,2048,64,measured
python-20260723T020649Z,5653737946483450709,2048,11,sign_batch,83045224,2048,64,measured
python-20260723T020649Z,5653737946483450709,2048,11,signature_admission_batch,260115405,2048,64,measured
python-20260723T020649Z,5653737946483450709,2048,11,proof_verify,40601,2048,64,measured
python-20260723T020649Z,5653737946483450709,2048,12,late_rebuild,3523264,2048,64,measured
python-20260723T020649Z,5653737946483450709,2048,12,proof_verify,20210,2048,64,measured
python-20260723T020649Z,5653737946483450709,2048,12,merkle_build,1795292,2048,64,measured
python-20260723T020649Z,5653737946483450709,2048,12,verify_batch,248267301,2048,64,measured
python-20260723T020649Z,5653737946483450709,2048,12,sign_batch,81384733,2048,64,measured
python-20260723T020649Z,5653737946483450709,2048,12,signature_admission_batch,266463644,2048,64,measured
python-20260723T020649Z,5653737946483450709,2048,13,proof_verify,39479,2048,64,measured
python-20260723T020649Z,5653737946483450709,2048,13,signature_admission_batch,274409320,2048,64,measured
python-20260723T020649Z,5653737946483450709,2048,13,merkle_build,2211141,2048,64,measured
python-20260723T020649Z,5653737946483450709,2048,13,late_rebuild,4319289,2048,64,measured
python-20260723T020649Z,5653737946483450709,2048,13,verify_batch,256083044,2048,64,measured
python-20260723T020649Z,5653737946483450709,2048,13,sign_batch,81278735,2048,64,measured
python-20260723T020649Z,5653737946483450709,2048,14,sign_batch,84287053,2048,64,measured
python-20260723T020649Z,5653737946483450709,2048,14,merkle_build,1662614,2048,64,measured
python-20260723T020649Z,5653737946483450709,2048,14,signature_admission_batch,261555049,2048,64,measured
python-20260723T020649Z,5653737946483450709,2048,14,proof_verify,55954,2048,64,measured
python-20260723T020649Z,5653737946483450709,2048,14,late_rebuild,4327952,2048,64,measured
python-20260723T020649Z,5653737946483450709,2048,14,verify_batch,250203703,2048,64,measured
python-20260723T020649Z,5653737946483450709,2048,15,proof_verify,64747,2048,64,measured
python-20260723T020649Z,5653737946483450709,2048,15,sign_batch,83569675,2048,64,measured
python-20260723T020649Z,5653737946483450709,2048,15,late_rebuild,3431908,2048,64,measured
python-20260723T020649Z,5653737946483450709,2048,15,verify_batch,246617966,2048,64,measured
python-20260723T020649Z,5653737946483450709,2048,15,merkle_build,2387734,2048,64,measured
python-20260723T020649Z,5653737946483450709,2048,15,signature_admission_batch,265262666,2048,64,measured
python-20260723T020649Z,5653737946483450709,2048,16,signature_admission_batch,256650378,2048,64,measured
python-20260723T020649Z,5653737946483450709,2048,16,merkle_build,1983041,2048,64,measured
python-20260723T020649Z,5653737946483450709,2048,16,verify_batch,239901148,2048,64,measured
python-20260723T020649Z,5653737946483450709,2048,16,proof_verify,53570,2048,64,measured
python-20260723T020649Z,5653737946483450709,2048,16,late_rebuild,3457646,2048,64,measured
python-20260723T020649Z,5653737946483450709,2048,16,sign_batch,82687031,2048,64,measured
python-20260723T020649Z,5653737946483450709,2048,17,sign_batch,84095919,2048,64,measured
python-20260723T020649Z,5653737946483450709,2048,17,proof_verify,54280,2048,64,measured
python-20260723T020649Z,5653737946483450709,2048,17,late_rebuild,3452078,2048,64,measured
python-20260723T020649Z,5653737946483450709,2048,17,signature_admission_batch,268022574,2048,64,measured
python-20260723T020649Z,5653737946483450709,2048,17,merkle_build,2568693,2048,64,measured
python-20260723T020649Z,5653737946483450709,2048,17,verify_batch,239462886,2048,64,measured
python-20260723T020649Z,5653737946483450709,2048,18,sign_batch,76966988,2048,64,measured
python-20260723T020649Z,5653737946483450709,2048,18,proof_verify,53239,2048,64,measured
python-20260723T020649Z,5653737946483450709,2048,18,merkle_build,1782153,2048,64,measured
python-20260723T020649Z,5653737946483450709,2048,18,signature_admission_batch,249893320,2048,64,measured
python-20260723T020649Z,5653737946483450709,2048,18,verify_batch,236689308,2048,64,measured
python-20260723T020649Z,5653737946483450709,2048,18,late_rebuild,3927356,2048,64,measured
python-20260723T020649Z,5653737946483450709,2048,19,sign_batch,81262971,2048,64,measured
python-20260723T020649Z,5653737946483450709,2048,19,signature_admission_batch,258883071,2048,64,measured
python-20260723T020649Z,5653737946483450709,2048,19,merkle_build,1680641,2048,64,measured
python-20260723T020649Z,5653737946483450709,2048,19,late_rebuild,3539669,2048,64,measured
python-20260723T020649Z,5653737946483450709,2048,19,verify_batch,251211433,2048,64,measured
python-20260723T020649Z,5653737946483450709,2048,19,proof_verify,54330,2048,64,measured
python-20260723T020649Z,5653737946483450709,2048,20,proof_verify,17316,2048,64,measured
python-20260723T020649Z,5653737946483450709,2048,20,signature_admission_batch,258015089,2048,64,measured
python-20260723T020649Z,5653737946483450709,2048,20,merkle_build,1816213,2048,64,measured
python-20260723T020649Z,5653737946483450709,2048,20,verify_batch,233961728,2048,64,measured
python-20260723T020649Z,5653737946483450709,2048,20,sign_batch,76883493,2048,64,measured
python-20260723T020649Z,5653737946483450709,2048,20,late_rebuild,3541481,2048,64,measured
python-20260723T020649Z,5653737946483450709,2048,21,late_rebuild,3389214,2048,64,measured
python-20260723T020649Z,5653737946483450709,2048,21,sign_batch,76400534,2048,64,measured
python-20260723T020649Z,5653737946483450709,2048,21,proof_verify,48322,2048,64,measured
python-20260723T020649Z,5653737946483450709,2048,21,signature_admission_batch,243826641,2048,64,measured
python-20260723T020649Z,5653737946483450709,2048,21,verify_batch,230811139,2048,64,measured
python-20260723T020649Z,5653737946483450709,2048,21,merkle_build,1739319,2048,64,measured
python-20260723T020649Z,5653737946483450709,2048,22,proof_verify,33279,2048,64,measured
python-20260723T020649Z,5653737946483450709,2048,22,sign_batch,75854432,2048,64,measured
python-20260723T020649Z,5653737946483450709,2048,22,signature_admission_batch,243220809,2048,64,measured
python-20260723T020649Z,5653737946483450709,2048,22,late_rebuild,3508462,2048,64,measured
python-20260723T020649Z,5653737946483450709,2048,22,merkle_build,1618328,2048,64,measured
python-20260723T020649Z,5653737946483450709,2048,22,verify_batch,228937491,2048,64,measured
python-20260723T020649Z,5653737946483450709,2048,23,proof_verify,51597,2048,64,measured
python-20260723T020649Z,5653737946483450709,2048,23,merkle_build,1643566,2048,64,measured
python-20260723T020649Z,5653737946483450709,2048,23,sign_batch,76116301,2048,64,measured
python-20260723T020649Z,5653737946483450709,2048,23,late_rebuild,3392940,2048,64,measured
python-20260723T020649Z,5653737946483450709,2048,23,signature_admission_batch,239173655,2048,64,measured
python-20260723T020649Z,5653737946483450709,2048,23,verify_batch,227746387,2048,64,measured
python-20260723T020649Z,5653737946483450709,2048,24,verify_batch,229397645,2048,64,measured
python-20260723T020649Z,5653737946483450709,2048,24,proof_verify,53700,2048,64,measured
python-20260723T020649Z,5653737946483450709,2048,24,merkle_build,1663986,2048,64,measured
python-20260723T020649Z,5653737946483450709,2048,24,sign_batch,76397960,2048,64,measured
python-20260723T020649Z,5653737946483450709,2048,24,late_rebuild,3483234,2048,64,measured
python-20260723T020649Z,5653737946483450709,2048,24,signature_admission_batch,240850051,2048,64,measured
python-20260723T020649Z,5653737946483450709,2048,25,verify_batch,227081768,2048,64,measured
python-20260723T020649Z,5653737946483450709,2048,25,sign_batch,77047828,2048,64,measured
python-20260723T020649Z,5653737946483450709,2048,25,signature_admission_batch,240989859,2048,64,measured
python-20260723T020649Z,5653737946483450709,2048,25,late_rebuild,3407311,2048,64,measured
python-20260723T020649Z,5653737946483450709,2048,25,proof_verify,31056,2048,64,measured
python-20260723T020649Z,5653737946483450709,2048,25,merkle_build,1619620,2048,64,measured
python-20260723T020649Z,5653737946483450709,2048,26,proof_verify,17015,2048,64,measured
python-20260723T020649Z,5653737946483450709,2048,26,verify_batch,227678406,2048,64,measured
python-20260723T020649Z,5653737946483450709,2048,26,late_rebuild,3413521,2048,64,measured
python-20260723T020649Z,5653737946483450709,2048,26,merkle_build,1626291,2048,64,measured
python-20260723T020649Z,5653737946483450709,2048,26,signature_admission_batch,240485208,2048,64,measured
python-20260723T020649Z,5653737946483450709,2048,26,sign_batch,75647334,2048,64,measured
python-20260723T020649Z,5653737946483450709,2048,27,verify_batch,226705769,2048,64,measured
python-20260723T020649Z,5653737946483450709,2048,27,late_rebuild,3493690,2048,64,measured
python-20260723T020649Z,5653737946483450709,2048,27,proof_verify,32909,2048,64,measured
python-20260723T020649Z,5653737946483450709,2048,27,merkle_build,1628513,2048,64,measured
python-20260723T020649Z,5653737946483450709,2048,27,sign_batch,75628526,2048,64,measured
python-20260723T020649Z,5653737946483450709,2048,27,signature_admission_batch,239776172,2048,64,measured
python-20260723T020649Z,5653737946483450709,2048,28,proof_verify,41602,2048,64,measured
python-20260723T020649Z,5653737946483450709,2048,28,late_rebuild,3521822,2048,64,measured
python-20260723T020649Z,5653737946483450709,2048,28,signature_admission_batch,238944084,2048,64,measured
python-20260723T020649Z,5653737946483450709,2048,28,verify_batch,227462765,2048,64,measured
python-20260723T020649Z,5653737946483450709,2048,28,merkle_build,1672049,2048,64,measured
python-20260723T020649Z,5653737946483450709,2048,28,sign_batch,75911746,2048,64,measured
python-20260723T020649Z,5653737946483450709,2048,29,merkle_build,1718158,2048,64,measured
python-20260723T020649Z,5653737946483450709,2048,29,signature_admission_batch,242058599,2048,64,measured
python-20260723T020649Z,5653737946483450709,2048,29,sign_batch,75319816,2048,64,measured
python-20260723T020649Z,5653737946483450709,2048,29,proof_verify,50435,2048,64,measured
python-20260723T020649Z,5653737946483450709,2048,29,late_rebuild,3500490,2048,64,measured
python-20260723T020649Z,5653737946483450709,2048,29,verify_batch,225287267,2048,64,measured
python-20260723T020649Z,5653737946483450709,2048,30,verify_batch,225745750,2048,64,measured
python-20260723T020649Z,5653737946483450709,2048,30,proof_verify,50536,2048,64,measured
python-20260723T020649Z,5653737946483450709,2048,30,merkle_build,1749905,2048,64,measured
python-20260723T020649Z,5653737946483450709,2048,30,late_rebuild,3422864,2048,64,measured
python-20260723T020649Z,5653737946483450709,2048,30,sign_batch,75280117,2048,64,measured
python-20260723T020649Z,5653737946483450709,2048,30,signature_admission_batch,238060168,2048,64,measured
python-20260723T020649Z,5653737946483450709,2048,31,proof_verify,37926,2048,64,measured
python-20260723T020649Z,5653737946483450709,2048,31,late_rebuild,3490745,2048,64,measured
python-20260723T020649Z,5653737946483450709,2048,31,verify_batch,226778867,2048,64,measured
python-20260723T020649Z,5653737946483450709,2048,31,signature_admission_batch,240576784,2048,64,measured
python-20260723T020649Z,5653737946483450709,2048,31,sign_batch,75859649,2048,64,measured
python-20260723T020649Z,5653737946483450709,2048,31,merkle_build,1690926,2048,64,measured
python-20260723T020649Z,5653737946483450709,2048,32,late_rebuild,3476704,2048,64,measured
python-20260723T020649Z,5653737946483450709,2048,32,sign_batch,75892429,2048,64,measured
python-20260723T020649Z,5653737946483450709,2048,32,proof_verify,50685,2048,64,measured
python-20260723T020649Z,5653737946483450709,2048,32,verify_batch,225984125,2048,64,measured
python-20260723T020649Z,5653737946483450709,2048,32,signature_admission_batch,249599093,2048,64,measured
python-20260723T020649Z,5653737946483450709,2048,32,merkle_build,2133125,2048,64,measured
python-20260723T020649Z,5653737946483450709,2048,33,proof_verify,32478,2048,64,measured
python-20260723T020649Z,5653737946483450709,2048,33,merkle_build,1922652,2048,64,measured
python-20260723T020649Z,5653737946483450709,2048,33,late_rebuild,3569653,2048,64,measured
python-20260723T020649Z,5653737946483450709,2048,33,verify_batch,231979148,2048,64,measured
python-20260723T020649Z,5653737946483450709,2048,33,sign_batch,76244421,2048,64,measured
python-20260723T020649Z,5653737946483450709,2048,33,signature_admission_batch,238040058,2048,64,measured
python-20260723T020649Z,5653737946483450709,2048,34,verify_batch,225588175,2048,64,measured
python-20260723T020649Z,5653737946483450709,2048,34,proof_verify,54050,2048,64,measured
python-20260723T020649Z,5653737946483450709,2048,34,signature_admission_batch,237392294,2048,64,measured
python-20260723T020649Z,5653737946483450709,2048,34,sign_batch,75236152,2048,64,measured
python-20260723T020649Z,5653737946483450709,2048,34,late_rebuild,3433771,2048,64,measured
python-20260723T020649Z,5653737946483450709,2048,34,merkle_build,1620272,2048,64,measured
python-20260723T020649Z,5653737946483450709,2048,35,proof_verify,28893,2048,64,measured
python-20260723T020649Z,5653737946483450709,2048,35,sign_batch,75142371,2048,64,measured
python-20260723T020649Z,5653737946483450709,2048,35,merkle_build,1704517,2048,64,measured
python-20260723T020649Z,5653737946483450709,2048,35,late_rebuild,3392760,2048,64,measured
python-20260723T020649Z,5653737946483450709,2048,35,verify_batch,225108030,2048,64,measured
python-20260723T020649Z,5653737946483450709,2048,35,signature_admission_batch,238397180,2048,64,measured
python-20260723T020649Z,5653737946483450709,2048,36,late_rebuild,3750712,2048,64,measured
python-20260723T020649Z,5653737946483450709,2048,36,sign_batch,80630371,2048,64,measured
python-20260723T020649Z,5653737946483450709,2048,36,proof_verify,52438,2048,64,measured
python-20260723T020649Z,5653737946483450709,2048,36,signature_admission_batch,237922584,2048,64,measured
python-20260723T020649Z,5653737946483450709,2048,36,verify_batch,225062944,2048,64,measured
python-20260723T020649Z,5653737946483450709,2048,36,merkle_build,1685448,2048,64,measured
python-20260723T020649Z,5653737946483450709,2048,37,verify_batch,224951577,2048,64,measured
python-20260723T020649Z,5653737946483450709,2048,37,sign_batch,75138276,2048,64,measured
python-20260723T020649Z,5653737946483450709,2048,37,late_rebuild,3456765,2048,64,measured
python-20260723T020649Z,5653737946483450709,2048,37,proof_verify,30776,2048,64,measured
python-20260723T020649Z,5653737946483450709,2048,37,merkle_build,1637878,2048,64,measured
python-20260723T020649Z,5653737946483450709,2048,37,signature_admission_batch,237316993,2048,64,measured
python-20260723T020649Z,5653737946483450709,2048,38,late_rebuild,3391438,2048,64,measured
python-20260723T020649Z,5653737946483450709,2048,38,signature_admission_batch,237316451,2048,64,measured
python-20260723T020649Z,5653737946483450709,2048,38,merkle_build,1634793,2048,64,measured
python-20260723T020649Z,5653737946483450709,2048,38,proof_verify,35193,2048,64,measured
python-20260723T020649Z,5653737946483450709,2048,38,sign_batch,75027291,2048,64,measured
python-20260723T020649Z,5653737946483450709,2048,38,verify_batch,225193538,2048,64,measured
python-20260723T020649Z,5653737946483450709,2048,39,sign_batch,75186657,2048,64,measured
python-20260723T020649Z,5653737946483450709,2048,39,proof_verify,47490,2048,64,measured
python-20260723T020649Z,5653737946483450709,2048,39,merkle_build,1659540,2048,64,measured
python-20260723T020649Z,5653737946483450709,2048,39,late_rebuild,3406330,2048,64,measured
python-20260723T020649Z,5653737946483450709,2048,39,signature_admission_batch,237343391,2048,64,measured
python-20260723T020649Z,5653737946483450709,2048,39,verify_batch,225041942,2048,64,measured
python-20260723T020649Z,5653737946483450709,2048,40,sign_batch,75552552,2048,64,measured
python-20260723T020649Z,5653737946483450709,2048,40,signature_admission_batch,238112666,2048,64,measured
python-20260723T020649Z,5653737946483450709,2048,40,merkle_build,1696665,2048,64,measured
python-20260723T020649Z,5653737946483450709,2048,40,verify_batch,224974201,2048,64,measured
python-20260723T020649Z,5653737946483450709,2048,40,late_rebuild,3467421,2048,64,measured
python-20260723T020649Z,5653737946483450709,2048,40,proof_verify,29544,2048,64,measured
python-20260723T020649Z,5653737946483450709,2048,41,verify_batch,225011437,2048,64,measured
python-20260723T020649Z,5653737946483450709,2048,41,sign_batch,75317472,2048,64,measured
python-20260723T020649Z,5653737946483450709,2048,41,signature_admission_batch,237092278,2048,64,measured
python-20260723T020649Z,5653737946483450709,2048,41,merkle_build,1663656,2048,64,measured
python-20260723T020649Z,5653737946483450709,2048,41,late_rebuild,3380011,2048,64,measured
python-20260723T020649Z,5653737946483450709,2048,41,proof_verify,28222,2048,64,measured
python-20260723T020649Z,5653737946483450709,2048,42,late_rebuild,3354032,2048,64,measured
python-20260723T020649Z,5653737946483450709,2048,42,proof_verify,16835,2048,64,measured
python-20260723T020649Z,5653737946483450709,2048,42,verify_batch,224857918,2048,64,measured
python-20260723T020649Z,5653737946483450709,2048,42,sign_batch,75041502,2048,64,measured
python-20260723T020649Z,5653737946483450709,2048,42,signature_admission_batch,236958118,2048,64,measured
python-20260723T020649Z,5653737946483450709,2048,42,merkle_build,1685699,2048,64,measured
python-20260723T020649Z,5653737946483450709,2048,43,sign_batch,75132918,2048,64,measured
python-20260723T020649Z,5653737946483450709,2048,43,verify_batch,224880121,2048,64,measured
python-20260723T020649Z,5653737946483450709,2048,43,signature_admission_batch,237480065,2048,64,measured
python-20260723T020649Z,5653737946483450709,2048,43,late_rebuild,3407421,2048,64,measured
python-20260723T020649Z,5653737946483450709,2048,43,merkle_build,1608515,2048,64,measured
python-20260723T020649Z,5653737946483450709,2048,43,proof_verify,29283,2048,64,measured
python-20260723T020649Z,5653737946483450709,2048,44,sign_batch,75326847,2048,64,measured
python-20260723T020649Z,5653737946483450709,2048,44,proof_verify,40960,2048,64,measured
python-20260723T020649Z,5653737946483450709,2048,44,late_rebuild,3415173,2048,64,measured
python-20260723T020649Z,5653737946483450709,2048,44,verify_batch,224820001,2048,64,measured
python-20260723T020649Z,5653737946483450709,2048,44,signature_admission_batch,237275109,2048,64,measured
python-20260723T020649Z,5653737946483450709,2048,44,merkle_build,1643686,2048,64,measured
python-20260723T020649Z,5653737946483450709,2048,45,late_rebuild,3379550,2048,64,measured
python-20260723T020649Z,5653737946483450709,2048,45,signature_admission_batch,237416260,2048,64,measured
python-20260723T020649Z,5653737946483450709,2048,45,sign_batch,75363441,2048,64,measured
python-20260723T020649Z,5653737946483450709,2048,45,verify_batch,224981252,2048,64,measured
python-20260723T020649Z,5653737946483450709,2048,45,merkle_build,1694522,2048,64,measured
python-20260723T020649Z,5653737946483450709,2048,45,proof_verify,29935,2048,64,measured
python-20260723T020649Z,5653737946483450709,2048,46,verify_batch,224838209,2048,64,measured
python-20260723T020649Z,5653737946483450709,2048,46,proof_verify,42413,2048,64,measured
python-20260723T020649Z,5653737946483450709,2048,46,late_rebuild,3469213,2048,64,measured
python-20260723T020649Z,5653737946483450709,2048,46,sign_batch,75094851,2048,64,measured
python-20260723T020649Z,5653737946483450709,2048,46,merkle_build,1662354,2048,64,measured
python-20260723T020649Z,5653737946483450709,2048,46,signature_admission_batch,238265103,2048,64,measured
python-20260723T020649Z,5653737946483450709,2048,47,verify_batch,225830927,2048,64,measured
python-20260723T020649Z,5653737946483450709,2048,47,proof_verify,49734,2048,64,measured
python-20260723T020649Z,5653737946483450709,2048,47,late_rebuild,3464957,2048,64,measured
python-20260723T020649Z,5653737946483450709,2048,47,merkle_build,1644107,2048,64,measured
python-20260723T020649Z,5653737946483450709,2048,47,sign_batch,75591240,2048,64,measured
python-20260723T020649Z,5653737946483450709,2048,47,signature_admission_batch,238137544,2048,64,measured
python-20260723T020649Z,5653737946483450709,2048,48,sign_batch,75408407,2048,64,measured
python-20260723T020649Z,5653737946483450709,2048,48,verify_batch,225859890,2048,64,measured
python-20260723T020649Z,5653737946483450709,2048,48,signature_admission_batch,238490518,2048,64,measured
python-20260723T020649Z,5653737946483450709,2048,48,merkle_build,1643346,2048,64,measured
python-20260723T020649Z,5653737946483450709,2048,48,proof_verify,31307,2048,64,measured
python-20260723T020649Z,5653737946483450709,2048,48,late_rebuild,3397187,2048,64,measured
python-20260723T020649Z,5653737946483450709,2048,49,proof_verify,17776,2048,64,measured
python-20260723T020649Z,5653737946483450709,2048,49,verify_batch,226327816,2048,64,measured
python-20260723T020649Z,5653737946483450709,2048,49,sign_batch,75473655,2048,64,measured
python-20260723T020649Z,5653737946483450709,2048,49,merkle_build,1646711,2048,64,measured
python-20260723T020649Z,5653737946483450709,2048,49,signature_admission_batch,238695604,2048,64,measured
python-20260723T020649Z,5653737946483450709,2048,49,late_rebuild,3461272,2048,64,measured
python-20260723T020649Z,5653737946483450709,2048,50,late_rebuild,3331849,2048,64,measured
python-20260723T020649Z,5653737946483450709,2048,50,merkle_build,1665429,2048,64,measured
python-20260723T020649Z,5653737946483450709,2048,50,sign_batch,75586773,2048,64,measured
python-20260723T020649Z,5653737946483450709,2048,50,verify_batch,225960659,2048,64,measured
python-20260723T020649Z,5653737946483450709,2048,50,proof_verify,49864,2048,64,measured
python-20260723T020649Z,5653737946483450709,2048,50,signature_admission_batch,238579611,2048,64,measured
python-20260723T020649Z,5653737946483450709,2048,51,signature_admission_batch,241767666,2048,64,measured
python-20260723T020649Z,5653737946483450709,2048,51,proof_verify,39799,2048,64,measured
python-20260723T020649Z,5653737946483450709,2048,51,sign_batch,75448758,2048,64,measured
python-20260723T020649Z,5653737946483450709,2048,51,late_rebuild,3425749,2048,64,measured
python-20260723T020649Z,5653737946483450709,2048,51,merkle_build,1639269,2048,64,measured
python-20260723T020649Z,5653737946483450709,2048,51,verify_batch,226282268,2048,64,measured
python-20260723T020649Z,5653737946483450709,2048,52,verify_batch,226190081,2048,64,measured
python-20260723T020649Z,5653737946483450709,2048,52,merkle_build,1695403,2048,64,measured
python-20260723T020649Z,5653737946483450709,2048,52,proof_verify,33299,2048,64,measured
python-20260723T020649Z,5653737946483450709,2048,52,signature_admission_batch,239650385,2048,64,measured
python-20260723T020649Z,5653737946483450709,2048,52,sign_batch,75712831,2048,64,measured
python-20260723T020649Z,5653737946483450709,2048,52,late_rebuild,3558066,2048,64,measured
python-20260723T020649Z,5653737946483450709,2048,53,late_rebuild,3373441,2048,64,measured
python-20260723T020649Z,5653737946483450709,2048,53,proof_verify,32728,2048,64,measured
python-20260723T020649Z,5653737946483450709,2048,53,sign_batch,75246196,2048,64,measured
python-20260723T020649Z,5653737946483450709,2048,53,merkle_build,1682254,2048,64,measured
python-20260723T020649Z,5653737946483450709,2048,53,signature_admission_batch,239377820,2048,64,measured
python-20260723T020649Z,5653737946483450709,2048,53,verify_batch,226019327,2048,64,measured
python-20260723T020649Z,5653737946483450709,2048,54,proof_verify,51196,2048,64,measured
python-20260723T020649Z,5653737946483450709,2048,54,late_rebuild,3407632,2048,64,measured
python-20260723T020649Z,5653737946483450709,2048,54,sign_batch,76100998,2048,64,measured
python-20260723T020649Z,5653737946483450709,2048,54,merkle_build,1646270,2048,64,measured
python-20260723T020649Z,5653737946483450709,2048,54,verify_batch,231195300,2048,64,measured
python-20260723T020649Z,5653737946483450709,2048,54,signature_admission_batch,244451031,2048,64,measured
python-20260723T020649Z,5653737946483450709,2048,55,merkle_build,1675234,2048,64,measured
python-20260723T020649Z,5653737946483450709,2048,55,signature_admission_batch,241018682,2048,64,measured
python-20260723T020649Z,5653737946483450709,2048,55,verify_batch,228395493,2048,64,measured
python-20260723T020649Z,5653737946483450709,2048,55,late_rebuild,3582933,2048,64,measured
python-20260723T020649Z,5653737946483450709,2048,55,proof_verify,31507,2048,64,measured
python-20260723T020649Z,5653737946483450709,2048,55,sign_batch,75816335,2048,64,measured
python-20260723T020649Z,5653737946483450709,2048,56,late_rebuild,3418418,2048,64,measured
python-20260723T020649Z,5653737946483450709,2048,56,merkle_build,1628914,2048,64,measured
python-20260723T020649Z,5653737946483450709,2048,56,verify_batch,228245560,2048,64,measured
python-20260723T020649Z,5653737946483450709,2048,56,sign_batch,76701633,2048,64,measured
python-20260723T020649Z,5653737946483450709,2048,56,proof_verify,53330,2048,64,measured
python-20260723T020649Z,5653737946483450709,2048,56,signature_admission_batch,241282755,2048,64,measured
python-20260723T020649Z,5653737946483450709,2048,57,signature_admission_batch,240892073,2048,64,measured
python-20260723T020649Z,5653737946483450709,2048,57,merkle_build,1791116,2048,64,measured
python-20260723T020649Z,5653737946483450709,2048,57,sign_batch,75514185,2048,64,measured
python-20260723T020649Z,5653737946483450709,2048,57,late_rebuild,3440781,2048,64,measured
python-20260723T020649Z,5653737946483450709,2048,57,verify_batch,229220081,2048,64,measured
python-20260723T020649Z,5653737946483450709,2048,57,proof_verify,52508,2048,64,measured
python-20260723T020649Z,5653737946483450709,2048,58,proof_verify,16415,2048,64,measured
python-20260723T020649Z,5653737946483450709,2048,58,merkle_build,1660061,2048,64,measured
python-20260723T020649Z,5653737946483450709,2048,58,sign_batch,75661575,2048,64,measured
python-20260723T020649Z,5653737946483450709,2048,58,signature_admission_batch,240318800,2048,64,measured
python-20260723T020649Z,5653737946483450709,2048,58,verify_batch,226016362,2048,64,measured
python-20260723T020649Z,5653737946483450709,2048,58,late_rebuild,3428734,2048,64,measured
python-20260723T020649Z,5653737946483450709,2048,59,signature_admission_batch,238546022,2048,64,measured
python-20260723T020649Z,5653737946483450709,2048,59,late_rebuild,3421022,2048,64,measured
python-20260723T020649Z,5653737946483450709,2048,59,merkle_build,1609456,2048,64,measured
python-20260723T020649Z,5653737946483450709,2048,59,proof_verify,31627,2048,64,measured
python-20260723T020649Z,5653737946483450709,2048,59,sign_batch,75409380,2048,64,measured
python-20260723T020649Z,5653737946483450709,2048,59,verify_batch,231011397,2048,64,measured
python-20260723T020649Z,5653737946483450709,2048,60,sign_batch,75317663,2048,64,measured
python-20260723T020649Z,5653737946483450709,2048,60,merkle_build,1656055,2048,64,measured
python-20260723T020649Z,5653737946483450709,2048,60,verify_batch,225842634,2048,64,measured
python-20260723T020649Z,5653737946483450709,2048,60,signature_admission_batch,238532381,2048,64,measured
python-20260723T020649Z,5653737946483450709,2048,60,late_rebuild,3457537,2048,64,measured
python-20260723T020649Z,5653737946483450709,2048,60,proof_verify,32007,2048,64,measured
python-20260723T020649Z,5653737946483450709,2048,61,sign_batch,75405374,2048,64,measured
python-20260723T020649Z,5653737946483450709,2048,61,verify_batch,225631900,2048,64,measured
python-20260723T020649Z,5653737946483450709,2048,61,late_rebuild,3409855,2048,64,measured
python-20260723T020649Z,5653737946483450709,2048,61,signature_admission_batch,238377351,2048,64,measured
python-20260723T020649Z,5653737946483450709,2048,61,merkle_build,1639901,2048,64,measured
python-20260723T020649Z,5653737946483450709,2048,61,proof_verify,30746,2048,64,measured
python-20260723T020649Z,5653737946483450709,2048,62,merkle_build,1661183,2048,64,measured
python-20260723T020649Z,5653737946483450709,2048,62,verify_batch,225751298,2048,64,measured
python-20260723T020649Z,5653737946483450709,2048,62,signature_admission_batch,238198995,2048,64,measured
python-20260723T020649Z,5653737946483450709,2048,62,late_rebuild,3434321,2048,64,measured
python-20260723T020649Z,5653737946483450709,2048,62,proof_verify,31838,2048,64,measured
python-20260723T020649Z,5653737946483450709,2048,62,sign_batch,75322179,2048,64,measured
python-20260723T020649Z,5653737946483450709,2048,63,verify_batch,225542137,2048,64,measured
python-20260723T020649Z,5653737946483450709,2048,63,signature_admission_batch,237771408,2048,64,measured
python-20260723T020649Z,5653737946483450709,2048,63,sign_batch,76312784,2048,64,measured
python-20260723T020649Z,5653737946483450709,2048,63,proof_verify,51546,2048,64,measured
python-20260723T020649Z,5653737946483450709,2048,63,late_rebuild,3425589,2048,64,measured
python-20260723T020649Z,5653737946483450709,2048,63,merkle_build,1770776,2048,64,measured
python-20260723T020649Z,5653737946483450709,2048,64,merkle_build,1631378,2048,64,measured
python-20260723T020649Z,5653737946483450709,2048,64,late_rebuild,3375574,2048,64,measured
python-20260723T020649Z,5653737946483450709,2048,64,verify_batch,226055020,2048,64,measured
python-20260723T020649Z,5653737946483450709,2048,64,sign_batch,75628094,2048,64,measured
python-20260723T020649Z,5653737946483450709,2048,64,signature_admission_batch,239592128,2048,64,measured
python-20260723T020649Z,5653737946483450709,2048,64,proof_verify,40080,2048,64,measured
python-20260723T020649Z,5653737946483450709,2048,65,sign_batch,75253788,2048,64,measured
python-20260723T020649Z,5653737946483450709,2048,65,late_rebuild,3420391,2048,64,measured
python-20260723T020649Z,5653737946483450709,2048,65,proof_verify,26199,2048,64,measured
python-20260723T020649Z,5653737946483450709,2048,65,verify_batch,224703839,2048,64,measured
python-20260723T020649Z,5653737946483450709,2048,65,signature_admission_batch,238245684,2048,64,measured
python-20260723T020649Z,5653737946483450709,2048,65,merkle_build,1639470,2048,64,measured
python-20260723T020649Z,5653737946483450709,2048,66,merkle_build,1626711,2048,64,measured
python-20260723T020649Z,5653737946483450709,2048,66,signature_admission_batch,237935593,2048,64,measured
python-20260723T020649Z,5653737946483450709,2048,66,sign_batch,75449729,2048,64,measured
python-20260723T020649Z,5653737946483450709,2048,66,proof_verify,46729,2048,64,measured
python-20260723T020649Z,5653737946483450709,2048,66,verify_batch,225577169,2048,64,measured
python-20260723T020649Z,5653737946483450709,2048,66,late_rebuild,3454192,2048,64,measured
python-20260723T020649Z,5653737946483450709,2048,67,late_rebuild,3355344,2048,64,measured
python-20260723T020649Z,5653737946483450709,2048,67,proof_verify,29514,2048,64,measured
python-20260723T020649Z,5653737946483450709,2048,67,signature_admission_batch,238642025,2048,64,measured
python-20260723T020649Z,5653737946483450709,2048,67,sign_batch,75480135,2048,64,measured
python-20260723T020649Z,5653737946483450709,2048,67,merkle_build,1650567,2048,64,measured
python-20260723T020649Z,5653737946483450709,2048,67,verify_batch,228067185,2048,64,measured
python-20260723T020649Z,5653737946483450709,2048,68,proof_verify,52098,2048,64,measured
python-20260723T020649Z,5653737946483450709,2048,68,sign_batch,75600373,2048,64,measured
python-20260723T020649Z,5653737946483450709,2048,68,signature_admission_batch,238327486,2048,64,measured
python-20260723T020649Z,5653737946483450709,2048,68,merkle_build,1745057,2048,64,measured
python-20260723T020649Z,5653737946483450709,2048,68,verify_batch,225797306,2048,64,measured
python-20260723T020649Z,5653737946483450709,2048,68,late_rebuild,3513449,2048,64,measured
python-20260723T020649Z,5653737946483450709,2048,69,proof_verify,30957,2048,64,measured
python-20260723T020649Z,5653737946483450709,2048,69,late_rebuild,3447251,2048,64,measured
python-20260723T020649Z,5653737946483450709,2048,69,sign_batch,75425303,2048,64,measured
python-20260723T020649Z,5653737946483450709,2048,69,signature_admission_batch,238495085,2048,64,measured
python-20260723T020649Z,5653737946483450709,2048,69,merkle_build,1636305,2048,64,measured
python-20260723T020649Z,5653737946483450709,2048,69,verify_batch,226118805,2048,64,measured
python-20260723T020649Z,5653737946483450709,2048,70,proof_verify,47381,2048,64,measured
python-20260723T020649Z,5653737946483450709,2048,70,signature_admission_batch,238469607,2048,64,measured
python-20260723T020649Z,5653737946483450709,2048,70,late_rebuild,3401082,2048,64,measured
python-20260723T020649Z,5653737946483450709,2048,70,merkle_build,1646520,2048,64,measured
python-20260723T020649Z,5653737946483450709,2048,70,sign_batch,75387667,2048,64,measured
python-20260723T020649Z,5653737946483450709,2048,70,verify_batch,226389588,2048,64,measured
python-20260723T020649Z,5653737946483450709,2048,71,signature_admission_batch,251568094,2048,64,measured
python-20260723T020649Z,5653737946483450709,2048,71,sign_batch,87231185,2048,64,measured
python-20260723T020649Z,5653737946483450709,2048,71,proof_verify,54541,2048,64,measured
python-20260723T020649Z,5653737946483450709,2048,71,merkle_build,1867069,2048,64,measured
python-20260723T020649Z,5653737946483450709,2048,71,verify_batch,242248362,2048,64,measured
python-20260723T020649Z,5653737946483450709,2048,71,late_rebuild,3401573,2048,64,measured
python-20260723T020649Z,5653737946483450709,2048,72,merkle_build,1672330,2048,64,measured
python-20260723T020649Z,5653737946483450709,2048,72,late_rebuild,3352289,2048,64,measured
python-20260723T020649Z,5653737946483450709,2048,72,sign_batch,79854556,2048,64,measured
python-20260723T020649Z,5653737946483450709,2048,72,signature_admission_batch,254367309,2048,64,measured
python-20260723T020649Z,5653737946483450709,2048,72,proof_verify,42163,2048,64,measured
python-20260723T020649Z,5653737946483450709,2048,72,verify_batch,242863548,2048,64,measured
python-20260723T020649Z,5653737946483450709,2048,73,verify_batch,245416468,2048,64,measured
python-20260723T020649Z,5653737946483450709,2048,73,signature_admission_batch,256617038,2048,64,measured
python-20260723T020649Z,5653737946483450709,2048,73,sign_batch,81914221,2048,64,measured
python-20260723T020649Z,5653737946483450709,2048,73,proof_verify,54330,2048,64,measured
python-20260723T020649Z,5653737946483450709,2048,73,late_rebuild,4075285,2048,64,measured
python-20260723T020649Z,5653737946483450709,2048,73,merkle_build,1618259,2048,64,measured
python-20260723T020649Z,5653737946483450709,2048,74,proof_verify,22624,2048,64,measured
python-20260723T020649Z,5653737946483450709,2048,74,verify_batch,242517012,2048,64,measured
python-20260723T020649Z,5653737946483450709,2048,74,late_rebuild,3428412,2048,64,measured
python-20260723T020649Z,5653737946483450709,2048,74,signature_admission_batch,266233611,2048,64,measured
python-20260723T020649Z,5653737946483450709,2048,74,merkle_build,2258592,2048,64,measured
python-20260723T020649Z,5653737946483450709,2048,74,sign_batch,80410623,2048,64,measured
python-20260723T020649Z,5653737946483450709,2048,75,verify_batch,233186274,2048,64,measured
python-20260723T020649Z,5653737946483450709,2048,75,proof_verify,53620,2048,64,measured
python-20260723T020649Z,5653737946483450709,2048,75,late_rebuild,3412860,2048,64,measured
python-20260723T020649Z,5653737946483450709,2048,75,signature_admission_batch,239218122,2048,64,measured
python-20260723T020649Z,5653737946483450709,2048,75,merkle_build,1680622,2048,64,measured
python-20260723T020649Z,5653737946483450709,2048,75,sign_batch,77838294,2048,64,measured
python-20260723T020649Z,5653737946483450709,2048,76,late_rebuild,3409144,2048,64,measured
python-20260723T020649Z,5653737946483450709,2048,76,sign_batch,77402065,2048,64,measured
python-20260723T020649Z,5653737946483450709,2048,76,proof_verify,53700,2048,64,measured
python-20260723T020649Z,5653737946483450709,2048,76,verify_batch,228285540,2048,64,measured
python-20260723T020649Z,5653737946483450709,2048,76,merkle_build,1698849,2048,64,measured
python-20260723T020649Z,5653737946483450709,2048,76,signature_admission_batch,238812428,2048,64,measured
python-20260723T020649Z,5653737946483450709,2048,77,signature_admission_batch,238430469,2048,64,measured
python-20260723T020649Z,5653737946483450709,2048,77,verify_batch,226145194,2048,64,measured
python-20260723T020649Z,5653737946483450709,2048,77,sign_batch,75311664,2048,64,measured
python-20260723T020649Z,5653737946483450709,2048,77,late_rebuild,3400321,2048,64,measured
python-20260723T020649Z,5653737946483450709,2048,77,merkle_build,1652179,2048,64,measured
python-20260723T020649Z,5653737946483450709,2048,77,proof_verify,33359,2048,64,measured
python-20260723T020649Z,5653737946483450709,2048,78,signature_admission_batch,238076082,2048,64,measured
python-20260723T020649Z,5653737946483450709,2048,78,late_rebuild,3450656,2048,64,measured
python-20260723T020649Z,5653737946483450709,2048,78,sign_batch,75489528,2048,64,measured
python-20260723T020649Z,5653737946483450709,2048,78,verify_batch,226089712,2048,64,measured
python-20260723T020649Z,5653737946483450709,2048,78,proof_verify,50304,2048,64,measured
python-20260723T020649Z,5653737946483450709,2048,78,merkle_build,1658699,2048,64,measured
python-20260723T020649Z,5653737946483450709,2048,79,merkle_build,1618770,2048,64,measured
python-20260723T020649Z,5653737946483450709,2048,79,signature_admission_batch,243773211,2048,64,measured
python-20260723T020649Z,5653737946483450709,2048,79,sign_batch,75725570,2048,64,measured
python-20260723T020649Z,5653737946483450709,2048,79,verify_batch,226183982,2048,64,measured
python-20260723T020649Z,5653737946483450709,2048,79,late_rebuild,3470956,2048,64,measured
python-20260723T020649Z,5653737946483450709,2048,79,proof_verify,32779,2048,64,measured
python-20260723T020649Z,5653737946483450709,2048,80,merkle_build,1621093,2048,64,measured
python-20260723T020649Z,5653737946483450709,2048,80,verify_batch,225899138,2048,64,measured
python-20260723T020649Z,5653737946483450709,2048,80,late_rebuild,3402555,2048,64,measured
python-20260723T020649Z,5653737946483450709,2048,80,proof_verify,30966,2048,64,measured
python-20260723T020649Z,5653737946483450709,2048,80,sign_batch,75769485,2048,64,measured
python-20260723T020649Z,5653737946483450709,2048,80,signature_admission_batch,238052637,2048,64,measured
python-20260723T020649Z,5653737946483450709,2048,81,late_rebuild,3399700,2048,64,measured
python-20260723T020649Z,5653737946483450709,2048,81,sign_batch,75857997,2048,64,measured
python-20260723T020649Z,5653737946483450709,2048,81,proof_verify,53480,2048,64,measured
python-20260723T020649Z,5653737946483450709,2048,81,merkle_build,1655274,2048,64,measured
python-20260723T020649Z,5653737946483450709,2048,81,verify_batch,226393864,2048,64,measured
python-20260723T020649Z,5653737946483450709,2048,81,signature_admission_batch,248757851,2048,64,measured
python-20260723T020649Z,5653737946483450709,2048,82,merkle_build,1645028,2048,64,measured
python-20260723T020649Z,5653737946483450709,2048,82,verify_batch,247197498,2048,64,measured
python-20260723T020649Z,5653737946483450709,2048,82,sign_batch,85361963,2048,64,measured
python-20260723T020649Z,5653737946483450709,2048,82,late_rebuild,3402715,2048,64,measured
python-20260723T020649Z,5653737946483450709,2048,82,signature_admission_batch,259338308,2048,64,measured
python-20260723T020649Z,5653737946483450709,2048,82,proof_verify,56203,2048,64,measured
python-20260723T020649Z,5653737946483450709,2048,83,sign_batch,86755647,2048,64,measured
python-20260723T020649Z,5653737946483450709,2048,83,signature_admission_batch,258792857,2048,64,measured
python-20260723T020649Z,5653737946483450709,2048,83,proof_verify,43154,2048,64,measured
python-20260723T020649Z,5653737946483450709,2048,83,merkle_build,2081688,2048,64,measured
python-20260723T020649Z,5653737946483450709,2048,83,verify_batch,245897764,2048,64,measured
python-20260723T020649Z,5653737946483450709,2048,83,late_rebuild,3862028,2048,64,measured
python-20260723T020649Z,5653737946483450709,2048,84,sign_batch,77890132,2048,64,measured
python-20260723T020649Z,5653737946483450709,2048,84,merkle_build,1674101,2048,64,measured
python-20260723T020649Z,5653737946483450709,2048,84,signature_admission_batch,255788876,2048,64,measured
python-20260723T020649Z,5653737946483450709,2048,84,proof_verify,43044,2048,64,measured
python-20260723T020649Z,5653737946483450709,2048,84,verify_batch,240885994,2048,64,measured
python-20260723T020649Z,5653737946483450709,2048,84,late_rebuild,4788447,2048,64,measured
python-20260723T020649Z,5653737946483450709,2048,85,verify_batch,241793835,2048,64,measured
python-20260723T020649Z,5653737946483450709,2048,85,signature_admission_batch,257248528,2048,64,measured
python-20260723T020649Z,5653737946483450709,2048,85,late_rebuild,3843651,2048,64,measured
python-20260723T020649Z,5653737946483450709,2048,85,proof_verify,32048,2048,64,measured
python-20260723T020649Z,5653737946483450709,2048,85,sign_batch,84964390,2048,64,measured
python-20260723T020649Z,5653737946483450709,2048,85,merkle_build,1707371,2048,64,measured
python-20260723T020649Z,5653737946483450709,2048,86,signature_admission_batch,247054836,2048,64,measured
python-20260723T020649Z,5653737946483450709,2048,86,proof_verify,40540,2048,64,measured
python-20260723T020649Z,5653737946483450709,2048,86,late_rebuild,3423556,2048,64,measured
python-20260723T020649Z,5653737946483450709,2048,86,verify_batch,227992333,2048,64,measured
python-20260723T020649Z,5653737946483450709,2048,86,merkle_build,1729404,2048,64,measured
python-20260723T020649Z,5653737946483450709,2048,86,sign_batch,75791949,2048,64,measured
python-20260723T020649Z,5653737946483450709,2048,87,verify_batch,226836092,2048,64,measured
python-20260723T020649Z,5653737946483450709,2048,87,merkle_build,1665339,2048,64,measured
python-20260723T020649Z,5653737946483450709,2048,87,signature_admission_batch,238390089,2048,64,measured
python-20260723T020649Z,5653737946483450709,2048,87,sign_batch,76446252,2048,64,measured
python-20260723T020649Z,5653737946483450709,2048,87,proof_verify,50856,2048,64,measured
python-20260723T020649Z,5653737946483450709,2048,87,late_rebuild,3436284,2048,64,measured
python-20260723T020649Z,5653737946483450709,2048,88,proof_verify,27892,2048,64,measured
python-20260723T020649Z,5653737946483450709,2048,88,signature_admission_batch,238413584,2048,64,measured
python-20260723T020649Z,5653737946483450709,2048,88,merkle_build,1695844,2048,64,measured
python-20260723T020649Z,5653737946483450709,2048,88,sign_batch,75441497,2048,64,measured
python-20260723T020649Z,5653737946483450709,2048,88,verify_batch,226305914,2048,64,measured
python-20260723T020649Z,5653737946483450709,2048,88,late_rebuild,3416024,2048,64,measured
python-20260723T020649Z,5653737946483450709,2048,89,late_rebuild,3401522,2048,64,measured
python-20260723T020649Z,5653737946483450709,2048,89,merkle_build,1665008,2048,64,measured
python-20260723T020649Z,5653737946483450709,2048,89,sign_batch,75460575,2048,64,measured
python-20260723T020649Z,5653737946483450709,2048,89,proof_verify,59439,2048,64,measured
python-20260723T020649Z,5653737946483450709,2048,89,signature_admission_batch,238351952,2048,64,measured
python-20260723T020649Z,5653737946483450709,2048,89,verify_batch,226955530,2048,64,measured
python-20260723T020649Z,5653737946483450709,2048,90,late_rebuild,3465618,2048,64,measured
python-20260723T020649Z,5653737946483450709,2048,90,proof_verify,32488,2048,64,measured
python-20260723T020649Z,5653737946483450709,2048,90,signature_admission_batch,239909510,2048,64,measured
python-20260723T020649Z,5653737946483450709,2048,90,verify_batch,226925255,2048,64,measured
python-20260723T020649Z,5653737946483450709,2048,90,merkle_build,1714331,2048,64,measured
python-20260723T020649Z,5653737946483450709,2048,90,sign_batch,75451872,2048,64,measured
python-20260723T020649Z,5653737946483450709,2048,91,merkle_build,1647392,2048,64,measured
python-20260723T020649Z,5653737946483450709,2048,91,verify_batch,226694602,2048,64,measured
python-20260723T020649Z,5653737946483450709,2048,91,late_rebuild,3503845,2048,64,measured
python-20260723T020649Z,5653737946483450709,2048,91,sign_batch,75843696,2048,64,measured
python-20260723T020649Z,5653737946483450709,2048,91,proof_verify,50856,2048,64,measured
python-20260723T020649Z,5653737946483450709,2048,91,signature_admission_batch,239765437,2048,64,measured
python-20260723T020649Z,5653737946483450709,2048,92,proof_verify,39719,2048,64,measured
python-20260723T020649Z,5653737946483450709,2048,92,late_rebuild,3440641,2048,64,measured
python-20260723T020649Z,5653737946483450709,2048,92,sign_batch,76559431,2048,64,measured
python-20260723T020649Z,5653737946483450709,2048,92,verify_batch,225460254,2048,64,measured
python-20260723T020649Z,5653737946483450709,2048,92,signature_admission_batch,238733440,2048,64,measured
python-20260723T020649Z,5653737946483450709,2048,92,merkle_build,1743785,2048,64,measured
python-20260723T020649Z,5653737946483450709,2048,93,merkle_build,1688062,2048,64,measured
python-20260723T020649Z,5653737946483450709,2048,93,proof_verify,33420,2048,64,measured
python-20260723T020649Z,5653737946483450709,2048,93,sign_batch,75508487,2048,64,measured
python-20260723T020649Z,5653737946483450709,2048,93,late_rebuild,3476684,2048,64,measured
python-20260723T020649Z,5653737946483450709,2048,93,signature_admission_batch,239945905,2048,64,measured
python-20260723T020649Z,5653737946483450709,2048,93,verify_batch,227663584,2048,64,measured
python-20260723T020649Z,5653737946483450709,2048,94,signature_admission_batch,239545929,2048,64,measured
python-20260723T020649Z,5653737946483450709,2048,94,proof_verify,41101,2048,64,measured
python-20260723T020649Z,5653737946483450709,2048,94,merkle_build,1699910,2048,64,measured
python-20260723T020649Z,5653737946483450709,2048,94,sign_batch,78064691,2048,64,measured
python-20260723T020649Z,5653737946483450709,2048,94,verify_batch,227082058,2048,64,measured
python-20260723T020649Z,5653737946483450709,2048,94,late_rebuild,3492708,2048,64,measured
python-20260723T020649Z,5653737946483450709,2048,95,signature_admission_batch,238889873,2048,64,measured
python-20260723T020649Z,5653737946483450709,2048,95,sign_batch,75256832,2048,64,measured
python-20260723T020649Z,5653737946483450709,2048,95,late_rebuild,3408633,2048,64,measured
python-20260723T020649Z,5653737946483450709,2048,95,merkle_build,1662584,2048,64,measured
python-20260723T020649Z,5653737946483450709,2048,95,proof_verify,31677,2048,64,measured
python-20260723T020649Z,5653737946483450709,2048,95,verify_batch,224920782,2048,64,measured
python-20260723T020649Z,5653737946483450709,2048,96,sign_batch,75319585,2048,64,measured
python-20260723T020649Z,5653737946483450709,2048,96,verify_batch,224757318,2048,64,measured
python-20260723T020649Z,5653737946483450709,2048,96,proof_verify,43014,2048,64,measured
python-20260723T020649Z,5653737946483450709,2048,96,late_rebuild,3430737,2048,64,measured
python-20260723T020649Z,5653737946483450709,2048,96,signature_admission_batch,237117696,2048,64,measured
python-20260723T020649Z,5653737946483450709,2048,96,merkle_build,1632820,2048,64,measured
python-20260723T020649Z,5653737946483450709,2048,97,verify_batch,224972489,2048,64,measured
python-20260723T020649Z,5653737946483450709,2048,97,sign_batch,75276942,2048,64,measured
python-20260723T020649Z,5653737946483450709,2048,97,merkle_build,1683797,2048,64,measured
python-20260723T020649Z,5653737946483450709,2048,97,proof_verify,31136,2048,64,measured
python-20260723T020649Z,5653737946483450709,2048,97,late_rebuild,3390186,2048,64,measured
python-20260723T020649Z,5653737946483450709,2048,97,signature_admission_batch,237345956,2048,64,measured
python-20260723T020649Z,5653737946483450709,2048,98,merkle_build,1661143,2048,64,measured
python-20260723T020649Z,5653737946483450709,2048,98,signature_admission_batch,236993801,2048,64,measured
python-20260723T020649Z,5653737946483450709,2048,98,late_rebuild,3426520,2048,64,measured
python-20260723T020649Z,5653737946483450709,2048,98,proof_verify,28823,2048,64,measured
python-20260723T020649Z,5653737946483450709,2048,98,sign_batch,75198416,2048,64,measured
python-20260723T020649Z,5653737946483450709,2048,98,verify_batch,225051106,2048,64,measured
python-20260723T020649Z,5653737946483450709,2048,99,sign_batch,75169262,2048,64,measured
python-20260723T020649Z,5653737946483450709,2048,99,merkle_build,1651528,2048,64,measured
python-20260723T020649Z,5653737946483450709,2048,99,late_rebuild,3402634,2048,64,measured
python-20260723T020649Z,5653737946483450709,2048,99,signature_admission_batch,237472334,2048,64,measured
python-20260723T020649Z,5653737946483450709,2048,99,proof_verify,33109,2048,64,measured
python-20260723T020649Z,5653737946483450709,2048,99,verify_batch,224925378,2048,64,measured
python-20260723T020649Z,5653737946483450709,2048,100,late_rebuild,3416395,2048,64,measured
python-20260723T020649Z,5653737946483450709,2048,100,verify_batch,224903846,2048,64,measured
python-20260723T020649Z,5653737946483450709,2048,100,merkle_build,1684307,2048,64,measured
python-20260723T020649Z,5653737946483450709,2048,100,signature_admission_batch,237070716,2048,64,measured
python-20260723T020649Z,5653737946483450709,2048,100,sign_batch,75318213,2048,64,measured
python-20260723T020649Z,5653737946483450709,2048,100,proof_verify,46079,2048,64,measured
python-20260723T020649Z,5653737946483450709,2048,101,signature_admission_batch,238159907,2048,64,measured
python-20260723T020649Z,5653737946483450709,2048,101,sign_batch,75695565,2048,64,measured
python-20260723T020649Z,5653737946483450709,2048,101,late_rebuild,3422634,2048,64,measured
python-20260723T020649Z,5653737946483450709,2048,101,merkle_build,1676195,2048,64,measured
python-20260723T020649Z,5653737946483450709,2048,101,verify_batch,225814882,2048,64,measured
python-20260723T020649Z,5653737946483450709,2048,101,proof_verify,44917,2048,64,measured
python-20260723T020649Z,5653737946483450709,2048,102,signature_admission_batch,237539903,2048,64,measured
python-20260723T020649Z,5653737946483450709,2048,102,verify_batch,224985698,2048,64,measured
python-20260723T020649Z,5653737946483450709,2048,102,sign_batch,75336470,2048,64,measured
python-20260723T020649Z,5653737946483450709,2048,102,late_rebuild,3406561,2048,64,measured
python-20260723T020649Z,5653737946483450709,2048,102,proof_verify,29213,2048,64,measured
python-20260723T020649Z,5653737946483450709,2048,102,merkle_build,1623787,2048,64,measured
python-20260723T020649Z,5653737946483450709,2048,103,proof_verify,16545,2048,64,measured
python-20260723T020649Z,5653737946483450709,2048,103,merkle_build,1635874,2048,64,measured
python-20260723T020649Z,5653737946483450709,2048,103,signature_admission_batch,237371403,2048,64,measured
python-20260723T020649Z,5653737946483450709,2048,103,verify_batch,224861083,2048,64,measured
python-20260723T020649Z,5653737946483450709,2048,103,late_rebuild,3415794,2048,64,measured
python-20260723T020649Z,5653737946483450709,2048,103,sign_batch,75177183,2048,64,measured
python-20260723T020649Z,5653737946483450709,2048,104,sign_batch,74934813,2048,64,measured
python-20260723T020649Z,5653737946483450709,2048,104,merkle_build,1694993,2048,64,measured
python-20260723T020649Z,5653737946483450709,2048,104,late_rebuild,3399850,2048,64,measured
python-20260723T020649Z,5653737946483450709,2048,104,proof_verify,26650,2048,64,measured
python-20260723T020649Z,5653737946483450709,2048,104,verify_batch,224975713,2048,64,measured
python-20260723T020649Z,5653737946483450709,2048,104,signature_admission_batch,237067942,2048,64,measured
python-20260723T020649Z,5653737946483450709,2048,105,merkle_build,1673631,2048,64,measured
python-20260723T020649Z,5653737946483450709,2048,105,verify_batch,225772809,2048,64,measured
python-20260723T020649Z,5653737946483450709,2048,105,late_rebuild,3432139,2048,64,measured
python-20260723T020649Z,5653737946483450709,2048,105,sign_batch,75808088,2048,64,measured
python-20260723T020649Z,5653737946483450709,2048,105,proof_verify,50876,2048,64,measured
python-20260723T020649Z,5653737946483450709,2048,105,signature_admission_batch,242418315,2048,64,measured
python-20260723T020649Z,5653737946483450709,2048,106,merkle_build,1674713,2048,64,measured
python-20260723T020649Z,5653737946483450709,2048,106,late_rebuild,3391848,2048,64,measured
python-20260723T020649Z,5653737946483450709,2048,106,signature_admission_batch,238947018,2048,64,measured
python-20260723T020649Z,5653737946483450709,2048,106,proof_verify,38788,2048,64,measured
python-20260723T020649Z,5653737946483450709,2048,106,verify_batch,225725018,2048,64,measured
python-20260723T020649Z,5653737946483450709,2048,106,sign_batch,76489127,2048,64,measured
python-20260723T020649Z,5653737946483450709,2048,107,sign_batch,75921742,2048,64,measured
python-20260723T020649Z,5653737946483450709,2048,107,verify_batch,234737052,2048,64,measured
python-20260723T020649Z,5653737946483450709,2048,107,merkle_build,1659971,2048,64,measured
python-20260723T020649Z,5653737946483450709,2048,107,late_rebuild,3419149,2048,64,measured
python-20260723T020649Z,5653737946483450709,2048,107,proof_verify,31607,2048,64,measured
python-20260723T020649Z,5653737946483450709,2048,107,signature_admission_batch,238254768,2048,64,measured
python-20260723T020649Z,5653737946483450709,2048,108,sign_batch,75498602,2048,64,measured
python-20260723T020649Z,5653737946483450709,2048,108,verify_batch,225698379,2048,64,measured
python-20260723T020649Z,5653737946483450709,2048,108,late_rebuild,3465448,2048,64,measured
python-20260723T020649Z,5653737946483450709,2048,108,proof_verify,32418,2048,64,measured
python-20260723T020649Z,5653737946483450709,2048,108,merkle_build,1645469,2048,64,measured
python-20260723T020649Z,5653737946483450709,2048,108,signature_admission_batch,239387213,2048,64,measured
python-20260723T020649Z,5653737946483450709,2048,109,proof_verify,39428,2048,64,measured
python-20260723T020649Z,5653737946483450709,2048,109,late_rebuild,3446420,2048,64,measured
python-20260723T020649Z,5653737946483450709,2048,109,merkle_build,1643136,2048,64,measured
python-20260723T020649Z,5653737946483450709,2048,109,verify_batch,226212805,2048,64,measured
python-20260723T020649Z,5653737946483450709,2048,109,signature_admission_batch,237994261,2048,64,measured
python-20260723T020649Z,5653737946483450709,2048,109,sign_batch,75634895,2048,64,measured
python-20260723T020649Z,5653737946483450709,2048,110,signature_admission_batch,238766950,2048,64,measured
python-20260723T020649Z,5653737946483450709,2048,110,sign_batch,75271263,2048,64,measured
python-20260723T020649Z,5653737946483450709,2048,110,proof_verify,48563,2048,64,measured
python-20260723T020649Z,5653737946483450709,2048,110,verify_batch,230234431,2048,64,measured
python-20260723T020649Z,5653737946483450709,2048,110,merkle_build,1703615,2048,64,measured
python-20260723T020649Z,5653737946483450709,2048,110,late_rebuild,3408093,2048,64,measured
python-20260723T020649Z,5653737946483450709,2048,111,late_rebuild,3347833,2048,64,measured
python-20260723T020649Z,5653737946483450709,2048,111,verify_batch,228919404,2048,64,measured
python-20260723T020649Z,5653737946483450709,2048,111,signature_admission_batch,237761434,2048,64,measured
python-20260723T020649Z,5653737946483450709,2048,111,sign_batch,75554896,2048,64,measured
python-20260723T020649Z,5653737946483450709,2048,111,merkle_build,1645739,2048,64,measured
python-20260723T020649Z,5653737946483450709,2048,111,proof_verify,32188,2048,64,measured
python-20260723T020649Z,5653737946483450709,2048,112,merkle_build,1694181,2048,64,measured
python-20260723T020649Z,5653737946483450709,2048,112,signature_admission_batch,239094858,2048,64,measured
python-20260723T020649Z,5653737946483450709,2048,112,sign_batch,75686852,2048,64,measured
python-20260723T020649Z,5653737946483450709,2048,112,proof_verify,59959,2048,64,measured
python-20260723T020649Z,5653737946483450709,2048,112,verify_batch,227216779,2048,64,measured
python-20260723T020649Z,5653737946483450709,2048,112,late_rebuild,3939403,2048,64,measured
python-20260723T020649Z,5653737946483450709,2048,113,merkle_build,1911846,2048,64,measured
python-20260723T020649Z,5653737946483450709,2048,113,signature_admission_batch,238917034,2048,64,measured
python-20260723T020649Z,5653737946483450709,2048,113,verify_batch,225213818,2048,64,measured
python-20260723T020649Z,5653737946483450709,2048,113,proof_verify,52368,2048,64,measured
python-20260723T020649Z,5653737946483450709,2048,113,late_rebuild,3647048,2048,64,measured
python-20260723T020649Z,5653737946483450709,2048,113,sign_batch,75282210,2048,64,measured
python-20260723T020649Z,5653737946483450709,2048,114,proof_verify,42673,2048,64,measured
python-20260723T020649Z,5653737946483450709,2048,114,late_rebuild,3410987,2048,64,measured
python-20260723T020649Z,5653737946483450709,2048,114,verify_batch,226994328,2048,64,measured
python-20260723T020649Z,5653737946483450709,2048,114,signature_admission_batch,263924780,2048,64,measured
python-20260723T020649Z,5653737946483450709,2048,114,merkle_build,1707712,2048,64,measured
python-20260723T020649Z,5653737946483450709,2048,114,sign_batch,76793659,2048,64,measured
python-20260723T020649Z,5653737946483450709,2048,115,merkle_build,1642374,2048,64,measured
python-20260723T020649Z,5653737946483450709,2048,115,verify_batch,226416287,2048,64,measured
python-20260723T020649Z,5653737946483450709,2048,115,proof_verify,51226,2048,64,measured
python-20260723T020649Z,5653737946483450709,2048,115,signature_admission_batch,238717857,2048,64,measured
python-20260723T020649Z,5653737946483450709,2048,115,late_rebuild,3386610,2048,64,measured
python-20260723T020649Z,5653737946483450709,2048,115,sign_batch,75776175,2048,64,measured
python-20260723T020649Z,5653737946483450709,2048,116,late_rebuild,3463986,2048,64,measured
python-20260723T020649Z,5653737946483450709,2048,116,merkle_build,1645960,2048,64,measured
python-20260723T020649Z,5653737946483450709,2048,116,verify_batch,226092966,2048,64,measured
python-20260723T020649Z,5653737946483450709,2048,116,sign_batch,75887391,2048,64,measured
python-20260723T020649Z,5653737946483450709,2048,116,proof_verify,49864,2048,64,measured
python-20260723T020649Z,5653737946483450709,2048,116,signature_admission_batch,239466912,2048,64,measured
python-20260723T020649Z,5653737946483450709,2048,117,sign_batch,76434495,2048,64,measured
python-20260723T020649Z,5653737946483450709,2048,117,verify_batch,235683491,2048,64,measured
python-20260723T020649Z,5653737946483450709,2048,117,merkle_build,1858636,2048,64,measured
python-20260723T020649Z,5653737946483450709,2048,117,proof_verify,55412,2048,64,measured
python-20260723T020649Z,5653737946483450709,2048,117,signature_admission_batch,245285382,2048,64,measured
python-20260723T020649Z,5653737946483450709,2048,117,late_rebuild,3592327,2048,64,measured
python-20260723T020649Z,5653737946483450709,2048,118,sign_batch,79414841,2048,64,measured
python-20260723T020649Z,5653737946483450709,2048,118,proof_verify,52278,2048,64,measured
python-20260723T020649Z,5653737946483450709,2048,118,merkle_build,1754041,2048,64,measured
python-20260723T020649Z,5653737946483450709,2048,118,signature_admission_batch,251936251,2048,64,measured
python-20260723T020649Z,5653737946483450709,2048,118,late_rebuild,3643112,2048,64,measured
python-20260723T020649Z,5653737946483450709,2048,118,verify_batch,236939911,2048,64,measured
python-20260723T020649Z,5653737946483450709,2048,119,signature_admission_batch,238429027,2048,64,measured
python-20260723T020649Z,5653737946483450709,2048,119,late_rebuild,3442324,2048,64,measured
python-20260723T020649Z,5653737946483450709,2048,119,verify_batch,229384015,2048,64,measured
python-20260723T020649Z,5653737946483450709,2048,119,proof_verify,54111,2048,64,measured
python-20260723T020649Z,5653737946483450709,2048,119,sign_batch,77881910,2048,64,measured
python-20260723T020649Z,5653737946483450709,2048,119,merkle_build,1666240,2048,64,measured
python-20260723T020649Z,5653737946483450709,2048,120,merkle_build,1615305,2048,64,measured
python-20260723T020649Z,5653737946483450709,2048,120,sign_batch,77133735,2048,64,measured
python-20260723T020649Z,5653737946483450709,2048,120,proof_verify,49274,2048,64,measured
python-20260723T020649Z,5653737946483450709,2048,120,signature_admission_batch,243097616,2048,64,measured
python-20260723T020649Z,5653737946483450709,2048,120,late_rebuild,3388684,2048,64,measured
python-20260723T020649Z,5653737946483450709,2048,120,verify_batch,226699539,2048,64,measured
python-20260723T020649Z,5653737946483450709,2048,121,proof_verify,50305,2048,64,measured
python-20260723T020649Z,5653737946483450709,2048,121,verify_batch,227715602,2048,64,measured
python-20260723T020649Z,5653737946483450709,2048,121,late_rebuild,3528822,2048,64,measured
python-20260723T020649Z,5653737946483450709,2048,121,signature_admission_batch,240472158,2048,64,measured
python-20260723T020649Z,5653737946483450709,2048,121,merkle_build,1652870,2048,64,measured
python-20260723T020649Z,5653737946483450709,2048,121,sign_batch,76342979,2048,64,measured
python-20260723T020649Z,5653737946483450709,2048,122,proof_verify,46940,2048,64,measured
python-20260723T020649Z,5653737946483450709,2048,122,sign_batch,76264823,2048,64,measured
python-20260723T020649Z,5653737946483450709,2048,122,late_rebuild,3425488,2048,64,measured
python-20260723T020649Z,5653737946483450709,2048,122,signature_admission_batch,240268195,2048,64,measured
python-20260723T020649Z,5653737946483450709,2048,122,verify_batch,227090001,2048,64,measured
python-20260723T020649Z,5653737946483450709,2048,122,merkle_build,1699620,2048,64,measured
python-20260723T020649Z,5653737946483450709,2048,123,verify_batch,233418780,2048,64,measured
python-20260723T020649Z,5653737946483450709,2048,123,signature_admission_batch,240030561,2048,64,measured
python-20260723T020649Z,5653737946483450709,2048,123,sign_batch,76181729,2048,64,measured
python-20260723T020649Z,5653737946483450709,2048,123,proof_verify,53039,2048,64,measured
python-20260723T020649Z,5653737946483450709,2048,123,late_rebuild,3432779,2048,64,measured
python-20260723T020649Z,5653737946483450709,2048,123,merkle_build,1637397,2048,64,measured
python-20260723T020649Z,5653737946483450709,2048,124,signature_admission_batch,238338072,2048,64,measured
python-20260723T020649Z,5653737946483450709,2048,124,verify_batch,228477636,2048,64,measured
python-20260723T020649Z,5653737946483450709,2048,124,sign_batch,77804504,2048,64,measured
python-20260723T020649Z,5653737946483450709,2048,124,late_rebuild,3453790,2048,64,measured
python-20260723T020649Z,5653737946483450709,2048,124,proof_verify,32088,2048,64,measured
python-20260723T020649Z,5653737946483450709,2048,124,merkle_build,1639230,2048,64,measured
python-20260723T020649Z,5653737946483450709,2048,125,late_rebuild,3387071,2048,64,measured
python-20260723T020649Z,5653737946483450709,2048,125,sign_batch,76768812,2048,64,measured
python-20260723T020649Z,5653737946483450709,2048,125,merkle_build,1644638,2048,64,measured
python-20260723T020649Z,5653737946483450709,2048,125,proof_verify,31698,2048,64,measured
python-20260723T020649Z,5653737946483450709,2048,125,verify_batch,227461974,2048,64,measured
python-20260723T020649Z,5653737946483450709,2048,125,signature_admission_batch,240127295,2048,64,measured
python-20260723T020649Z,5653737946483450709,2048,126,merkle_build,1697947,2048,64,measured
python-20260723T020649Z,5653737946483450709,2048,126,proof_verify,33269,2048,64,measured
python-20260723T020649Z,5653737946483450709,2048,126,sign_batch,75275350,2048,64,measured
python-20260723T020649Z,5653737946483450709,2048,126,signature_admission_batch,237761163,2048,64,measured
python-20260723T020649Z,5653737946483450709,2048,126,late_rebuild,3420491,2048,64,measured
python-20260723T020649Z,5653737946483450709,2048,126,verify_batch,225692360,2048,64,measured
python-20260723T020649Z,5653737946483450709,2048,127,verify_batch,225577539,2048,64,measured
python-20260723T020649Z,5653737946483450709,2048,127,sign_batch,75470330,2048,64,measured
python-20260723T020649Z,5653737946483450709,2048,127,late_rebuild,3425339,2048,64,measured
python-20260723T020649Z,5653737946483450709,2048,127,merkle_build,1683525,2048,64,measured
python-20260723T020649Z,5653737946483450709,2048,127,proof_verify,32798,2048,64,measured
python-20260723T020649Z,5653737946483450709,2048,127,signature_admission_batch,237521436,2048,64,measured
python-20260723T020649Z,5653737946483450709,2048,128,verify_batch,225687262,2048,64,measured
python-20260723T020649Z,5653737946483450709,2048,128,proof_verify,50656,2048,64,measured
python-20260723T020649Z,5653737946483450709,2048,128,merkle_build,1682154,2048,64,measured
python-20260723T020649Z,5653737946483450709,2048,128,signature_admission_batch,242158848,2048,64,measured
python-20260723T020649Z,5653737946483450709,2048,128,late_rebuild,3368754,2048,64,measured
python-20260723T020649Z,5653737946483450709,2048,128,sign_batch,75972187,2048,64,measured
python-20260723T020649Z,5653737946483450709,2048,129,late_rebuild,3403876,2048,64,measured
python-20260723T020649Z,5653737946483450709,2048,129,proof_verify,29935,2048,64,measured
python-20260723T020649Z,5653737946483450709,2048,129,verify_batch,225276171,2048,64,measured
python-20260723T020649Z,5653737946483450709,2048,129,merkle_build,1671288,2048,64,measured
python-20260723T020649Z,5653737946483450709,2048,129,sign_batch,75645701,2048,64,measured
python-20260723T020649Z,5653737946483450709,2048,129,signature_admission_batch,254828225,2048,64,measured
python-20260723T020649Z,5653737946483450709,2048,130,sign_batch,84126464,2048,64,measured
python-20260723T020649Z,5653737946483450709,2048,130,merkle_build,2287254,2048,64,measured
python-20260723T020649Z,5653737946483450709,2048,130,late_rebuild,4326570,2048,64,measured
python-20260723T020649Z,5653737946483450709,2048,130,verify_batch,240952373,2048,64,measured
python-20260723T020649Z,5653737946483450709,2048,130,proof_verify,57025,2048,64,measured
python-20260723T020649Z,5653737946483450709,2048,130,signature_admission_batch,297062006,2048,64,measured
python-20260723T020649Z,5653737946483450709,2048,131,merkle_build,1709745,2048,64,measured
python-20260723T020649Z,5653737946483450709,2048,131,sign_batch,84692126,2048,64,measured
python-20260723T020649Z,5653737946483450709,2048,131,proof_verify,62413,2048,64,measured
python-20260723T020649Z,5653737946483450709,2048,131,verify_batch,254148244,2048,64,measured
python-20260723T020649Z,5653737946483450709,2048,131,late_rebuild,4229104,2048,64,measured
python-20260723T020649Z,5653737946483450709,2048,131,signature_admission_batch,267680014,2048,64,measured
python-20260723T020649Z,5653737946483450709,2048,132,proof_verify,54111,2048,64,measured
python-20260723T020649Z,5653737946483450709,2048,132,signature_admission_batch,252303928,2048,64,measured
python-20260723T020649Z,5653737946483450709,2048,132,sign_batch,81749866,2048,64,measured
python-20260723T020649Z,5653737946483450709,2048,132,merkle_build,2238843,2048,64,measured
python-20260723T020649Z,5653737946483450709,2048,132,late_rebuild,4724012,2048,64,measured
python-20260723T020649Z,5653737946483450709,2048,132,verify_batch,243858298,2048,64,measured
python-20260723T020649Z,5653737946483450709,2048,133,late_rebuild,4744952,2048,64,measured
python-20260723T020649Z,5653737946483450709,2048,133,merkle_build,1849483,2048,64,measured
python-20260723T020649Z,5653737946483450709,2048,133,verify_batch,249637140,2048,64,measured
python-20260723T020649Z,5653737946483450709,2048,133,proof_verify,55953,2048,64,measured
python-20260723T020649Z,5653737946483450709,2048,133,signature_admission_batch,267746613,2048,64,measured
python-20260723T020649Z,5653737946483450709,2048,133,sign_batch,85534920,2048,64,measured
python-20260723T020649Z,5653737946483450709,2048,134,proof_verify,84986,2048,64,measured
python-20260723T020649Z,5653737946483450709,2048,134,late_rebuild,4391406,2048,64,measured
python-20260723T020649Z,5653737946483450709,2048,134,merkle_build,1665359,2048,64,measured
python-20260723T020649Z,5653737946483450709,2048,134,signature_admission_batch,268510090,2048,64,measured
python-20260723T020649Z,5653737946483450709,2048,134,verify_batch,239844824,2048,64,measured
python-20260723T020649Z,5653737946483450709,2048,134,sign_batch,81636588,2048,64,measured
python-20260723T020649Z,5653737946483450709,2048,135,late_rebuild,3416615,2048,64,measured
python-20260723T020649Z,5653737946483450709,2048,135,signature_admission_batch,259974360,2048,64,measured
python-20260723T020649Z,5653737946483450709,2048,135,merkle_build,1713651,2048,64,measured
python-20260723T020649Z,5653737946483450709,2048,135,verify_batch,252063331,2048,64,measured
python-20260723T020649Z,5653737946483450709,2048,135,proof_verify,70435,2048,64,measured
python-20260723T020649Z,5653737946483450709,2048,135,sign_batch,87055063,2048,64,measured
python-20260723T020649Z,5653737946483450709,2048,136,proof_verify,65607,2048,64,measured
python-20260723T020649Z,5653737946483450709,2048,136,merkle_build,1927780,2048,64,measured
python-20260723T020649Z,5653737946483450709,2048,136,late_rebuild,4381992,2048,64,measured
python-20260723T020649Z,5653737946483450709,2048,136,sign_batch,86021264,2048,64,measured
python-20260723T020649Z,5653737946483450709,2048,136,signature_admission_batch,259547590,2048,64,measured
python-20260723T020649Z,5653737946483450709,2048,136,verify_batch,252171641,2048,64,measured
python-20260723T020649Z,5653737946483450709,2048,137,signature_admission_batch,270109641,2048,64,measured
python-20260723T020649Z,5653737946483450709,2048,137,merkle_build,1793540,2048,64,measured
python-20260723T020649Z,5653737946483450709,2048,137,proof_verify,35583,2048,64,measured
python-20260723T020649Z,5653737946483450709,2048,137,late_rebuild,3639737,2048,64,measured
python-20260723T020649Z,5653737946483450709,2048,137,verify_batch,248214051,2048,64,measured
python-20260723T020649Z,5653737946483450709,2048,137,sign_batch,82724787,2048,64,measured
python-20260723T020649Z,5653737946483450709,2048,138,verify_batch,248741657,2048,64,measured
python-20260723T020649Z,5653737946483450709,2048,138,proof_verify,55252,2048,64,measured
python-20260723T020649Z,5653737946483450709,2048,138,signature_admission_batch,252983490,2048,64,measured
python-20260723T020649Z,5653737946483450709,2048,138,merkle_build,2314966,2048,64,measured
python-20260723T020649Z,5653737946483450709,2048,138,sign_batch,79576070,2048,64,measured
python-20260723T020649Z,5653737946483450709,2048,138,late_rebuild,4845422,2048,64,measured
python-20260723T020649Z,5653737946483450709,2048,139,signature_admission_batch,264120056,2048,64,measured
python-20260723T020649Z,5653737946483450709,2048,139,sign_batch,79389293,2048,64,measured
python-20260723T020649Z,5653737946483450709,2048,139,verify_batch,236964157,2048,64,measured
python-20260723T020649Z,5653737946483450709,2048,139,merkle_build,1883583,2048,64,measured
python-20260723T020649Z,5653737946483450709,2048,139,proof_verify,33870,2048,64,measured
python-20260723T020649Z,5653737946483450709,2048,139,late_rebuild,3448323,2048,64,measured
python-20260723T020649Z,5653737946483450709,2048,140,verify_batch,250975812,2048,64,measured
python-20260723T020649Z,5653737946483450709,2048,140,late_rebuild,3877632,2048,64,measured
python-20260723T020649Z,5653737946483450709,2048,140,merkle_build,1779879,2048,64,measured
python-20260723T020649Z,5653737946483450709,2048,140,signature_admission_batch,256630348,2048,64,measured
python-20260723T020649Z,5653737946483450709,2048,140,sign_batch,83943381,2048,64,measured
python-20260723T020649Z,5653737946483450709,2048,140,proof_verify,52889,2048,64,measured
python-20260723T020649Z,5653737946483450709,2048,141,verify_batch,229653827,2048,64,measured
python-20260723T020649Z,5653737946483450709,2048,141,merkle_build,1665429,2048,64,measured
python-20260723T020649Z,5653737946483450709,2048,141,late_rebuild,3417106,2048,64,measured
python-20260723T020649Z,5653737946483450709,2048,141,sign_batch,76170312,2048,64,measured
python-20260723T020649Z,5653737946483450709,2048,141,signature_admission_batch,243520115,2048,64,measured
python-20260723T020649Z,5653737946483450709,2048,141,proof_verify,39549,2048,64,measured
python-20260723T020649Z,5653737946483450709,2048,142,proof_verify,16034,2048,64,measured
python-20260723T020649Z,5653737946483450709,2048,142,merkle_build,1651588,2048,64,measured
python-20260723T020649Z,5653737946483450709,2048,142,verify_batch,226527864,2048,64,measured
python-20260723T020649Z,5653737946483450709,2048,142,signature_admission_batch,240205762,2048,64,measured
python-20260723T020649Z,5653737946483450709,2048,142,late_rebuild,3372349,2048,64,measured
python-20260723T020649Z,5653737946483450709,2048,142,sign_batch,75706211,2048,64,measured
python-20260723T020649Z,5653737946483450709,2048,143,merkle_build,1651599,2048,64,measured
python-20260723T020649Z,5653737946483450709,2048,143,late_rebuild,3571175,2048,64,measured
python-20260723T020649Z,5653737946483450709,2048,143,signature_admission_batch,238385923,2048,64,measured
python-20260723T020649Z,5653737946483450709,2048,143,sign_batch,79228393,2048,64,measured
python-20260723T020649Z,5653737946483450709,2048,143,proof_verify,47982,2048,64,measured
python-20260723T020649Z,5653737946483450709,2048,143,verify_batch,226228117,2048,64,measured
python-20260723T020649Z,5653737946483450709,2048,144,late_rebuild,3440481,2048,64,measured
python-20260723T020649Z,5653737946483450709,2048,144,signature_admission_batch,237678981,2048,64,measured
python-20260723T020649Z,5653737946483450709,2048,144,proof_verify,37666,2048,64,measured
python-20260723T020649Z,5653737946483450709,2048,144,merkle_build,1673121,2048,64,measured
python-20260723T020649Z,5653737946483450709,2048,144,sign_batch,75825399,2048,64,measured
python-20260723T020649Z,5653737946483450709,2048,144,verify_batch,225287447,2048,64,measured
python-20260723T020649Z,5653737946483450709,2048,145,proof_verify,43856,2048,64,measured
python-20260723T020649Z,5653737946483450709,2048,145,late_rebuild,3429364,2048,64,measured
python-20260723T020649Z,5653737946483450709,2048,145,verify_batch,225526974,2048,64,measured
python-20260723T020649Z,5653737946483450709,2048,145,sign_batch,75714689,2048,64,measured
python-20260723T020649Z,5653737946483450709,2048,145,merkle_build,1700811,2048,64,measured
python-20260723T020649Z,5653737946483450709,2048,145,signature_admission_batch,238900089,2048,64,measured
python-20260723T020649Z,5653737946483450709,2048,146,sign_batch,75908342,2048,64,measured
python-20260723T020649Z,5653737946483450709,2048,146,signature_admission_batch,241003760,2048,64,measured
python-20260723T020649Z,5653737946483450709,2048,146,proof_verify,41362,2048,64,measured
python-20260723T020649Z,5653737946483450709,2048,146,late_rebuild,3513830,2048,64,measured
python-20260723T020649Z,5653737946483450709,2048,146,merkle_build,1615044,2048,64,measured
python-20260723T020649Z,5653737946483450709,2048,146,verify_batch,226526442,2048,64,measured
python-20260723T020649Z,5653737946483450709,2048,147,merkle_build,1665589,2048,64,measured
python-20260723T020649Z,5653737946483450709,2048,147,sign_batch,75975276,2048,64,measured
python-20260723T020649Z,5653737946483450709,2048,147,signature_admission_batch,238233556,2048,64,measured
python-20260723T020649Z,5653737946483450709,2048,147,proof_verify,42803,2048,64,measured
python-20260723T020649Z,5653737946483450709,2048,147,verify_batch,225605010,2048,64,measured
python-20260723T020649Z,5653737946483450709,2048,147,late_rebuild,3442844,2048,64,measured
python-20260723T020649Z,5653737946483450709,2048,148,verify_batch,226822282,2048,64,measured
python-20260723T020649Z,5653737946483450709,2048,148,signature_admission_batch,238616115,2048,64,measured
python-20260723T020649Z,5653737946483450709,2048,148,late_rebuild,3434452,2048,64,measured
python-20260723T020649Z,5653737946483450709,2048,148,sign_batch,76068831,2048,64,measured
python-20260723T020649Z,5653737946483450709,2048,148,proof_verify,50866,2048,64,measured
python-20260723T020649Z,5653737946483450709,2048,148,merkle_build,1687812,2048,64,measured
python-20260723T020649Z,5653737946483450709,2048,149,late_rebuild,3387011,2048,64,measured
python-20260723T020649Z,5653737946483450709,2048,149,signature_admission_batch,239804965,2048,64,measured
python-20260723T020649Z,5653737946483450709,2048,149,verify_batch,225109502,2048,64,measured
python-20260723T020649Z,5653737946483450709,2048,149,sign_batch,75344593,2048,64,measured
python-20260723T020649Z,5653737946483450709,2048,149,proof_verify,53740,2048,64,measured
python-20260723T020649Z,5653737946483450709,2048,149,merkle_build,1650076,2048,64,measured
python-20260723T020649Z,5653737946483450709,2048,150,sign_batch,76357400,2048,64,measured
python-20260723T020649Z,5653737946483450709,2048,150,verify_batch,226044584,2048,64,measured
python-20260723T020649Z,5653737946483450709,2048,150,signature_admission_batch,237828764,2048,64,measured
python-20260723T020649Z,5653737946483450709,2048,150,merkle_build,1667492,2048,64,measured
python-20260723T020649Z,5653737946483450709,2048,150,late_rebuild,3404607,2048,64,measured
python-20260723T020649Z,5653737946483450709,2048,150,proof_verify,30776,2048,64,measured
python-20260723T020649Z,5653737946483450709,2048,151,proof_verify,16354,2048,64,measured
python-20260723T020649Z,5653737946483450709,2048,151,verify_batch,225355329,2048,64,measured
python-20260723T020649Z,5653737946483450709,2048,151,sign_batch,75249782,2048,64,measured
python-20260723T020649Z,5653737946483450709,2048,151,merkle_build,1688032,2048,64,measured
python-20260723T020649Z,5653737946483450709,2048,151,late_rebuild,3472739,2048,64,measured
python-20260723T020649Z,5653737946483450709,2048,151,signature_admission_batch,238798076,2048,64,measured
python-20260723T020649Z,5653737946483450709,2048,152,sign_batch,75521346,2048,64,measured
python-20260723T020649Z,5653737946483450709,2048,152,verify_batch,224996805,2048,64,measured
python-20260723T020649Z,5653737946483450709,2048,152,merkle_build,1657597,2048,64,measured
python-20260723T020649Z,5653737946483450709,2048,152,late_rebuild,3395113,2048,64,measured
python-20260723T020649Z,5653737946483450709,2048,152,signature_admission_batch,237638411,2048,64,measured
python-20260723T020649Z,5653737946483450709,2048,152,proof_verify,39869,2048,64,measured
python-20260723T020649Z,5653737946483450709,2048,153,merkle_build,1684557,2048,64,measured
python-20260723T020649Z,5653737946483450709,2048,153,signature_admission_batch,240179844,2048,64,measured
python-20260723T020649Z,5653737946483450709,2048,153,sign_batch,75220829,2048,64,measured
python-20260723T020649Z,5653737946483450709,2048,153,verify_batch,226371621,2048,64,measured
python-20260723T020649Z,5653737946483450709,2048,153,proof_verify,51998,2048,64,measured
python-20260723T020649Z,5653737946483450709,2048,153,late_rebuild,3412590,2048,64,measured
python-20260723T020649Z,5653737946483450709,2048,154,sign_batch,75131956,2048,64,measured
python-20260723T020649Z,5653737946483450709,2048,154,late_rebuild,3368564,2048,64,measured
python-20260723T020649Z,5653737946483450709,2048,154,verify_batch,225186537,2048,64,measured
python-20260723T020649Z,5653737946483450709,2048,154,signature_admission_batch,237110275,2048,64,measured
python-20260723T020649Z,5653737946483450709,2048,154,merkle_build,1685489,2048,64,measured
python-20260723T020649Z,5653737946483450709,2048,154,proof_verify,32278,2048,64,measured
python-20260723T020649Z,5653737946483450709,2048,155,signature_admission_batch,237298404,2048,64,measured
python-20260723T020649Z,5653737946483450709,2048,155,late_rebuild,3414963,2048,64,measured
python-20260723T020649Z,5653737946483450709,2048,155,sign_batch,75217213,2048,64,measured
python-20260723T020649Z,5653737946483450709,2048,155,proof_verify,40911,2048,64,measured
python-20260723T020649Z,5653737946483450709,2048,155,verify_batch,225522076,2048,64,measured
python-20260723T020649Z,5653737946483450709,2048,155,merkle_build,1748172,2048,64,measured
python-20260723T020649Z,5653737946483450709,2048,156,signature_admission_batch,237401578,2048,64,measured
python-20260723T020649Z,5653737946483450709,2048,156,verify_batch,225071796,2048,64,measured
python-20260723T020649Z,5653737946483450709,2048,156,late_rebuild,3429354,2048,64,measured
python-20260723T020649Z,5653737946483450709,2048,156,sign_batch,75532222,2048,64,measured
python-20260723T020649Z,5653737946483450709,2048,156,proof_verify,48792,2048,64,measured
python-20260723T020649Z,5653737946483450709,2048,156,merkle_build,1657167,2048,64,measured
python-20260723T020649Z,5653737946483450709,2048,157,sign_batch,74909284,2048,64,measured
python-20260723T020649Z,5653737946483450709,2048,157,verify_batch,225758259,2048,64,measured
python-20260723T020649Z,5653737946483450709,2048,157,late_rebuild,3411087,2048,64,measured
python-20260723T020649Z,5653737946483450709,2048,157,proof_verify,30185,2048,64,measured
python-20260723T020649Z,5653737946483450709,2048,157,merkle_build,1693991,2048,64,measured
python-20260723T020649Z,5653737946483450709,2048,157,signature_admission_batch,237795124,2048,64,measured
python-20260723T020649Z,5653737946483450709,2048,158,proof_verify,38918,2048,64,measured
python-20260723T020649Z,5653737946483450709,2048,158,verify_batch,225060890,2048,64,measured
python-20260723T020649Z,5653737946483450709,2048,158,signature_admission_batch,237884687,2048,64,measured
python-20260723T020649Z,5653737946483450709,2048,158,sign_batch,75119988,2048,64,measured
python-20260723T020649Z,5653737946483450709,2048,158,merkle_build,1647542,2048,64,measured
python-20260723T020649Z,5653737946483450709,2048,158,late_rebuild,3403125,2048,64,measured
python-20260723T020649Z,5653737946483450709,2048,159,verify_batch,226004084,2048,64,measured
python-20260723T020649Z,5653737946483450709,2048,159,merkle_build,1678739,2048,64,measured
python-20260723T020649Z,5653737946483450709,2048,159,sign_batch,75328199,2048,64,measured
python-20260723T020649Z,5653737946483450709,2048,159,proof_verify,54962,2048,64,measured
python-20260723T020649Z,5653737946483450709,2048,159,late_rebuild,3384347,2048,64,measured
python-20260723T020649Z,5653737946483450709,2048,159,signature_admission_batch,237219908,2048,64,measured
python-20260723T020649Z,5653737946483450709,2048,160,proof_verify,35442,2048,64,measured
python-20260723T020649Z,5653737946483450709,2048,160,signature_admission_batch,237453756,2048,64,measured
python-20260723T020649Z,5653737946483450709,2048,160,verify_batch,228545006,2048,64,measured
python-20260723T020649Z,5653737946483450709,2048,160,sign_batch,76167848,2048,64,measured
python-20260723T020649Z,5653737946483450709,2048,160,merkle_build,1663986,2048,64,measured
python-20260723T020649Z,5653737946483450709,2048,160,late_rebuild,3457336,2048,64,measured
python-20260723T020649Z,5653737946483450709,2048,161,verify_batch,227239113,2048,64,measured
python-20260723T020649Z,5653737946483450709,2048,161,late_rebuild,3392880,2048,64,measured
python-20260723T020649Z,5653737946483450709,2048,161,merkle_build,2007258,2048,64,measured
python-20260723T020649Z,5653737946483450709,2048,161,signature_admission_batch,239268557,2048,64,measured
python-20260723T020649Z,5653737946483450709,2048,161,proof_verify,42984,2048,64,measured
python-20260723T020649Z,5653737946483450709,2048,161,sign_batch,75642927,2048,64,measured
python-20260723T020649Z,5653737946483450709,2048,162,proof_verify,42783,2048,64,measured
python-20260723T020649Z,5653737946483450709,2048,162,verify_batch,226606611,2048,64,measured
python-20260723T020649Z,5653737946483450709,2048,162,late_rebuild,3687558,2048,64,measured
python-20260723T020649Z,5653737946483450709,2048,162,sign_batch,75822364,2048,64,measured
python-20260723T020649Z,5653737946483450709,2048,162,signature_admission_batch,236994542,2048,64,measured
python-20260723T020649Z,5653737946483450709,2048,162,merkle_build,1641824,2048,64,measured
python-20260723T020649Z,5653737946483450709,2048,163,late_rebuild,3343106,2048,64,measured
python-20260723T020649Z,5653737946483450709,2048,163,signature_admission_batch,238130964,2048,64,measured
python-20260723T020649Z,5653737946483450709,2048,163,sign_batch,74969765,2048,64,measured
python-20260723T020649Z,5653737946483450709,2048,163,verify_batch,232033929,2048,64,measured
python-20260723T020649Z,5653737946483450709,2048,163,merkle_build,1677006,2048,64,measured
python-20260723T020649Z,5653737946483450709,2048,163,proof_verify,33810,2048,64,measured
python-20260723T020649Z,5653737946483450709,2048,164,signature_admission_batch,239817844,2048,64,measured
python-20260723T020649Z,5653737946483450709,2048,164,proof_verify,40691,2048,64,measured
python-20260723T020649Z,5653737946483450709,2048,164,late_rebuild,3469804,2048,64,measured
python-20260723T020649Z,5653737946483450709,2048,164,verify_batch,227604797,2048,64,measured
python-20260723T020649Z,5653737946483450709,2048,164,sign_batch,76656966,2048,64,measured
python-20260723T020649Z,5653737946483450709,2048,164,merkle_build,1704147,2048,64,measured
python-20260723T020649Z,5653737946483450709,2048,165,proof_verify,33299,2048,64,measured
python-20260723T020649Z,5653737946483450709,2048,165,verify_batch,226969160,2048,64,measured
python-20260723T020649Z,5653737946483450709,2048,165,sign_batch,75332995,2048,64,measured
python-20260723T020649Z,5653737946483450709,2048,165,merkle_build,1659249,2048,64,measured
python-20260723T020649Z,5653737946483450709,2048,165,late_rebuild,3385840,2048,64,measured
python-20260723T020649Z,5653737946483450709,2048,165,signature_admission_batch,241121074,2048,64,measured
python-20260723T020649Z,5653737946483450709,2048,166,merkle_build,1698138,2048,64,measured
python-20260723T020649Z,5653737946483450709,2048,166,proof_verify,31798,2048,64,measured
python-20260723T020649Z,5653737946483450709,2048,166,sign_batch,75903756,2048,64,measured
python-20260723T020649Z,5653737946483450709,2048,166,verify_batch,227127566,2048,64,measured
python-20260723T020649Z,5653737946483450709,2048,166,signature_admission_batch,239270189,2048,64,measured
python-20260723T020649Z,5653737946483450709,2048,166,late_rebuild,3408493,2048,64,measured
python-20260723T020649Z,5653737946483450709,2048,167,sign_batch,75793551,2048,64,measured
python-20260723T020649Z,5653737946483450709,2048,167,verify_batch,227580871,2048,64,measured
python-20260723T020649Z,5653737946483450709,2048,167,late_rebuild,3390597,2048,64,measured
python-20260723T020649Z,5653737946483450709,2048,167,proof_verify,31947,2048,64,measured
python-20260723T020649Z,5653737946483450709,2048,167,merkle_build,1602154,2048,64,measured
python-20260723T020649Z,5653737946483450709,2048,167,signature_admission_batch,242437904,2048,64,measured
python-20260723T020649Z,5653737946483450709,2048,168,signature_admission_batch,239771476,2048,64,measured
python-20260723T020649Z,5653737946483450709,2048,168,proof_verify,40621,2048,64,measured
python-20260723T020649Z,5653737946483450709,2048,168,late_rebuild,3374172,2048,64,measured
python-20260723T020649Z,5653737946483450709,2048,168,verify_batch,227813417,2048,64,measured
python-20260723T020649Z,5653737946483450709,2048,168,sign_batch,75732400,2048,64,measured
python-20260723T020649Z,5653737946483450709,2048,168,merkle_build,1674272,2048,64,measured
python-20260723T020649Z,5653737946483450709,2048,169,verify_batch,226370159,2048,64,measured
python-20260723T020649Z,5653737946483450709,2048,169,sign_batch,75775064,2048,64,measured
python-20260723T020649Z,5653737946483450709,2048,169,merkle_build,1864786,2048,64,measured
python-20260723T020649Z,5653737946483450709,2048,169,late_rebuild,3497736,2048,64,measured
python-20260723T020649Z,5653737946483450709,2048,169,signature_admission_batch,241115666,2048,64,measured
python-20260723T020649Z,5653737946483450709,2048,169,proof_verify,40220,2048,64,measured
python-20260723T020649Z,5653737946483450709,2048,170,signature_admission_batch,240775199,2048,64,measured
python-20260723T020649Z,5653737946483450709,2048,170,merkle_build,1661663,2048,64,measured
python-20260723T020649Z,5653737946483450709,2048,170,verify_batch,229974864,2048,64,measured
python-20260723T020649Z,5653737946483450709,2048,170,proof_verify,52528,2048,64,measured
python-20260723T020649Z,5653737946483450709,2048,170,sign_batch,75562928,2048,64,measured
python-20260723T020649Z,5653737946483450709,2048,170,late_rebuild,3441673,2048,64,measured
python-20260723T020649Z,5653737946483450709,2048,171,late_rebuild,3384727,2048,64,measured
python-20260723T020649Z,5653737946483450709,2048,171,verify_batch,230713373,2048,64,measured
python-20260723T020649Z,5653737946483450709,2048,171,signature_admission_batch,239530117,2048,64,measured
python-20260723T020649Z,5653737946483450709,2048,171,sign_batch,78412279,2048,64,measured
python-20260723T020649Z,5653737946483450709,2048,171,proof_verify,50795,2048,64,measured
python-20260723T020649Z,5653737946483450709,2048,171,merkle_build,1664117,2048,64,measured
python-20260723T020649Z,5653737946483450709,2048,172,signature_admission_batch,238507985,2048,64,measured
python-20260723T020649Z,5653737946483450709,2048,172,proof_verify,40811,2048,64,measured
python-20260723T020649Z,5653737946483450709,2048,172,verify_batch,226615404,2048,64,measured
python-20260723T020649Z,5653737946483450709,2048,172,merkle_build,1705619,2048,64,measured
python-20260723T020649Z,5653737946483450709,2048,172,sign_batch,75558220,2048,64,measured
python-20260723T020649Z,5653737946483450709,2048,172,late_rebuild,3417747,2048,64,measured
python-20260723T020649Z,5653737946483450709,2048,173,signature_admission_batch,238601815,2048,64,measured
python-20260723T020649Z,5653737946483450709,2048,173,sign_batch,75554185,2048,64,measured
python-20260723T020649Z,5653737946483450709,2048,173,late_rebuild,3419680,2048,64,measured
python-20260723T020649Z,5653737946483450709,2048,173,verify_batch,225684659,2048,64,measured
python-20260723T020649Z,5653737946483450709,2048,173,merkle_build,1765588,2048,64,measured
python-20260723T020649Z,5653737946483450709,2048,173,proof_verify,43435,2048,64,measured
python-20260723T020649Z,5653737946483450709,2048,174,verify_batch,229132500,2048,64,measured
python-20260723T020649Z,5653737946483450709,2048,174,proof_verify,51857,2048,64,measured
python-20260723T020649Z,5653737946483450709,2048,174,signature_admission_batch,237395489,2048,64,measured
python-20260723T020649Z,5653737946483450709,2048,174,merkle_build,1647422,2048,64,measured
python-20260723T020649Z,5653737946483450709,2048,174,late_rebuild,3411998,2048,64,measured
python-20260723T020649Z,5653737946483450709,2048,174,sign_batch,76078906,2048,64,measured
python-20260723T020649Z,5653737946483450709,2048,175,proof_verify,47781,2048,64,measured
python-20260723T020649Z,5653737946483450709,2048,175,verify_batch,226259835,2048,64,measured
python-20260723T020649Z,5653737946483450709,2048,175,late_rebuild,3421283,2048,64,measured
python-20260723T020649Z,5653737946483450709,2048,175,merkle_build,1665869,2048,64,measured
python-20260723T020649Z,5653737946483450709,2048,175,signature_admission_batch,237588406,2048,64,measured
python-20260723T020649Z,5653737946483450709,2048,175,sign_batch,77547732,2048,64,measured
python-20260723T020649Z,5653737946483450709,2048,176,late_rebuild,3574641,2048,64,measured
python-20260723T020649Z,5653737946483450709,2048,176,sign_batch,75797577,2048,64,measured
python-20260723T020649Z,5653737946483450709,2048,176,verify_batch,226931274,2048,64,measured
python-20260723T020649Z,5653737946483450709,2048,176,signature_admission_batch,238788993,2048,64,measured
python-20260723T020649Z,5653737946483450709,2048,176,merkle_build,1644718,2048,64,measured
python-20260723T020649Z,5653737946483450709,2048,176,proof_verify,34281,2048,64,measured
python-20260723T020649Z,5653737946483450709,2048,177,sign_batch,75952397,2048,64,measured
python-20260723T020649Z,5653737946483450709,2048,177,late_rebuild,3419730,2048,64,measured
python-20260723T020649Z,5653737946483450709,2048,177,merkle_build,1646620,2048,64,measured
python-20260723T020649Z,5653737946483450709,2048,177,signature_admission_batch,239397158,2048,64,measured
python-20260723T020649Z,5653737946483450709,2048,177,proof_verify,42413,2048,64,measured
python-20260723T020649Z,5653737946483450709,2048,177,verify_batch,227672237,2048,64,measured
python-20260723T020649Z,5653737946483450709,2048,178,merkle_build,1702774,2048,64,measured
python-20260723T020649Z,5653737946483450709,2048,178,late_rebuild,3410656,2048,64,measured
python-20260723T020649Z,5653737946483450709,2048,178,verify_batch,227301600,2048,64,measured
python-20260723T020649Z,5653737946483450709,2048,178,sign_batch,75429870,2048,64,measured
python-20260723T020649Z,5653737946483450709,2048,178,proof_verify,54861,2048,64,measured
python-20260723T020649Z,5653737946483450709,2048,178,signature_admission_batch,240942629,2048,64,measured
python-20260723T020649Z,5653737946483450709,2048,179,sign_batch,76621914,2048,64,measured
python-20260723T020649Z,5653737946483450709,2048,179,merkle_build,1651198,2048,64,measured
python-20260723T020649Z,5653737946483450709,2048,179,late_rebuild,3419300,2048,64,measured
python-20260723T020649Z,5653737946483450709,2048,179,proof_verify,31307,2048,64,measured
python-20260723T020649Z,5653737946483450709,2048,179,verify_batch,228754267,2048,64,measured
python-20260723T020649Z,5653737946483450709,2048,179,signature_admission_batch,239604407,2048,64,measured
python-20260723T020649Z,5653737946483450709,2048,180,proof_verify,40240,2048,64,measured
python-20260723T020649Z,5653737946483450709,2048,180,signature_admission_batch,240805104,2048,64,measured
python-20260723T020649Z,5653737946483450709,2048,180,late_rebuild,3411398,2048,64,measured
python-20260723T020649Z,5653737946483450709,2048,180,sign_batch,76544909,2048,64,measured
python-20260723T020649Z,5653737946483450709,2048,180,merkle_build,1686630,2048,64,measured
python-20260723T020649Z,5653737946483450709,2048,180,verify_batch,226635033,2048,64,measured
python-20260723T020649Z,5653737946483450709,2048,181,proof_verify,50335,2048,64,measured
python-20260723T020649Z,5653737946483450709,2048,181,signature_admission_batch,241183166,2048,64,measured
python-20260723T020649Z,5653737946483450709,2048,181,late_rebuild,3420881,2048,64,measured
python-20260723T020649Z,5653737946483450709,2048,181,sign_batch,76782563,2048,64,measured
python-20260723T020649Z,5653737946483450709,2048,181,verify_batch,228466329,2048,64,measured
python-20260723T020649Z,5653737946483450709,2048,181,merkle_build,1768522,2048,64,measured
python-20260723T020649Z,5653737946483450709,2048,182,merkle_build,1697717,2048,64,measured
python-20260723T020649Z,5653737946483450709,2048,182,late_rebuild,3468382,2048,64,measured
python-20260723T020649Z,5653737946483450709,2048,182,sign_batch,79365487,2048,64,measured
python-20260723T020649Z,5653737946483450709,2048,182,signature_admission_batch,246358680,2048,64,measured
python-20260723T020649Z,5653737946483450709,2048,182,verify_batch,232433133,2048,64,measured
python-20260723T020649Z,5653737946483450709,2048,182,proof_verify,53810,2048,64,measured
python-20260723T020649Z,5653737946483450709,2048,183,sign_batch,77498929,2048,64,measured
python-20260723T020649Z,5653737946483450709,2048,183,merkle_build,1663125,2048,64,measured
python-20260723T020649Z,5653737946483450709,2048,183,verify_batch,232194858,2048,64,measured
python-20260723T020649Z,5653737946483450709,2048,183,proof_verify,52749,2048,64,measured
python-20260723T020649Z,5653737946483450709,2048,183,signature_admission_batch,247882107,2048,64,measured
python-20260723T020649Z,5653737946483450709,2048,183,late_rebuild,3480561,2048,64,measured
python-20260723T020649Z,5653737946483450709,2048,184,late_rebuild,3372229,2048,64,measured
python-20260723T020649Z,5653737946483450709,2048,184,proof_verify,31777,2048,64,measured
python-20260723T020649Z,5653737946483450709,2048,184,merkle_build,1639530,2048,64,measured
python-20260723T020649Z,5653737946483450709,2048,184,verify_batch,229782238,2048,64,measured
python-20260723T020649Z,5653737946483450709,2048,184,sign_batch,76506262,2048,64,measured
python-20260723T020649Z,5653737946483450709,2048,184,signature_admission_batch,240396797,2048,64,measured
python-20260723T020649Z,5653737946483450709,2048,185,verify_batch,225489578,2048,64,measured
python-20260723T020649Z,5653737946483450709,2048,185,late_rebuild,3454923,2048,64,measured
python-20260723T020649Z,5653737946483450709,2048,185,proof_verify,32678,2048,64,measured
python-20260723T020649Z,5653737946483450709,2048,185,sign_batch,75427697,2048,64,measured
python-20260723T020649Z,5653737946483450709,2048,185,merkle_build,1638499,2048,64,measured
python-20260723T020649Z,5653737946483450709,2048,185,signature_admission_batch,238770565,2048,64,measured
python-20260723T020649Z,5653737946483450709,2048,186,signature_admission_batch,238588164,2048,64,measured
python-20260723T020649Z,5653737946483450709,2048,186,sign_batch,75633763,2048,64,measured
python-20260723T020649Z,5653737946483450709,2048,186,verify_batch,227479710,2048,64,measured
python-20260723T020649Z,5653737946483450709,2048,186,merkle_build,1682945,2048,64,measured
python-20260723T020649Z,5653737946483450709,2048,186,proof_verify,32599,2048,64,measured
python-20260723T020649Z,5653737946483450709,2048,186,late_rebuild,3402735,2048,64,measured
python-20260723T020649Z,5653737946483450709,2048,187,verify_batch,226896112,2048,64,measured
python-20260723T020649Z,5653737946483450709,2048,187,proof_verify,49033,2048,64,measured
python-20260723T020649Z,5653737946483450709,2048,187,signature_admission_batch,239168619,2048,64,measured
python-20260723T020649Z,5653737946483450709,2048,187,sign_batch,75896094,2048,64,measured
python-20260723T020649Z,5653737946483450709,2048,187,late_rebuild,3508592,2048,64,measured
python-20260723T020649Z,5653737946483450709,2048,187,merkle_build,1674803,2048,64,measured
python-20260723T020649Z,5653737946483450709,2048,188,late_rebuild,3367973,2048,64,measured
python-20260723T020649Z,5653737946483450709,2048,188,sign_batch,75449880,2048,64,measured
python-20260723T020649Z,5653737946483450709,2048,188,signature_admission_batch,238906728,2048,64,measured
python-20260723T020649Z,5653737946483450709,2048,188,proof_verify,40391,2048,64,measured
python-20260723T020649Z,5653737946483450709,2048,188,verify_batch,226294737,2048,64,measured
python-20260723T020649Z,5653737946483450709,2048,188,merkle_build,1660962,2048,64,measured
python-20260723T020649Z,5653737946483450709,2048,189,late_rebuild,3411788,2048,64,measured
python-20260723T020649Z,5653737946483450709,2048,189,signature_admission_batch,244373114,2048,64,measured
python-20260723T020649Z,5653737946483450709,2048,189,merkle_build,1812017,2048,64,measured
python-20260723T020649Z,5653737946483450709,2048,189,verify_batch,234307323,2048,64,measured
python-20260723T020649Z,5653737946483450709,2048,189,proof_verify,50345,2048,64,measured
python-20260723T020649Z,5653737946483450709,2048,189,sign_batch,75628505,2048,64,measured
python-20260723T020649Z,5653737946483450709,2048,190,late_rebuild,3418949,2048,64,measured
python-20260723T020649Z,5653737946483450709,2048,190,merkle_build,1627583,2048,64,measured
python-20260723T020649Z,5653737946483450709,2048,190,sign_batch,75806550,2048,64,measured
python-20260723T020649Z,5653737946483450709,2048,190,signature_admission_batch,242252678,2048,64,measured
python-20260723T020649Z,5653737946483450709,2048,190,verify_batch,227723052,2048,64,measured
python-20260723T020649Z,5653737946483450709,2048,190,proof_verify,52508,2048,64,measured
python-20260723T020649Z,5653737946483450709,2048,191,verify_batch,226588584,2048,64,measured
python-20260723T020649Z,5653737946483450709,2048,191,proof_verify,52729,2048,64,measured
python-20260723T020649Z,5653737946483450709,2048,191,signature_admission_batch,250305164,2048,64,measured
python-20260723T020649Z,5653737946483450709,2048,191,merkle_build,1659039,2048,64,measured
python-20260723T020649Z,5653737946483450709,2048,191,sign_batch,83123981,2048,64,measured
python-20260723T020649Z,5653737946483450709,2048,191,late_rebuild,3907636,2048,64,measured
python-20260723T020649Z,5653737946483450709,2048,192,signature_admission_batch,262324974,2048,64,measured
python-20260723T020649Z,5653737946483450709,2048,192,proof_verify,57615,2048,64,measured
python-20260723T020649Z,5653737946483450709,2048,192,merkle_build,1730326,2048,64,measured
python-20260723T020649Z,5653737946483450709,2048,192,verify_batch,245526290,2048,64,measured
python-20260723T020649Z,5653737946483450709,2048,192,sign_batch,81096284,2048,64,measured
python-20260723T020649Z,5653737946483450709,2048,192,late_rebuild,3464106,2048,64,measured
python-20260723T020649Z,5653737946483450709,2048,193,proof_verify,32118,2048,64,measured
python-20260723T020649Z,5653737946483450709,2048,193,merkle_build,1631689,2048,64,measured
python-20260723T020649Z,5653737946483450709,2048,193,late_rebuild,3403606,2048,64,measured
python-20260723T020649Z,5653737946483450709,2048,193,verify_batch,237821774,2048,64,measured
python-20260723T020649Z,5653737946483450709,2048,193,signature_admission_batch,257967668,2048,64,measured
python-20260723T020649Z,5653737946483450709,2048,193,sign_batch,81365324,2048,64,measured
python-20260723T020649Z,5653737946483450709,2048,194,merkle_build,1812197,2048,64,measured
python-20260723T020649Z,5653737946483450709,2048,194,signature_admission_batch,256016805,2048,64,measured
python-20260723T020649Z,5653737946483450709,2048,194,sign_batch,82627953,2048,64,measured
python-20260723T020649Z,5653737946483450709,2048,194,late_rebuild,4645344,2048,64,measured
python-20260723T020649Z,5653737946483450709,2048,194,verify_batch,246773312,2048,64,measured
python-20260723T020649Z,5653737946483450709,2048,194,proof_verify,57976,2048,64,measured
python-20260723T020649Z,5653737946483450709,2048,195,verify_batch,258412736,2048,64,measured
python-20260723T020649Z,5653737946483450709,2048,195,merkle_build,2262307,2048,64,measured
python-20260723T020649Z,5653737946483450709,2048,195,proof_verify,35893,2048,64,measured
python-20260723T020649Z,5653737946483450709,2048,195,signature_admission_batch,262610489,2048,64,measured
python-20260723T020649Z,5653737946483450709,2048,195,sign_batch,83827489,2048,64,measured
python-20260723T020649Z,5653737946483450709,2048,195,late_rebuild,3717323,2048,64,measured
python-20260723T020649Z,5653737946483450709,2048,196,signature_admission_batch,264957442,2048,64,measured
python-20260723T020649Z,5653737946483450709,2048,196,merkle_build,2433893,2048,64,measured
python-20260723T020649Z,5653737946483450709,2048,196,sign_batch,84998732,2048,64,measured
python-20260723T020649Z,5653737946483450709,2048,196,proof_verify,54711,2048,64,measured
python-20260723T020649Z,5653737946483450709,2048,196,verify_batch,242864219,2048,64,measured
python-20260723T020649Z,5653737946483450709,2048,196,late_rebuild,3669882,2048,64,measured
python-20260723T020649Z,5653737946483450709,2048,197,sign_batch,82621734,2048,64,measured
python-20260723T020649Z,5653737946483450709,2048,197,proof_verify,54331,2048,64,measured
python-20260723T020649Z,5653737946483450709,2048,197,signature_admission_batch,255132649,2048,64,measured
python-20260723T020649Z,5653737946483450709,2048,197,verify_batch,240267404,2048,64,measured
python-20260723T020649Z,5653737946483450709,2048,197,late_rebuild,3532889,2048,64,measured
python-20260723T020649Z,5653737946483450709,2048,197,merkle_build,2178672,2048,64,measured
python-20260723T020649Z,5653737946483450709,2048,198,verify_batch,250995031,2048,64,measured
python-20260723T020649Z,5653737946483450709,2048,198,late_rebuild,3432920,2048,64,measured
python-20260723T020649Z,5653737946483450709,2048,198,merkle_build,1677056,2048,64,measured
python-20260723T020649Z,5653737946483450709,2048,198,signature_admission_batch,258146885,2048,64,measured
python-20260723T020649Z,5653737946483450709,2048,198,sign_batch,84580039,2048,64,measured
python-20260723T020649Z,5653737946483450709,2048,198,proof_verify,73649,2048,64,measured
python-20260723T020649Z,5653737946483450709,2048,199,sign_batch,79964429,2048,64,measured
python-20260723T020649Z,5653737946483450709,2048,199,late_rebuild,3406360,2048,64,measured
python-20260723T020649Z,5653737946483450709,2048,199,proof_verify,33600,2048,64,measured
python-20260723T020649Z,5653737946483450709,2048,199,merkle_build,1694402,2048,64,measured
python-20260723T020649Z,5653737946483450709,2048,199,verify_batch,231737458,2048,64,measured
python-20260723T020649Z,5653737946483450709,2048,199,signature_admission_batch,239087447,2048,64,measured
python-20260723T020649Z,3461242089674134468,4096,0,proof_verify,34762,4096,128,measured
python-20260723T020649Z,3461242089674134468,4096,0,merkle_build,3292200,4096,128,measured
python-20260723T020649Z,3461242089674134468,4096,0,sign_batch,151375767,4096,128,measured
python-20260723T020649Z,3461242089674134468,4096,0,signature_admission_batch,478757782,4096,128,measured
python-20260723T020649Z,3461242089674134468,4096,0,verify_batch,455970355,4096,128,measured
python-20260723T020649Z,3461242089674134468,4096,0,late_rebuild,6851438,4096,128,measured
python-20260723T020649Z,3461242089674134468,4096,1,proof_verify,32128,4096,128,measured
python-20260723T020649Z,3461242089674134468,4096,1,verify_batch,453025653,4096,128,measured
python-20260723T020649Z,3461242089674134468,4096,1,merkle_build,3384187,4096,128,measured
python-20260723T020649Z,3461242089674134468,4096,1,sign_batch,150616197,4096,128,measured
python-20260723T020649Z,3461242089674134468,4096,1,late_rebuild,6873401,4096,128,measured
python-20260723T020649Z,3461242089674134468,4096,1,signature_admission_batch,476772738,4096,128,measured
python-20260723T020649Z,3461242089674134468,4096,2,signature_admission_batch,480932429,4096,128,measured
python-20260723T020649Z,3461242089674134468,4096,2,sign_batch,155184106,4096,128,measured
python-20260723T020649Z,3461242089674134468,4096,2,late_rebuild,6889384,4096,128,measured
python-20260723T020649Z,3461242089674134468,4096,2,merkle_build,3326000,4096,128,measured
python-20260723T020649Z,3461242089674134468,4096,2,verify_batch,454525856,4096,128,measured
python-20260723T020649Z,3461242089674134468,4096,2,proof_verify,54751,4096,128,measured
python-20260723T020649Z,3461242089674134468,4096,3,proof_verify,17326,4096,128,measured
python-20260723T020649Z,3461242089674134468,4096,3,sign_batch,150686221,4096,128,measured
python-20260723T020649Z,3461242089674134468,4096,3,merkle_build,3315164,4096,128,measured
python-20260723T020649Z,3461242089674134468,4096,3,signature_admission_batch,476531809,4096,128,measured
python-20260723T020649Z,3461242089674134468,4096,3,verify_batch,452502794,4096,128,measured
python-20260723T020649Z,3461242089674134468,4096,3,late_rebuild,6870386,4096,128,measured
python-20260723T020649Z,3461242089674134468,4096,4,late_rebuild,6782495,4096,128,measured
python-20260723T020649Z,3461242089674134468,4096,4,verify_batch,453103819,4096,128,measured
python-20260723T020649Z,3461242089674134468,4096,4,signature_admission_batch,478881637,4096,128,measured
python-20260723T020649Z,3461242089674134468,4096,4,sign_batch,158390488,4096,128,measured
python-20260723T020649Z,3461242089674134468,4096,4,proof_verify,54551,4096,128,measured
python-20260723T020649Z,3461242089674134468,4096,4,merkle_build,3789630,4096,128,measured
python-20260723T020649Z,3461242089674134468,4096,5,late_rebuild,9024832,4096,128,measured
python-20260723T020649Z,3461242089674134468,4096,5,proof_verify,47131,4096,128,measured
python-20260723T020649Z,3461242089674134468,4096,5,signature_admission_batch,526045165,4096,128,measured
python-20260723T020649Z,3461242089674134468,4096,5,verify_batch,484719005,4096,128,measured
python-20260723T020649Z,3461242089674134468,4096,5,merkle_build,3926204,4096,128,measured
python-20260723T020649Z,3461242089674134468,4096,5,sign_batch,166278439,4096,128,measured
python-20260723T020649Z,3461242089674134468,4096,6,late_rebuild,6901052,4096,128,measured
python-20260723T020649Z,3461242089674134468,4096,6,merkle_build,3311538,4096,128,measured
python-20260723T020649Z,3461242089674134468,4096,6,sign_batch,164273094,4096,128,measured
python-20260723T020649Z,3461242089674134468,4096,6,verify_batch,496233703,4096,128,measured
python-20260723T020649Z,3461242089674134468,4096,6,signature_admission_batch,524596829,4096,128,measured
python-20260723T020649Z,3461242089674134468,4096,6,proof_verify,43474,4096,128,measured
python-20260723T020649Z,3461242089674134468,4096,7,merkle_build,3396966,4096,128,measured
python-20260723T020649Z,3461242089674134468,4096,7,signature_admission_batch,542303363,4096,128,measured
python-20260723T020649Z,3461242089674134468,4096,7,late_rebuild,7641143,4096,128,measured
python-20260723T020649Z,3461242089674134468,4096,7,verify_batch,499949954,4096,128,measured
python-20260723T020649Z,3461242089674134468,4096,7,proof_verify,57576,4096,128,measured
python-20260723T020649Z,3461242089674134468,4096,7,sign_batch,162083280,4096,128,measured
python-20260723T020649Z,3461242089674134468,4096,8,sign_batch,163545351,4096,128,measured
python-20260723T020649Z,3461242089674134468,4096,8,verify_batch,497571555,4096,128,measured
python-20260723T020649Z,3461242089674134468,4096,8,late_rebuild,7504950,4096,128,measured
python-20260723T020649Z,3461242089674134468,4096,8,proof_verify,34541,4096,128,measured
python-20260723T020649Z,3461242089674134468,4096,8,merkle_build,3341443,4096,128,measured
python-20260723T020649Z,3461242089674134468,4096,8,signature_admission_batch,531673843,4096,128,measured
python-20260723T020649Z,3461242089674134468,4096,9,proof_verify,43865,4096,128,measured
python-20260723T020649Z,3461242089674134468,4096,9,merkle_build,3329485,4096,128,measured
python-20260723T020649Z,3461242089674134468,4096,9,signature_admission_batch,547881066,4096,128,measured
python-20260723T020649Z,3461242089674134468,4096,9,verify_batch,507248282,4096,128,measured
python-20260723T020649Z,3461242089674134468,4096,9,late_rebuild,8595964,4096,128,measured
python-20260723T020649Z,3461242089674134468,4096,9,sign_batch,162753572,4096,128,measured
python-20260723T020649Z,3461242089674134468,4096,10,merkle_build,3329275,4096,128,measured
python-20260723T020649Z,3461242089674134468,4096,10,late_rebuild,6787914,4096,128,measured
python-20260723T020649Z,3461242089674134468,4096,10,signature_admission_batch,531096783,4096,128,measured
python-20260723T020649Z,3461242089674134468,4096,10,verify_batch,481019839,4096,128,measured
python-20260723T020649Z,3461242089674134468,4096,10,sign_batch,152103521,4096,128,measured
python-20260723T020649Z,3461242089674134468,4096,10,proof_verify,54441,4096,128,measured
python-20260723T020649Z,3461242089674134468,4096,11,sign_batch,157401236,4096,128,measured
python-20260723T020649Z,3461242089674134468,4096,11,signature_admission_batch,480752621,4096,128,measured
python-20260723T020649Z,3461242089674134468,4096,11,proof_verify,44957,4096,128,measured
python-20260723T020649Z,3461242089674134468,4096,11,verify_batch,460117608,4096,128,measured
python-20260723T020649Z,3461242089674134468,4096,11,merkle_build,3359330,4096,128,measured
python-20260723T020649Z,3461242089674134468,4096,11,late_rebuild,6882884,4096,128,measured
python-20260723T020649Z,3461242089674134468,4096,12,proof_verify,31417,4096,128,measured
python-20260723T020649Z,3461242089674134468,4096,12,merkle_build,3316516,4096,128,measured
python-20260723T020649Z,3461242089674134468,4096,12,signature_admission_batch,486086591,4096,128,measured
python-20260723T020649Z,3461242089674134468,4096,12,sign_batch,155493386,4096,128,measured
python-20260723T020649Z,3461242089674134468,4096,12,verify_batch,455705250,4096,128,measured
python-20260723T020649Z,3461242089674134468,4096,12,late_rebuild,6928933,4096,128,measured
python-20260723T020649Z,3461242089674134468,4096,13,late_rebuild,6868804,4096,128,measured
python-20260723T020649Z,3461242089674134468,4096,13,verify_batch,456133859,4096,128,measured
python-20260723T020649Z,3461242089674134468,4096,13,proof_verify,56865,4096,128,measured
python-20260723T020649Z,3461242089674134468,4096,13,signature_admission_batch,479427829,4096,128,measured
python-20260723T020649Z,3461242089674134468,4096,13,sign_batch,151551609,4096,128,measured
python-20260723T020649Z,3461242089674134468,4096,13,merkle_build,3396816,4096,128,measured
python-20260723T020649Z,3461242089674134468,4096,14,sign_batch,150967360,4096,128,measured
python-20260723T020649Z,3461242089674134468,4096,14,signature_admission_batch,478476333,4096,128,measured
python-20260723T020649Z,3461242089674134468,4096,14,proof_verify,40611,4096,128,measured
python-20260723T020649Z,3461242089674134468,4096,14,late_rebuild,6837997,4096,128,measured
python-20260723T020649Z,3461242089674134468,4096,14,merkle_build,3263738,4096,128,measured
python-20260723T020649Z,3461242089674134468,4096,14,verify_batch,451900478,4096,128,measured
python-20260723T020649Z,3461242089674134468,4096,15,signature_admission_batch,481746781,4096,128,measured
python-20260723T020649Z,3461242089674134468,4096,15,late_rebuild,6812019,4096,128,measured
python-20260723T020649Z,3461242089674134468,4096,15,merkle_build,3300803,4096,128,measured
python-20260723T020649Z,3461242089674134468,4096,15,proof_verify,30806,4096,128,measured
python-20260723T020649Z,3461242089674134468,4096,15,verify_batch,456402990,4096,128,measured
python-20260723T020649Z,3461242089674134468,4096,15,sign_batch,152597176,4096,128,measured
python-20260723T020649Z,3461242089674134468,4096,16,verify_batch,455088462,4096,128,measured
python-20260723T020649Z,3461242089674134468,4096,16,signature_admission_batch,479505926,4096,128,measured
python-20260723T020649Z,3461242089674134468,4096,16,late_rebuild,6821022,4096,128,measured
python-20260723T020649Z,3461242089674134468,4096,16,proof_verify,31897,4096,128,measured
python-20260723T020649Z,3461242089674134468,4096,16,merkle_build,3344878,4096,128,measured
python-20260723T020649Z,3461242089674134468,4096,16,sign_batch,154454570,4096,128,measured
python-20260723T020649Z,3461242089674134468,4096,17,merkle_build,3321574,4096,128,measured
python-20260723T020649Z,3461242089674134468,4096,17,verify_batch,455154291,4096,128,measured
python-20260723T020649Z,3461242089674134468,4096,17,late_rebuild,6901482,4096,128,measured
python-20260723T020649Z,3461242089674134468,4096,17,proof_verify,32959,4096,128,measured
python-20260723T020649Z,3461242089674134468,4096,17,signature_admission_batch,477858624,4096,128,measured
python-20260723T020649Z,3461242089674134468,4096,17,sign_batch,151512401,4096,128,measured
python-20260723T020649Z,3461242089674134468,4096,18,late_rebuild,6840712,4096,128,measured
python-20260723T020649Z,3461242089674134468,4096,18,proof_verify,44586,4096,128,measured
python-20260723T020649Z,3461242089674134468,4096,18,verify_batch,456015913,4096,128,measured
python-20260723T020649Z,3461242089674134468,4096,18,merkle_build,3547740,4096,128,measured
python-20260723T020649Z,3461242089674134468,4096,18,signature_admission_batch,479894284,4096,128,measured
python-20260723T020649Z,3461242089674134468,4096,18,sign_batch,150785489,4096,128,measured
python-20260723T020649Z,3461242089674134468,4096,19,sign_batch,150638660,4096,128,measured
python-20260723T020649Z,3461242089674134468,4096,19,verify_batch,458931112,4096,128,measured
python-20260723T020649Z,3461242089674134468,4096,19,late_rebuild,6812099,4096,128,measured
python-20260723T020649Z,3461242089674134468,4096,19,merkle_build,3408283,4096,128,measured
python-20260723T020649Z,3461242089674134468,4096,19,proof_verify,33360,4096,128,measured
python-20260723T020649Z,3461242089674134468,4096,19,signature_admission_batch,480464813,4096,128,measured
python-20260723T020649Z,3461242089674134468,4096,20,sign_batch,152066896,4096,128,measured
python-20260723T020649Z,3461242089674134468,4096,20,proof_verify,69223,4096,128,measured
python-20260723T020649Z,3461242089674134468,4096,20,verify_batch,460401451,4096,128,measured
python-20260723T020649Z,3461242089674134468,4096,20,merkle_build,3403406,4096,128,measured
python-20260723T020649Z,3461242089674134468,4096,20,signature_admission_batch,498403633,4096,128,measured
python-20260723T020649Z,3461242089674134468,4096,20,late_rebuild,6746040,4096,128,measured
python-20260723T020649Z,3461242089674134468,4096,21,sign_batch,151025276,4096,128,measured
python-20260723T020649Z,3461242089674134468,4096,21,verify_batch,451921529,4096,128,measured
python-20260723T020649Z,3461242089674134468,4096,21,merkle_build,3349846,4096,128,measured
python-20260723T020649Z,3461242089674134468,4096,21,proof_verify,34551,4096,128,measured
python-20260723T020649Z,3461242089674134468,4096,21,late_rebuild,6838439,4096,128,measured
python-20260723T020649Z,3461242089674134468,4096,21,signature_admission_batch,476773899,4096,128,measured
python-20260723T020649Z,3461242089674134468,4096,22,late_rebuild,6890205,4096,128,measured
python-20260723T020649Z,3461242089674134468,4096,22,proof_verify,32809,4096,128,measured
python-20260723T020649Z,3461242089674134468,4096,22,signature_admission_batch,477430527,4096,128,measured
python-20260723T020649Z,3461242089674134468,4096,22,verify_batch,451637367,4096,128,measured
python-20260723T020649Z,3461242089674134468,4096,22,merkle_build,3343456,4096,128,measured
python-20260723T020649Z,3461242089674134468,4096,22,sign_batch,151060399,4096,128,measured
python-20260723T020649Z,3461242089674134468,4096,23,verify_batch,451948750,4096,128,measured
python-20260723T020649Z,3461242089674134468,4096,23,signature_admission_batch,477151441,4096,128,measured
python-20260723T020649Z,3461242089674134468,4096,23,late_rebuild,6887812,4096,128,measured
python-20260723T020649Z,3461242089674134468,4096,23,merkle_build,3310277,4096,128,measured
python-20260723T020649Z,3461242089674134468,4096,23,sign_batch,151272564,4096,128,measured
python-20260723T020649Z,3461242089674134468,4096,23,proof_verify,51096,4096,128,measured
python-20260723T020649Z,3461242089674134468,4096,24,late_rebuild,6839800,4096,128,measured
python-20260723T020649Z,3461242089674134468,4096,24,signature_admission_batch,476342998,4096,128,measured
python-20260723T020649Z,3461242089674134468,4096,24,verify_batch,454731952,4096,128,measured
python-20260723T020649Z,3461242089674134468,4096,24,merkle_build,3352189,4096,128,measured
python-20260723T020649Z,3461242089674134468,4096,24,proof_verify,34822,4096,128,measured
python-20260723T020649Z,3461242089674134468,4096,24,sign_batch,150608515,4096,128,measured
python-20260723T020649Z,3461242089674134468,4096,25,late_rebuild,6975042,4096,128,measured
python-20260723T020649Z,3461242089674134468,4096,25,merkle_build,3301524,4096,128,measured
python-20260723T020649Z,3461242089674134468,4096,25,sign_batch,151353374,4096,128,measured
python-20260723T020649Z,3461242089674134468,4096,25,signature_admission_batch,474432785,4096,128,measured
python-20260723T020649Z,3461242089674134468,4096,25,proof_verify,41712,4096,128,measured
python-20260723T020649Z,3461242089674134468,4096,25,verify_batch,450719781,4096,128,measured
python-20260723T020649Z,3461242089674134468,4096,26,signature_admission_batch,474478193,4096,128,measured
python-20260723T020649Z,3461242089674134468,4096,26,verify_batch,452729071,4096,128,measured
python-20260723T020649Z,3461242089674134468,4096,26,sign_batch,150303342,4096,128,measured
python-20260723T020649Z,3461242089674134468,4096,26,merkle_build,3322495,4096,128,measured
python-20260723T020649Z,3461242089674134468,4096,26,proof_verify,34131,4096,128,measured
python-20260723T020649Z,3461242089674134468,4096,26,late_rebuild,6831127,4096,128,measured
python-20260723T020649Z,3461242089674134468,4096,27,late_rebuild,6839180,4096,128,measured
python-20260723T020649Z,3461242089674134468,4096,27,verify_batch,453547118,4096,128,measured
python-20260723T020649Z,3461242089674134468,4096,27,signature_admission_batch,479820213,4096,128,measured
python-20260723T020649Z,3461242089674134468,4096,27,proof_verify,41392,4096,128,measured
python-20260723T020649Z,3461242089674134468,4096,27,merkle_build,3581911,4096,128,measured
python-20260723T020649Z,3461242089674134468,4096,27,sign_batch,150896424,4096,128,measured
python-20260723T020649Z,3461242089674134468,4096,28,sign_batch,150763275,4096,128,measured
python-20260723T020649Z,3461242089674134468,4096,28,late_rebuild,6946259,4096,128,measured
python-20260723T020649Z,3461242089674134468,4096,28,proof_verify,32949,4096,128,measured
python-20260723T020649Z,3461242089674134468,4096,28,merkle_build,3282706,4096,128,measured
python-20260723T020649Z,3461242089674134468,4096,28,signature_admission_batch,479077378,4096,128,measured
python-20260723T020649Z,3461242089674134468,4096,28,verify_batch,456649381,4096,128,measured
python-20260723T020649Z,3461242089674134468,4096,29,proof_verify,51907,4096,128,measured
python-20260723T020649Z,3461242089674134468,4096,29,merkle_build,3367662,4096,128,measured
python-20260723T020649Z,3461242089674134468,4096,29,verify_batch,451705488,4096,128,measured
python-20260723T020649Z,3461242089674134468,4096,29,signature_admission_batch,477454813,4096,128,measured
python-20260723T020649Z,3461242089674134468,4096,29,late_rebuild,7737967,4096,128,measured
python-20260723T020649Z,3461242089674134468,4096,29,sign_batch,156115702,4096,128,measured
python-20260723T020649Z,3461242089674134468,4096,30,merkle_build,3294784,4096,128,measured
python-20260723T020649Z,3461242089674134468,4096,30,verify_batch,458682352,4096,128,measured
python-20260723T020649Z,3461242089674134468,4096,30,late_rebuild,6847352,4096,128,measured
python-20260723T020649Z,3461242089674134468,4096,30,proof_verify,35272,4096,128,measured
python-20260723T020649Z,3461242089674134468,4096,30,sign_batch,154902587,4096,128,measured
python-20260723T020649Z,3461242089674134468,4096,30,signature_admission_batch,492568578,4096,128,measured
python-20260723T020649Z,3461242089674134468,4096,31,late_rebuild,6757458,4096,128,measured
python-20260723T020649Z,3461242089674134468,4096,31,sign_batch,152173034,4096,128,measured
python-20260723T020649Z,3461242089674134468,4096,31,verify_batch,455049946,4096,128,measured
python-20260723T020649Z,3461242089674134468,4096,31,signature_admission_batch,478708569,4096,128,measured
python-20260723T020649Z,3461242089674134468,4096,31,proof_verify,42934,4096,128,measured
python-20260723T020649Z,3461242089674134468,4096,31,merkle_build,3352710,4096,128,measured
python-20260723T020649Z,3461242089674134468,4096,32,sign_batch,151619811,4096,128,measured
python-20260723T020649Z,3461242089674134468,4096,32,signature_admission_batch,481432904,4096,128,measured
python-20260723T020649Z,3461242089674134468,4096,32,merkle_build,3341944,4096,128,measured
python-20260723T020649Z,3461242089674134468,4096,32,proof_verify,33550,4096,128,measured
python-20260723T020649Z,3461242089674134468,4096,32,verify_batch,453756300,4096,128,measured
python-20260723T020649Z,3461242089674134468,4096,32,late_rebuild,6852379,4096,128,measured
python-20260723T020649Z,3461242089674134468,4096,33,signature_admission_batch,480218286,4096,128,measured
python-20260723T020649Z,3461242089674134468,4096,33,late_rebuild,6872139,4096,128,measured
python-20260723T020649Z,3461242089674134468,4096,33,sign_batch,151147938,4096,128,measured
python-20260723T020649Z,3461242089674134468,4096,33,merkle_build,3979032,4096,128,measured
python-20260723T020649Z,3461242089674134468,4096,33,proof_verify,49564,4096,128,measured
python-20260723T020649Z,3461242089674134468,4096,33,verify_batch,479604693,4096,128,measured
python-20260723T020649Z,3461242089674134468,4096,34,late_rebuild,7097413,4096,128,measured
python-20260723T020649Z,3461242089674134468,4096,34,merkle_build,3567329,4096,128,measured
python-20260723T020649Z,3461242089674134468,4096,34,sign_batch,167546676,4096,128,measured
python-20260723T020649Z,3461242089674134468,4096,34,verify_batch,494601364,4096,128,measured
python-20260723T020649Z,3461242089674134468,4096,34,signature_admission_batch,524097225,4096,128,measured
python-20260723T020649Z,3461242089674134468,4096,34,proof_verify,45768,4096,128,measured
python-20260723T020649Z,3461242089674134468,4096,35,sign_batch,158865795,4096,128,measured
python-20260723T020649Z,3461242089674134468,4096,35,signature_admission_batch,501675858,4096,128,measured
python-20260723T020649Z,3461242089674134468,4096,35,proof_verify,44897,4096,128,measured
python-20260723T020649Z,3461242089674134468,4096,35,late_rebuild,7088591,4096,128,measured
python-20260723T020649Z,3461242089674134468,4096,35,merkle_build,3317678,4096,128,measured
python-20260723T020649Z,3461242089674134468,4096,35,verify_batch,457336519,4096,128,measured
python-20260723T020649Z,3461242089674134468,4096,36,verify_batch,453793024,4096,128,measured
python-20260723T020649Z,3461242089674134468,4096,36,late_rebuild,6945107,4096,128,measured
python-20260723T020649Z,3461242089674134468,4096,36,merkle_build,3309475,4096,128,measured
python-20260723T020649Z,3461242089674134468,4096,36,sign_batch,150949182,4096,128,measured
python-20260723T020649Z,3461242089674134468,4096,36,signature_admission_batch,491219871,4096,128,measured
python-20260723T020649Z,3461242089674134468,4096,36,proof_verify,52348,4096,128,measured
python-20260723T020649Z,3461242089674134468,4096,37,proof_verify,23866,4096,128,measured
python-20260723T020649Z,3461242089674134468,4096,37,sign_batch,160801317,4096,128,measured
python-20260723T020649Z,3461242089674134468,4096,37,merkle_build,3372300,4096,128,measured
python-20260723T020649Z,3461242089674134468,4096,37,late_rebuild,6884887,4096,128,measured
python-20260723T020649Z,3461242089674134468,4096,37,signature_admission_batch,535656159,4096,128,measured
python-20260723T020649Z,3461242089674134468,4096,37,verify_batch,485564013,4096,128,measured
python-20260723T020649Z,3461242089674134468,4096,38,verify_batch,491211218,4096,128,measured
python-20260723T020649Z,3461242089674134468,4096,38,proof_verify,56785,4096,128,measured
python-20260723T020649Z,3461242089674134468,4096,38,signature_admission_batch,509703987,4096,128,measured
python-20260723T020649Z,3461242089674134468,4096,38,merkle_build,3310037,4096,128,measured
python-20260723T020649Z,3461242089674134468,4096,38,late_rebuild,6837286,4096,128,measured
python-20260723T020649Z,3461242089674134468,4096,38,sign_batch,153195075,4096,128,measured
python-20260723T020649Z,3461242089674134468,4096,39,verify_batch,453220443,4096,128,measured
python-20260723T020649Z,3461242089674134468,4096,39,sign_batch,153286451,4096,128,measured
python-20260723T020649Z,3461242089674134468,4096,39,signature_admission_batch,478037590,4096,128,measured
python-20260723T020649Z,3461242089674134468,4096,39,proof_verify,41832,4096,128,measured
python-20260723T020649Z,3461242089674134468,4096,39,late_rebuild,6937005,4096,128,measured
python-20260723T020649Z,3461242089674134468,4096,39,merkle_build,3288895,4096,128,measured
python-20260723T020649Z,3461242089674134468,4096,40,proof_verify,21632,4096,128,measured
python-20260723T020649Z,3461242089674134468,4096,40,merkle_build,3306932,4096,128,measured
python-20260723T020649Z,3461242089674134468,4096,40,signature_admission_batch,477345790,4096,128,measured
python-20260723T020649Z,3461242089674134468,4096,40,sign_batch,150525321,4096,128,measured
python-20260723T020649Z,3461242089674134468,4096,40,late_rebuild,6770146,4096,128,measured
python-20260723T020649Z,3461242089674134468,4096,40,verify_batch,452503686,4096,128,measured
python-20260723T020649Z,3461242089674134468,4096,41,sign_batch,151288588,4096,128,measured
python-20260723T020649Z,3461242089674134468,4096,41,signature_admission_batch,477305491,4096,128,measured
python-20260723T020649Z,3461242089674134468,4096,41,verify_batch,452027126,4096,128,measured
python-20260723T020649Z,3461242089674134468,4096,41,proof_verify,56524,4096,128,measured
python-20260723T020649Z,3461242089674134468,4096,41,merkle_build,3393771,4096,128,measured
python-20260723T020649Z,3461242089674134468,4096,41,late_rebuild,6817437,4096,128,measured
python-20260723T020649Z,3461242089674134468,4096,42,sign_batch,151086186,4096,128,measured
python-20260723T020649Z,3461242089674134468,4096,42,merkle_build,3321984,4096,128,measured
python-20260723T020649Z,3461242089674134468,4096,42,verify_batch,452906355,4096,128,measured
python-20260723T020649Z,3461242089674134468,4096,42,proof_verify,56694,4096,128,measured
python-20260723T020649Z,3461242089674134468,4096,42,signature_admission_batch,475826229,4096,128,measured
python-20260723T020649Z,3461242089674134468,4096,42,late_rebuild,6782495,4096,128,measured
python-20260723T020649Z,3461242089674134468,4096,43,merkle_build,3308614,4096,128,measured
python-20260723T020649Z,3461242089674134468,4096,43,late_rebuild,6711510,4096,128,measured
python-20260723T020649Z,3461242089674134468,4096,43,sign_batch,150168431,4096,128,measured
python-20260723T020649Z,3461242089674134468,4096,43,signature_admission_batch,483131863,4096,128,measured
python-20260723T020649Z,3461242089674134468,4096,43,verify_batch,454497172,4096,128,measured
python-20260723T020649Z,3461242089674134468,4096,43,proof_verify,54981,4096,128,measured
python-20260723T020649Z,3461242089674134468,4096,44,sign_batch,151792658,4096,128,measured
python-20260723T020649Z,3461242089674134468,4096,44,proof_verify,54561,4096,128,measured
python-20260723T020649Z,3461242089674134468,4096,44,late_rebuild,6928342,4096,128,measured
python-20260723T020649Z,3461242089674134468,4096,44,verify_batch,452608111,4096,128,measured
python-20260723T020649Z,3461242089674134468,4096,44,merkle_build,3307022,4096,128,measured
python-20260723T020649Z,3461242089674134468,4096,44,signature_admission_batch,477749561,4096,128,measured
python-20260723T020649Z,3461242089674134468,4096,45,proof_verify,40300,4096,128,measured
python-20260723T020649Z,3461242089674134468,4096,45,merkle_build,3309446,4096,128,measured
python-20260723T020649Z,3461242089674134468,4096,45,sign_batch,150962953,4096,128,measured
python-20260723T020649Z,3461242089674134468,4096,45,signature_admission_batch,500578310,4096,128,measured
python-20260723T020649Z,3461242089674134468,4096,45,late_rebuild,6815043,4096,128,measured
python-20260723T020649Z,3461242089674134468,4096,45,verify_batch,451112345,4096,128,measured
python-20260723T020649Z,3461242089674134468,4096,46,sign_batch,150968391,4096,128,measured
python-20260723T020649Z,3461242089674134468,4096,46,signature_admission_batch,475198725,4096,128,measured
python-20260723T020649Z,3461242089674134468,4096,46,late_rebuild,6785259,4096,128,measured
python-20260723T020649Z,3461242089674134468,4096,46,proof_verify,32729,4096,128,measured
python-20260723T020649Z,3461242089674134468,4096,46,verify_batch,450485872,4096,128,measured
python-20260723T020649Z,3461242089674134468,4096,46,merkle_build,3364548,4096,128,measured
python-20260723T020649Z,3461242089674134468,4096,47,late_rebuild,6840021,4096,128,measured
python-20260723T020649Z,3461242089674134468,4096,47,sign_batch,150137144,4096,128,measured
python-20260723T020649Z,3461242089674134468,4096,47,proof_verify,51666,4096,128,measured
python-20260723T020649Z,3461242089674134468,4096,47,merkle_build,3355715,4096,128,measured
python-20260723T020649Z,3461242089674134468,4096,47,signature_admission_batch,478373501,4096,128,measured
python-20260723T020649Z,3461242089674134468,4096,47,verify_batch,450146728,4096,128,measured
python-20260723T020649Z,3461242089674134468,4096,48,proof_verify,51277,4096,128,measured
python-20260723T020649Z,3461242089674134468,4096,48,late_rebuild,6803417,4096,128,measured
python-20260723T020649Z,3461242089674134468,4096,48,signature_admission_batch,476659188,4096,128,measured
python-20260723T020649Z,3461242089674134468,4096,48,merkle_build,3333802,4096,128,measured
python-20260723T020649Z,3461242089674134468,4096,48,sign_batch,150815203,4096,128,measured
python-20260723T020649Z,3461242089674134468,4096,48,verify_batch,458177731,4096,128,measured
python-20260723T020649Z,3461242089674134468,4096,49,proof_verify,60660,4096,128,measured
python-20260723T020649Z,3461242089674134468,4096,49,verify_batch,455092839,4096,128,measured
python-20260723T020649Z,3461242089674134468,4096,49,merkle_build,3390997,4096,128,measured
python-20260723T020649Z,3461242089674134468,4096,49,sign_batch,152804784,4096,128,measured
python-20260723T020649Z,3461242089674134468,4096,49,late_rebuild,7058436,4096,128,measured
python-20260723T020649Z,3461242089674134468,4096,49,signature_admission_batch,476198272,4096,128,measured
python-20260723T020649Z,3461242089674134468,4096,50,late_rebuild,6781694,4096,128,measured
python-20260723T020649Z,3461242089674134468,4096,50,proof_verify,31647,4096,128,measured
python-20260723T020649Z,3461242089674134468,4096,50,sign_batch,152088778,4096,128,measured
python-20260723T020649Z,3461242089674134468,4096,50,signature_admission_batch,476383328,4096,128,measured
python-20260723T020649Z,3461242089674134468,4096,50,merkle_build,3317267,4096,128,measured
python-20260723T020649Z,3461242089674134468,4096,50,verify_batch,451223139,4096,128,measured
python-20260723T020649Z,3461242089674134468,4096,51,signature_admission_batch,478366590,4096,128,measured
python-20260723T020649Z,3461242089674134468,4096,51,verify_batch,454665939,4096,128,measured
python-20260723T020649Z,3461242089674134468,4096,51,merkle_build,3333000,4096,128,measured
python-20260723T020649Z,3461242089674134468,4096,51,late_rebuild,6921512,4096,128,measured
python-20260723T020649Z,3461242089674134468,4096,51,proof_verify,32739,4096,128,measured
python-20260723T020649Z,3461242089674134468,4096,51,sign_batch,151047428,4096,128,measured
python-20260723T020649Z,3461242089674134468,4096,52,merkle_build,3478157,4096,128,measured
python-20260723T020649Z,3461242089674134468,4096,52,verify_batch,454140532,4096,128,measured
python-20260723T020649Z,3461242089674134468,4096,52,signature_admission_batch,481252155,4096,128,measured
python-20260723T020649Z,3461242089674134468,4096,52,late_rebuild,6941191,4096,128,measured
python-20260723T020649Z,3461242089674134468,4096,52,sign_batch,152807248,4096,128,measured
python-20260723T020649Z,3461242089674134468,4096,52,proof_verify,53209,4096,128,measured
python-20260723T020649Z,3461242089674134468,4096,53,signature_admission_batch,478297056,4096,128,measured
python-20260723T020649Z,3461242089674134468,4096,53,verify_batch,451278662,4096,128,measured
python-20260723T020649Z,3461242089674134468,4096,53,proof_verify,54511,4096,128,measured
python-20260723T020649Z,3461242089674134468,4096,53,merkle_build,3304839,4096,128,measured
python-20260723T020649Z,3461242089674134468,4096,53,late_rebuild,7521144,4096,128,measured
python-20260723T020649Z,3461242089674134468,4096,53,sign_batch,151514353,4096,128,measured
python-20260723T020649Z,3461242089674134468,4096,54,merkle_build,3292420,4096,128,measured
python-20260723T020649Z,3461242089674134468,4096,54,proof_verify,35032,4096,128,measured
python-20260723T020649Z,3461242089674134468,4096,54,verify_batch,451461545,4096,128,measured
python-20260723T020649Z,3461242089674134468,4096,54,sign_batch,150508857,4096,128,measured
python-20260723T020649Z,3461242089674134468,4096,54,signature_admission_batch,476567703,4096,128,measured
python-20260723T020649Z,3461242089674134468,4096,54,late_rebuild,6852740,4096,128,measured
python-20260723T020649Z,3461242089674134468,4096,55,signature_admission_batch,475781092,4096,128,measured
python-20260723T020649Z,3461242089674134468,4096,55,verify_batch,451396868,4096,128,measured
python-20260723T020649Z,3461242089674134468,4096,55,merkle_build,3317979,4096,128,measured
python-20260723T020649Z,3461242089674134468,4096,55,late_rebuild,6843005,4096,128,measured
python-20260723T020649Z,3461242089674134468,4096,55,proof_verify,39940,4096,128,measured
python-20260723T020649Z,3461242089674134468,4096,55,sign_batch,151114929,4096,128,measured
python-20260723T020649Z,3461242089674134468,4096,56,sign_batch,150876274,4096,128,measured
python-20260723T020649Z,3461242089674134468,4096,56,proof_verify,51407,4096,128,measured
python-20260723T020649Z,3461242089674134468,4096,56,merkle_build,3274383,4096,128,measured
python-20260723T020649Z,3461242089674134468,4096,56,late_rebuild,6777127,4096,128,measured
python-20260723T020649Z,3461242089674134468,4096,56,signature_admission_batch,476625628,4096,128,measured
python-20260723T020649Z,3461242089674134468,4096,56,verify_batch,451080197,4096,128,measured
python-20260723T020649Z,3461242089674134468,4096,57,signature_admission_batch,478071200,4096,128,measured
python-20260723T020649Z,3461242089674134468,4096,57,merkle_build,3317578,4096,128,measured
python-20260723T020649Z,3461242089674134468,4096,57,proof_verify,33850,4096,128,measured
python-20260723T020649Z,3461242089674134468,4096,57,late_rebuild,6838478,4096,128,measured
python-20260723T020649Z,3461242089674134468,4096,57,verify_batch,453175085,4096,128,measured
python-20260723T020649Z,3461242089674134468,4096,57,sign_batch,151231333,4096,128,measured
python-20260723T020649Z,3461242089674134468,4096,58,merkle_build,3318900,4096,128,measured
python-20260723T020649Z,3461242089674134468,4096,58,sign_batch,151226065,4096,128,measured
python-20260723T020649Z,3461242089674134468,4096,58,proof_verify,51928,4096,128,measured
python-20260723T020649Z,3461242089674134468,4096,58,signature_admission_batch,481895703,4096,128,measured
python-20260723T020649Z,3461242089674134468,4096,58,late_rebuild,6956764,4096,128,measured
python-20260723T020649Z,3461242089674134468,4096,58,verify_batch,453623402,4096,128,measured
python-20260723T020649Z,3461242089674134468,4096,59,signature_admission_batch,481370060,4096,128,measured
python-20260723T020649Z,3461242089674134468,4096,59,verify_batch,454307220,4096,128,measured
python-20260723T020649Z,3461242089674134468,4096,59,sign_batch,151034570,4096,128,measured
python-20260723T020649Z,3461242089674134468,4096,59,merkle_build,3322936,4096,128,measured
python-20260723T020649Z,3461242089674134468,4096,59,proof_verify,35994,4096,128,measured
python-20260723T020649Z,3461242089674134468,4096,59,late_rebuild,6881802,4096,128,measured
python-20260723T020649Z,3461242089674134468,4096,60,merkle_build,3308405,4096,128,measured
python-20260723T020649Z,3461242089674134468,4096,60,late_rebuild,6820642,4096,128,measured
python-20260723T020649Z,3461242089674134468,4096,60,proof_verify,28653,4096,128,measured
python-20260723T020649Z,3461242089674134468,4096,60,verify_batch,452652637,4096,128,measured
python-20260723T020649Z,3461242089674134468,4096,60,signature_admission_batch,489853797,4096,128,measured
python-20260723T020649Z,3461242089674134468,4096,60,sign_batch,151424560,4096,128,measured
python-20260723T020649Z,3461242089674134468,4096,61,late_rebuild,6911968,4096,128,measured
python-20260723T020649Z,3461242089674134468,4096,61,sign_batch,156099438,4096,128,measured
python-20260723T020649Z,3461242089674134468,4096,61,proof_verify,56184,4096,128,measured
python-20260723T020649Z,3461242089674134468,4096,61,verify_batch,454959190,4096,128,measured
python-20260723T020649Z,3461242089674134468,4096,61,signature_admission_batch,478609391,4096,128,measured
python-20260723T020649Z,3461242089674134468,4096,61,merkle_build,3303156,4096,128,measured
python-20260723T020649Z,3461242089674134468,4096,62,proof_verify,34912,4096,128,measured
python-20260723T020649Z,3461242089674134468,4096,62,verify_batch,454448190,4096,128,measured
python-20260723T020649Z,3461242089674134468,4096,62,signature_admission_batch,478061245,4096,128,measured
python-20260723T020649Z,3461242089674134468,4096,62,merkle_build,3305991,4096,128,measured
python-20260723T020649Z,3461242089674134468,4096,62,sign_batch,151534694,4096,128,measured
python-20260723T020649Z,3461242089674134468,4096,62,late_rebuild,6921502,4096,128,measured
python-20260723T020649Z,3461242089674134468,4096,63,verify_batch,453169186,4096,128,measured
python-20260723T020649Z,3461242089674134468,4096,63,merkle_build,3335465,4096,128,measured
python-20260723T020649Z,3461242089674134468,4096,63,proof_verify,35392,4096,128,measured
python-20260723T020649Z,3461242089674134468,4096,63,signature_admission_batch,477085924,4096,128,measured
python-20260723T020649Z,3461242089674134468,4096,63,sign_batch,151416488,4096,128,measured
python-20260723T020649Z,3461242089674134468,4096,63,late_rebuild,6867952,4096,128,measured
python-20260723T020649Z,3461242089674134468,4096,64,late_rebuild,6908462,4096,128,measured
python-20260723T020649Z,3461242089674134468,4096,64,merkle_build,3381934,4096,128,measured
python-20260723T020649Z,3461242089674134468,4096,64,proof_verify,33620,4096,128,measured
python-20260723T020649Z,3461242089674134468,4096,64,verify_batch,454394751,4096,128,measured
python-20260723T020649Z,3461242089674134468,4096,64,sign_batch,152166745,4096,128,measured
python-20260723T020649Z,3461242089674134468,4096,64,signature_admission_batch,481348058,4096,128,measured
python-20260723T020649Z,3461242089674134468,4096,65,merkle_build,3282906,4096,128,measured
python-20260723T020649Z,3461242089674134468,4096,65,late_rebuild,6996964,4096,128,measured
python-20260723T020649Z,3461242089674134468,4096,65,sign_batch,151596936,4096,128,measured
python-20260723T020649Z,3461242089674134468,4096,65,signature_admission_batch,512881082,4096,128,measured
python-20260723T020649Z,3461242089674134468,4096,65,verify_batch,490071431,4096,128,measured
python-20260723T020649Z,3461242089674134468,4096,65,proof_verify,70695,4096,128,measured
python-20260723T020649Z,3461242089674134468,4096,66,late_rebuild,7992136,4096,128,measured
python-20260723T020649Z,3461242089674134468,4096,66,proof_verify,35423,4096,128,measured
python-20260723T020649Z,3461242089674134468,4096,66,signature_admission_batch,508595322,4096,128,measured
python-20260723T020649Z,3461242089674134468,4096,66,verify_batch,486174000,4096,128,measured
python-20260723T020649Z,3461242089674134468,4096,66,sign_batch,159028988,4096,128,measured
python-20260723T020649Z,3461242089674134468,4096,66,merkle_build,3423215,4096,128,measured
python-20260723T020649Z,3461242089674134468,4096,67,verify_batch,498547266,4096,128,measured
python-20260723T020649Z,3461242089674134468,4096,67,proof_verify,55863,4096,128,measured
python-20260723T020649Z,3461242089674134468,4096,67,signature_admission_batch,514572449,4096,128,measured
python-20260723T020649Z,3461242089674134468,4096,67,late_rebuild,7900930,4096,128,measured
python-20260723T020649Z,3461242089674134468,4096,67,merkle_build,3938512,4096,128,measured
python-20260723T020649Z,3461242089674134468,4096,67,sign_batch,161825611,4096,128,measured
python-20260723T020649Z,3461242089674134468,4096,68,sign_batch,167384510,4096,128,measured
python-20260723T020649Z,3461242089674134468,4096,68,verify_batch,498295322,4096,128,measured
python-20260723T020649Z,3461242089674134468,4096,68,merkle_build,4075966,4096,128,measured
python-20260723T020649Z,3461242089674134468,4096,68,signature_admission_batch,517671060,4096,128,measured
python-20260723T020649Z,3461242089674134468,4096,68,late_rebuild,6797327,4096,128,measured
python-20260723T020649Z,3461242089674134468,4096,68,proof_verify,33750,4096,128,measured
python-20260723T020649Z,3461242089674134468,4096,69,sign_batch,166535431,4096,128,measured
python-20260723T020649Z,3461242089674134468,4096,69,verify_batch,504227752,4096,128,measured
python-20260723T020649Z,3461242089674134468,4096,69,merkle_build,3642091,4096,128,measured
python-20260723T020649Z,3461242089674134468,4096,69,signature_admission_batch,517293038,4096,128,measured
python-20260723T020649Z,3461242089674134468,4096,69,proof_verify,46089,4096,128,measured
python-20260723T020649Z,3461242089674134468,4096,69,late_rebuild,8149690,4096,128,measured
python-20260723T020649Z,3461242089674134468,4096,70,sign_batch,160472317,4096,128,measured
python-20260723T020649Z,3461242089674134468,4096,70,late_rebuild,7405903,4096,128,measured
python-20260723T020649Z,3461242089674134468,4096,70,proof_verify,39118,4096,128,measured
python-20260723T020649Z,3461242089674134468,4096,70,merkle_build,3837381,4096,128,measured
python-20260723T020649Z,3461242089674134468,4096,70,signature_admission_batch,509926042,4096,128,measured
python-20260723T020649Z,3461242089674134468,4096,70,verify_batch,480124716,4096,128,measured
python-20260723T020649Z,3461242089674134468,4096,71,signature_admission_batch,483839355,4096,128,measured
python-20260723T020649Z,3461242089674134468,4096,71,proof_verify,48362,4096,128,measured
python-20260723T020649Z,3461242089674134468,4096,71,verify_batch,450871446,4096,128,measured
python-20260723T020649Z,3461242089674134468,4096,71,late_rebuild,6809034,4096,128,measured
python-20260723T020649Z,3461242089674134468,4096,71,merkle_build,3246833,4096,128,measured
python-20260723T020649Z,3461242089674134468,4096,71,sign_batch,150498021,4096,128,measured
python-20260723T020649Z,3461242089674134468,4096,72,sign_batch,150921581,4096,128,measured
python-20260723T020649Z,3461242089674134468,4096,72,proof_verify,60470,4096,128,measured
python-20260723T020649Z,3461242089674134468,4096,72,merkle_build,3359561,4096,128,measured
python-20260723T020649Z,3461242089674134468,4096,72,late_rebuild,7135440,4096,128,measured
python-20260723T020649Z,3461242089674134468,4096,72,signature_admission_batch,479243400,4096,128,measured
python-20260723T020649Z,3461242089674134468,4096,72,verify_batch,456994459,4096,128,measured
python-20260723T020649Z,3461242089674134468,4096,73,signature_admission_batch,478551235,4096,128,measured
python-20260723T020649Z,3461242089674134468,4096,73,sign_batch,151564939,4096,128,measured
python-20260723T020649Z,3461242089674134468,4096,73,late_rebuild,6774794,4096,128,measured
python-20260723T020649Z,3461242089674134468,4096,73,proof_verify,34431,4096,128,measured
python-20260723T020649Z,3461242089674134468,4096,73,merkle_build,3259241,4096,128,measured
python-20260723T020649Z,3461242089674134468,4096,73,verify_batch,452339932,4096,128,measured
python-20260723T020649Z,3461242089674134468,4096,74,merkle_build,3324108,4096,128,measured
python-20260723T020649Z,3461242089674134468,4096,74,sign_batch,150422679,4096,128,measured
python-20260723T020649Z,3461242089674134468,4096,74,proof_verify,55383,4096,128,measured
python-20260723T020649Z,3461242089674134468,4096,74,signature_admission_batch,479555559,4096,128,measured
python-20260723T020649Z,3461242089674134468,4096,74,verify_batch,463587042,4096,128,measured
python-20260723T020649Z,3461242089674134468,4096,74,late_rebuild,6830827,4096,128,measured
python-20260723T020649Z,3461242089674134468,4096,75,merkle_build,3307953,4096,128,measured
python-20260723T020649Z,3461242089674134468,4096,75,late_rebuild,6732812,4096,128,measured
python-20260723T020649Z,3461242089674134468,4096,75,sign_batch,150717578,4096,128,measured
python-20260723T020649Z,3461242089674134468,4096,75,signature_admission_batch,477223549,4096,128,measured
python-20260723T020649Z,3461242089674134468,4096,75,verify_batch,454336244,4096,128,measured
python-20260723T020649Z,3461242089674134468,4096,75,proof_verify,56193,4096,128,measured
python-20260723T020649Z,3461242089674134468,4096,76,proof_verify,17085,4096,128,measured
python-20260723T020649Z,3461242089674134468,4096,76,verify_batch,457031505,4096,128,measured
python-20260723T020649Z,3461242089674134468,4096,76,signature_admission_batch,478284327,4096,128,measured
python-20260723T020649Z,3461242089674134468,4096,76,late_rebuild,6755946,4096,128,measured
python-20260723T020649Z,3461242089674134468,4096,76,sign_batch,152926315,4096,128,measured
python-20260723T020649Z,3461242089674134468,4096,76,merkle_build,3311719,4096,128,measured
python-20260723T020649Z,3461242089674134468,4096,77,late_rebuild,6808784,4096,128,measured
python-20260723T020649Z,3461242089674134468,4096,77,sign_batch,154174203,4096,128,measured
python-20260723T020649Z,3461242089674134468,4096,77,proof_verify,52788,4096,128,measured
python-20260723T020649Z,3461242089674134468,4096,77,verify_batch,454778992,4096,128,measured
python-20260723T020649Z,3461242089674134468,4096,77,signature_admission_batch,492097437,4096,128,measured
python-20260723T020649Z,3461242089674134468,4096,77,merkle_build,3326572,4096,128,measured
python-20260723T020649Z,3461242089674134468,4096,78,sign_batch,153470885,4096,128,measured
python-20260723T020649Z,3461242089674134468,4096,78,signature_admission_batch,485365757,4096,128,measured
python-20260723T020649Z,3461242089674134468,4096,78,merkle_build,3390837,4096,128,measured
python-20260723T020649Z,3461242089674134468,4096,78,late_rebuild,6895824,4096,128,measured
python-20260723T020649Z,3461242089674134468,4096,78,proof_verify,34311,4096,128,measured
python-20260723T020649Z,3461242089674134468,4096,78,verify_batch,456112858,4096,128,measured
python-20260723T020649Z,3461242089674134468,4096,79,late_rebuild,7152175,4096,128,measured
python-20260723T020649Z,3461242089674134468,4096,79,sign_batch,153371538,4096,128,measured
python-20260723T020649Z,3461242089674134468,4096,79,proof_verify,51897,4096,128,measured
python-20260723T020649Z,3461242089674134468,4096,79,merkle_build,3430967,4096,128,measured
python-20260723T020649Z,3461242089674134468,4096,79,verify_batch,454906502,4096,128,measured
python-20260723T020649Z,3461242089674134468,4096,79,signature_admission_batch,480541527,4096,128,measured
python-20260723T020649Z,3461242089674134468,4096,80,merkle_build,3294874,4096,128,measured
python-20260723T020649Z,3461242089674134468,4096,80,sign_batch,150868782,4096,128,measured
python-20260723T020649Z,3461242089674134468,4096,80,late_rebuild,6816445,4096,128,measured
python-20260723T020649Z,3461242089674134468,4096,80,verify_batch,457532040,4096,128,measured
python-20260723T020649Z,3461242089674134468,4096,80,signature_admission_batch,481296521,4096,128,measured
python-20260723T020649Z,3461242089674134468,4096,80,proof_verify,43906,4096,128,measured
python-20260723T020649Z,3461242089674134468,4096,81,late_rebuild,6745029,4096,128,measured
python-20260723T020649Z,3461242089674134468,4096,81,merkle_build,3362185,4096,128,measured
python-20260723T020649Z,3461242089674134468,4096,81,signature_admission_batch,483388890,4096,128,measured
python-20260723T020649Z,3461242089674134468,4096,81,sign_batch,151783504,4096,128,measured
python-20260723T020649Z,3461242089674134468,4096,81,proof_verify,56755,4096,128,measured
python-20260723T020649Z,3461242089674134468,4096,81,verify_batch,452731805,4096,128,measured
python-20260723T020649Z,3461242089674134468,4096,82,sign_batch,150662947,4096,128,measured
python-20260723T020649Z,3461242089674134468,4096,82,verify_batch,452571607,4096,128,measured
python-20260723T020649Z,3461242089674134468,4096,82,merkle_build,3336936,4096,128,measured
python-20260723T020649Z,3461242089674134468,4096,82,signature_admission_batch,475118205,4096,128,measured
python-20260723T020649Z,3461242089674134468,4096,82,late_rebuild,6755826,4096,128,measured
python-20260723T020649Z,3461242089674134468,4096,82,proof_verify,32448,4096,128,measured
python-20260723T020649Z,3461242089674134468,4096,83,signature_admission_batch,475638179,4096,128,measured
python-20260723T020649Z,3461242089674134468,4096,83,late_rebuild,6777708,4096,128,measured
python-20260723T020649Z,3461242089674134468,4096,83,sign_batch,151304842,4096,128,measured
python-20260723T020649Z,3461242089674134468,4096,83,merkle_build,3306021,4096,128,measured
python-20260723T020649Z,3461242089674134468,4096,83,verify_batch,451507974,4096,128,measured
python-20260723T020649Z,3461242089674134468,4096,83,proof_verify,54862,4096,128,measured
python-20260723T020649Z,3461242089674134468,4096,84,proof_verify,17446,4096,128,measured
python-20260723T020649Z,3461242089674134468,4096,84,merkle_build,3361383,4096,128,measured
python-20260723T020649Z,3461242089674134468,4096,84,sign_batch,150305635,4096,128,measured
python-20260723T020649Z,3461242089674134468,4096,84,verify_batch,452386341,4096,128,measured
python-20260723T020649Z,3461242089674134468,4096,84,signature_admission_batch,476729924,4096,128,measured
python-20260723T020649Z,3461242089674134468,4096,84,late_rebuild,6814433,4096,128,measured
python-20260723T020649Z,3461242089674134468,4096,85,merkle_build,3324839,4096,128,measured
python-20260723T020649Z,3461242089674134468,4096,85,late_rebuild,6751499,4096,128,measured
python-20260723T020649Z,3461242089674134468,4096,85,sign_batch,151956772,4096,128,measured
python-20260723T020649Z,3461242089674134468,4096,85,verify_batch,452984571,4096,128,measured
python-20260723T020649Z,3461242089674134468,4096,85,signature_admission_batch,476868220,4096,128,measured
python-20260723T020649Z,3461242089674134468,4096,85,proof_verify,44456,4096,128,measured
python-20260723T020649Z,3461242089674134468,4096,86,proof_verify,17176,4096,128,measured
python-20260723T020649Z,3461242089674134468,4096,86,sign_batch,151441405,4096,128,measured
python-20260723T020649Z,3461242089674134468,4096,86,verify_batch,452047317,4096,128,measured
python-20260723T020649Z,3461242089674134468,4096,86,late_rebuild,6867842,4096,128,measured
python-20260723T020649Z,3461242089674134468,4096,86,merkle_build,3251299,4096,128,measured
python-20260723T020649Z,3461242089674134468,4096,86,signature_admission_batch,475287617,4096,128,measured
python-20260723T020649Z,3461242089674134468,4096,87,signature_admission_batch,478382404,4096,128,measured
python-20260723T020649Z,3461242089674134468,4096,87,sign_batch,151421476,4096,128,measured
python-20260723T020649Z,3461242089674134468,4096,87,verify_batch,451190141,4096,128,measured
python-20260723T020649Z,3461242089674134468,4096,87,proof_verify,53189,4096,128,measured
python-20260723T020649Z,3461242089674134468,4096,87,merkle_build,3349415,4096,128,measured
python-20260723T020649Z,3461242089674134468,4096,87,late_rebuild,6802575,4096,128,measured
python-20260723T020649Z,3461242089674134468,4096,88,verify_batch,452486871,4096,128,measured
python-20260723T020649Z,3461242089674134468,4096,88,sign_batch,150091215,4096,128,measured
python-20260723T020649Z,3461242089674134468,4096,88,merkle_build,3335435,4096,128,measured
python-20260723T020649Z,3461242089674134468,4096,88,late_rebuild,6809285,4096,128,measured
python-20260723T020649Z,3461242089674134468,4096,88,signature_admission_batch,479310235,4096,128,measured
python-20260723T020649Z,3461242089674134468,4096,88,proof_verify,41371,4096,128,measured
python-20260723T020649Z,3461242089674134468,4096,89,merkle_build,3325680,4096,128,measured
python-20260723T020649Z,3461242089674134468,4096,89,verify_batch,452159022,4096,128,measured
python-20260723T020649Z,3461242089674134468,4096,89,signature_admission_batch,481912708,4096,128,measured
python-20260723T020649Z,3461242089674134468,4096,89,late_rebuild,9797523,4096,128,measured
python-20260723T020649Z,3461242089674134468,4096,89,sign_batch,163204424,4096,128,measured
python-20260723T020649Z,3461242089674134468,4096,89,proof_verify,69013,4096,128,measured
python-20260723T020649Z,3461242089674134468,4096,90,merkle_build,4481400,4096,128,measured
python-20260723T020649Z,3461242089674134468,4096,90,sign_batch,170476006,4096,128,measured
python-20260723T020649Z,3461242089674134468,4096,90,signature_admission_batch,519719600,4096,128,measured
python-20260723T020649Z,3461242089674134468,4096,90,late_rebuild,6884356,4096,128,measured
python-20260723T020649Z,3461242089674134468,4096,90,proof_verify,36695,4096,128,measured
python-20260723T020649Z,3461242089674134468,4096,90,verify_batch,512601816,4096,128,measured
python-20260723T020649Z,3461242089674134468,4096,91,merkle_build,3656012,4096,128,measured
python-20260723T020649Z,3461242089674134468,4096,91,proof_verify,38868,4096,128,measured
python-20260723T020649Z,3461242089674134468,4096,91,verify_batch,494831225,4096,128,measured
python-20260723T020649Z,3461242089674134468,4096,91,signature_admission_batch,502576454,4096,128,measured
python-20260723T020649Z,3461242089674134468,4096,91,late_rebuild,6812990,4096,128,measured
python-20260723T020649Z,3461242089674134468,4096,91,sign_batch,155897798,4096,128,measured
python-20260723T020649Z,3461242089674134468,4096,92,sign_batch,156411613,4096,128,measured
python-20260723T020649Z,3461242089674134468,4096,92,merkle_build,3475793,4096,128,measured
python-20260723T020649Z,3461242089674134468,4096,92,signature_admission_batch,503421972,4096,128,measured
python-20260723T020649Z,3461242089674134468,4096,92,proof_verify,43485,4096,128,measured
python-20260723T020649Z,3461242089674134468,4096,92,verify_batch,455289492,4096,128,measured
python-20260723T020649Z,3461242089674134468,4096,92,late_rebuild,7426323,4096,128,measured
python-20260723T020649Z,3461242089674134468,4096,93,sign_batch,152662563,4096,128,measured
python-20260723T020649Z,3461242089674134468,4096,93,merkle_build,3340693,4096,128,measured
python-20260723T020649Z,3461242089674134468,4096,93,signature_admission_batch,485219050,4096,128,measured
python-20260723T020649Z,3461242089674134468,4096,93,late_rebuild,7519112,4096,128,measured
python-20260723T020649Z,3461242089674134468,4096,93,verify_batch,457185049,4096,128,measured
python-20260723T020649Z,3461242089674134468,4096,93,proof_verify,53910,4096,128,measured
python-20260723T020649Z,3461242089674134468,4096,94,sign_batch,150588976,4096,128,measured
python-20260723T020649Z,3461242089674134468,4096,94,verify_batch,455431954,4096,128,measured
python-20260723T020649Z,3461242089674134468,4096,94,late_rebuild,6864217,4096,128,measured
python-20260723T020649Z,3461242089674134468,4096,94,merkle_build,3285490,4096,128,measured
python-20260723T020649Z,3461242089674134468,4096,94,proof_verify,34992,4096,128,measured
python-20260723T020649Z,3461242089674134468,4096,94,signature_admission_batch,476422957,4096,128,measured
python-20260723T020649Z,3461242089674134468,4096,95,signature_admission_batch,476806178,4096,128,measured
python-20260723T020649Z,3461242089674134468,4096,95,proof_verify,41792,4096,128,measured
python-20260723T020649Z,3461242089674134468,4096,95,merkle_build,3367462,4096,128,measured
python-20260723T020649Z,3461242089674134468,4096,95,late_rebuild,6775985,4096,128,measured
python-20260723T020649Z,3461242089674134468,4096,95,sign_batch,150392885,4096,128,measured
python-20260723T020649Z,3461242089674134468,4096,95,verify_batch,450270753,4096,128,measured
python-20260723T020649Z,3461242089674134468,4096,96,verify_batch,451989109,4096,128,measured
python-20260723T020649Z,3461242089674134468,4096,96,signature_admission_batch,474755095,4096,128,measured
python-20260723T020649Z,3461242089674134468,4096,96,late_rebuild,6854102,4096,128,measured
python-20260723T020649Z,3461242089674134468,4096,96,proof_verify,32619,4096,128,measured
python-20260723T020649Z,3461242089674134468,4096,96,sign_batch,150407176,4096,128,measured
python-20260723T020649Z,3461242089674134468,4096,96,merkle_build,3313442,4096,128,measured
python-20260723T020649Z,3461242089674134468,4096,97,late_rebuild,6734784,4096,128,measured
python-20260723T020649Z,3461242089674134468,4096,97,proof_verify,29714,4096,128,measured
python-20260723T020649Z,3461242089674134468,4096,97,merkle_build,3317999,4096,128,measured
python-20260723T020649Z,3461242089674134468,4096,97,sign_batch,164238732,4096,128,measured
python-20260723T020649Z,3461242089674134468,4096,97,verify_batch,492637480,4096,128,measured
python-20260723T020649Z,3461242089674134468,4096,97,signature_admission_batch,516098330,4096,128,measured
python-20260723T020649Z,3461242089674134468,4096,98,verify_batch,496443916,4096,128,measured
python-20260723T020649Z,3461242089674134468,4096,98,sign_batch,168992448,4096,128,measured
python-20260723T020649Z,3461242089674134468,4096,98,proof_verify,57585,4096,128,measured
python-20260723T020649Z,3461242089674134468,4096,98,merkle_build,3411819,4096,128,measured
python-20260723T020649Z,3461242089674134468,4096,98,signature_admission_batch,529992280,4096,128,measured
python-20260723T020649Z,3461242089674134468,4096,98,late_rebuild,8054528,4096,128,measured
python-20260723T020649Z,3461242089674134468,4096,99,late_rebuild,6857908,4096,128,measured
python-20260723T020649Z,3461242089674134468,4096,99,merkle_build,3286482,4096,128,measured
python-20260723T020649Z,3461242089674134468,4096,99,sign_batch,154226711,4096,128,measured
python-20260723T020649Z,3461242089674134468,4096,99,verify_batch,452910861,4096,128,measured
python-20260723T020649Z,3461242089674134468,4096,99,proof_verify,54040,4096,128,measured
python-20260723T020649Z,3461242089674134468,4096,99,signature_admission_batch,482823834,4096,128,measured
python-20260723T020649Z,3461242089674134468,4096,100,proof_verify,40350,4096,128,measured
python-20260723T020649Z,3461242089674134468,4096,100,sign_batch,150867270,4096,128,measured
python-20260723T020649Z,3461242089674134468,4096,100,signature_admission_batch,478113433,4096,128,measured
python-20260723T020649Z,3461242089674134468,4096,100,merkle_build,3313011,4096,128,measured
python-20260723T020649Z,3461242089674134468,4096,100,late_rebuild,6941061,4096,128,measured
python-20260723T020649Z,3461242089674134468,4096,100,verify_batch,453751793,4096,128,measured
python-20260723T020649Z,3461242089674134468,4096,101,merkle_build,3451848,4096,128,measured
python-20260723T020649Z,3461242089674134468,4096,101,sign_batch,151312784,4096,128,measured
python-20260723T020649Z,3461242089674134468,4096,101,verify_batch,454967393,4096,128,measured
python-20260723T020649Z,3461242089674134468,4096,101,late_rebuild,6909173,4096,128,measured
python-20260723T020649Z,3461242089674134468,4096,101,signature_admission_batch,479176906,4096,128,measured
python-20260723T020649Z,3461242089674134468,4096,101,proof_verify,41271,4096,128,measured
python-20260723T020649Z,3461242089674134468,4096,102,sign_batch,151879067,4096,128,measured
python-20260723T020649Z,3461242089674134468,4096,102,signature_admission_batch,480244916,4096,128,measured
python-20260723T020649Z,3461242089674134468,4096,102,merkle_build,3347863,4096,128,measured
python-20260723T020649Z,3461242089674134468,4096,102,proof_verify,34150,4096,128,measured
python-20260723T020649Z,3461242089674134468,4096,102,late_rebuild,6918538,4096,128,measured
python-20260723T020649Z,3461242089674134468,4096,102,verify_batch,456301168,4096,128,measured
python-20260723T020649Z,3461242089674134468,4096,103,late_rebuild,7039859,4096,128,measured
python-20260723T020649Z,3461242089674134468,4096,103,proof_verify,34040,4096,128,measured
python-20260723T020649Z,3461242089674134468,4096,103,verify_batch,456154600,4096,128,measured
python-20260723T020649Z,3461242089674134468,4096,103,signature_admission_batch,479989135,4096,128,measured
python-20260723T020649Z,3461242089674134468,4096,103,sign_batch,151166485,4096,128,measured
python-20260723T020649Z,3461242089674134468,4096,103,merkle_build,3302405,4096,128,measured
python-20260723T020649Z,3461242089674134468,4096,104,proof_verify,33580,4096,128,measured
python-20260723T020649Z,3461242089674134468,4096,104,verify_batch,452136820,4096,128,measured
python-20260723T020649Z,3461242089674134468,4096,104,merkle_build,3330758,4096,128,measured
python-20260723T020649Z,3461242089674134468,4096,104,late_rebuild,6793251,4096,128,measured
python-20260723T020649Z,3461242089674134468,4096,104,signature_admission_batch,492175222,4096,128,measured
python-20260723T020649Z,3461242089674134468,4096,104,sign_batch,150961771,4096,128,measured
python-20260723T020649Z,3461242089674134468,4096,105,late_rebuild,6759561,4096,128,measured
python-20260723T020649Z,3461242089674134468,4096,105,proof_verify,51857,4096,128,measured
python-20260723T020649Z,3461242089674134468,4096,105,verify_batch,453232230,4096,128,measured
python-20260723T020649Z,3461242089674134468,4096,105,merkle_build,3332811,4096,128,measured
python-20260723T020649Z,3461242089674134468,4096,105,signature_admission_batch,475687452,4096,128,measured
python-20260723T020649Z,3461242089674134468,4096,105,sign_batch,151399753,4096,128,measured
python-20260723T020649Z,3461242089674134468,4096,106,proof_verify,49263,4096,128,measured
python-20260723T020649Z,3461242089674134468,4096,106,signature_admission_batch,475739700,4096,128,measured
python-20260723T020649Z,3461242089674134468,4096,106,verify_batch,450195811,4096,128,measured
python-20260723T020649Z,3461242089674134468,4096,106,sign_batch,151877204,4096,128,measured
python-20260723T020649Z,3461242089674134468,4096,106,merkle_build,3340102,4096,128,measured
python-20260723T020649Z,3461242089674134468,4096,106,late_rebuild,6888713,4096,128,measured
python-20260723T020649Z,3461242089674134468,4096,107,verify_batch,452844804,4096,128,measured
python-20260723T020649Z,3461242089674134468,4096,107,sign_batch,150650738,4096,128,measured
python-20260723T020649Z,3461242089674134468,4096,107,merkle_build,3314974,4096,128,measured
python-20260723T020649Z,3461242089674134468,4096,107,proof_verify,35813,4096,128,measured
python-20260723T020649Z,3461242089674134468,4096,107,signature_admission_batch,477802240,4096,128,measured
python-20260723T020649Z,3461242089674134468,4096,107,late_rebuild,6860591,4096,128,measured
python-20260723T020649Z,3461242089674134468,4096,108,proof_verify,33059,4096,128,measured
python-20260723T020649Z,3461242089674134468,4096,108,sign_batch,150674694,4096,128,measured
python-20260723T020649Z,3461242089674134468,4096,108,signature_admission_batch,476362987,4096,128,measured
python-20260723T020649Z,3461242089674134468,4096,108,late_rebuild,6833491,4096,128,measured
python-20260723T020649Z,3461242089674134468,4096,108,verify_batch,452012855,4096,128,measured
python-20260723T020649Z,3461242089674134468,4096,108,merkle_build,3320672,4096,128,measured
python-20260723T020649Z,3461242089674134468,4096,109,proof_verify,34692,4096,128,measured
python-20260723T020649Z,3461242089674134468,4096,109,sign_batch,150310392,4096,128,measured
python-20260723T020649Z,3461242089674134468,4096,109,verify_batch,450680472,4096,128,measured
python-20260723T020649Z,3461242089674134468,4096,109,signature_admission_batch,476284231,4096,128,measured
python-20260723T020649Z,3461242089674134468,4096,109,merkle_build,3319020,4096,128,measured
python-20260723T020649Z,3461242089674134468,4096,109,late_rebuild,6951356,4096,128,measured
python-20260723T020649Z,3461242089674134468,4096,110,signature_admission_batch,476073708,4096,128,measured
python-20260723T020649Z,3461242089674134468,4096,110,merkle_build,3308674,4096,128,measured
python-20260723T020649Z,3461242089674134468,4096,110,sign_batch,150561465,4096,128,measured
python-20260723T020649Z,3461242089674134468,4096,110,verify_batch,452361404,4096,128,measured
python-20260723T020649Z,3461242089674134468,4096,110,proof_verify,54131,4096,128,measured
python-20260723T020649Z,3461242089674134468,4096,110,late_rebuild,6867111,4096,128,measured
python-20260723T020649Z,3461242089674134468,4096,111,late_rebuild,6774763,4096,128,measured
python-20260723T020649Z,3461242089674134468,4096,111,proof_verify,20891,4096,128,measured
python-20260723T020649Z,3461242089674134468,4096,111,sign_batch,150291393,4096,128,measured
python-20260723T020649Z,3461242089674134468,4096,111,verify_batch,451110402,4096,128,measured
python-20260723T020649Z,3461242089674134468,4096,111,merkle_build,3350206,4096,128,measured
python-20260723T020649Z,3461242089674134468,4096,111,signature_admission_batch,475458261,4096,128,measured
python-20260723T020649Z,3461242089674134468,4096,112,verify_batch,452570645,4096,128,measured
python-20260723T020649Z,3461242089674134468,4096,112,signature_admission_batch,475977604,4096,128,measured
python-20260723T020649Z,3461242089674134468,4096,112,late_rebuild,6802485,4096,128,measured
python-20260723T020649Z,3461242089674134468,4096,112,proof_verify,32658,4096,128,measured
python-20260723T020649Z,3461242089674134468,4096,112,sign_batch,150191264,4096,128,measured
python-20260723T020649Z,3461242089674134468,4096,112,merkle_build,3326651,4096,128,measured
python-20260723T020649Z,3461242089674134468,4096,113,proof_verify,33089,4096,128,measured
python-20260723T020649Z,3461242089674134468,4096,113,merkle_build,3332970,4096,128,measured
python-20260723T020649Z,3461242089674134468,4096,113,late_rebuild,6873400,4096,128,measured
python-20260723T020649Z,3461242089674134468,4096,113,sign_batch,150282951,4096,128,measured
python-20260723T020649Z,3461242089674134468,4096,113,signature_admission_batch,477184371,4096,128,measured
python-20260723T020649Z,3461242089674134468,4096,113,verify_batch,450341798,4096,128,measured
python-20260723T020649Z,3461242089674134468,4096,114,merkle_build,3343346,4096,128,measured
python-20260723T020649Z,3461242089674134468,4096,114,verify_batch,451822182,4096,128,measured
python-20260723T020649Z,3461242089674134468,4096,114,proof_verify,54701,4096,128,measured
python-20260723T020649Z,3461242089674134468,4096,114,late_rebuild,6873120,4096,128,measured
python-20260723T020649Z,3461242089674134468,4096,114,sign_batch,150304573,4096,128,measured
python-20260723T020649Z,3461242089674134468,4096,114,signature_admission_batch,485169806,4096,128,measured
python-20260723T020649Z,3461242089674134468,4096,115,signature_admission_batch,482317560,4096,128,measured
python-20260723T020649Z,3461242089674134468,4096,115,merkle_build,3301193,4096,128,measured
python-20260723T020649Z,3461242089674134468,4096,115,late_rebuild,6781133,4096,128,measured
python-20260723T020649Z,3461242089674134468,4096,115,proof_verify,32930,4096,128,measured
python-20260723T020649Z,3461242089674134468,4096,115,sign_batch,151058685,4096,128,measured
python-20260723T020649Z,3461242089674134468,4096,115,verify_batch,454895846,4096,128,measured
python-20260723T020649Z,3461242089674134468,4096,116,proof_verify,51737,4096,128,measured
python-20260723T020649Z,3461242089674134468,4096,116,merkle_build,3434792,4096,128,measured
python-20260723T020649Z,3461242089674134468,4096,116,signature_admission_batch,479429031,4096,128,measured
python-20260723T020649Z,3461242089674134468,4096,116,sign_batch,150950715,4096,128,measured
python-20260723T020649Z,3461242089674134468,4096,116,late_rebuild,6940660,4096,128,measured
python-20260723T020649Z,3461242089674134468,4096,116,verify_batch,452433221,4096,128,measured
python-20260723T020649Z,3461242089674134468,4096,117,late_rebuild,6854843,4096,128,measured
python-20260723T020649Z,3461242089674134468,4096,117,proof_verify,34051,4096,128,measured
python-20260723T020649Z,3461242089674134468,4096,117,verify_batch,455253779,4096,128,measured
python-20260723T020649Z,3461242089674134468,4096,117,signature_admission_batch,478131360,4096,128,measured
python-20260723T020649Z,3461242089674134468,4096,117,sign_batch,151862152,4096,128,measured
python-20260723T020649Z,3461242089674134468,4096,117,merkle_build,3301484,4096,128,measured
python-20260723T020649Z,3461242089674134468,4096,118,late_rebuild,7330000,4096,128,measured
python-20260723T020649Z,3461242089674134468,4096,118,merkle_build,3352921,4096,128,measured
python-20260723T020649Z,3461242089674134468,4096,118,signature_admission_batch,479374800,4096,128,measured
python-20260723T020649Z,3461242089674134468,4096,118,verify_batch,454536280,4096,128,measured
python-20260723T020649Z,3461242089674134468,4096,118,proof_verify,59389,4096,128,measured
python-20260723T020649Z,3461242089674134468,4096,118,sign_batch,152190049,4096,128,measured
python-20260723T020649Z,3461242089674134468,4096,119,sign_batch,152682802,4096,128,measured
python-20260723T020649Z,3461242089674134468,4096,119,verify_batch,452367222,4096,128,measured
python-20260723T020649Z,3461242089674134468,4096,119,late_rebuild,6837998,4096,128,measured
python-20260723T020649Z,3461242089674134468,4096,119,proof_verify,33409,4096,128,measured
python-20260723T020649Z,3461242089674134468,4096,119,signature_admission_batch,478440810,4096,128,measured
python-20260723T020649Z,3461242089674134468,4096,119,merkle_build,3413791,4096,128,measured
python-20260723T020649Z,3461242089674134468,4096,120,late_rebuild,6925969,4096,128,measured
python-20260723T020649Z,3461242089674134468,4096,120,signature_admission_batch,477116780,4096,128,measured
python-20260723T020649Z,3461242089674134468,4096,120,merkle_build,3305400,4096,128,measured
python-20260723T020649Z,3461242089674134468,4096,120,verify_batch,453445127,4096,128,measured
python-20260723T020649Z,3461242089674134468,4096,120,sign_batch,163954670,4096,128,measured
python-20260723T020649Z,3461242089674134468,4096,120,proof_verify,53660,4096,128,measured
python-20260723T020649Z,3461242089674134468,4096,121,verify_batch,450291773,4096,128,measured
python-20260723T020649Z,3461242089674134468,4096,121,signature_admission_batch,478921485,4096,128,measured
python-20260723T020649Z,3461242089674134468,4096,121,proof_verify,43795,4096,128,measured
python-20260723T020649Z,3461242089674134468,4096,121,sign_batch,150796154,4096,128,measured
python-20260723T020649Z,3461242089674134468,4096,121,late_rebuild,6791839,4096,128,measured
python-20260723T020649Z,3461242089674134468,4096,121,merkle_build,3270077,4096,128,measured
python-20260723T020649Z,3461242089674134468,4096,122,proof_verify,32518,4096,128,measured
python-20260723T020649Z,3461242089674134468,4096,122,sign_batch,150496989,4096,128,measured
python-20260723T020649Z,3461242089674134468,4096,122,merkle_build,3312450,4096,128,measured
python-20260723T020649Z,3461242089674134468,4096,122,verify_batch,452040326,4096,128,measured
python-20260723T020649Z,3461242089674134468,4096,122,late_rebuild,6815053,4096,128,measured
python-20260723T020649Z,3461242089674134468,4096,122,signature_admission_batch,479395651,4096,128,measured
python-20260723T020649Z,3461242089674134468,4096,123,verify_batch,452977621,4096,128,measured
python-20260723T020649Z,3461242089674134468,4096,123,sign_batch,151769944,4096,128,measured
python-20260723T020649Z,3461242089674134468,4096,123,proof_verify,54962,4096,128,measured
python-20260723T020649Z,3461242089674134468,4096,123,signature_admission_batch,476487413,4096,128,measured
python-20260723T020649Z,3461242089674134468,4096,123,late_rebuild,6883425,4096,128,measured
python-20260723T020649Z,3461242089674134468,4096,123,merkle_build,3329045,4096,128,measured
python-20260723T020649Z,3461242089674134468,4096,124,late_rebuild,6880301,4096,128,measured
python-20260723T020649Z,3461242089674134468,4096,124,merkle_build,3311809,4096,128,measured
python-20260723T020649Z,3461242089674134468,4096,124,sign_batch,155425275,4096,128,measured
python-20260723T020649Z,3461242089674134468,4096,124,verify_batch,452145302,4096,128,measured
python-20260723T020649Z,3461242089674134468,4096,124,signature_admission_batch,476648213,4096,128,measured
python-20260723T020649Z,3461242089674134468,4096,124,proof_verify,44587,4096,128,measured
python-20260723T020649Z,3461242089674134468,4096,125,verify_batch,464254515,4096,128,measured
python-20260723T020649Z,3461242089674134468,4096,125,merkle_build,4532556,4096,128,measured
python-20260723T020649Z,3461242089674134468,4096,125,proof_verify,39168,4096,128,measured
python-20260723T020649Z,3461242089674134468,4096,125,sign_batch,166209596,4096,128,measured
python-20260723T020649Z,3461242089674134468,4096,125,late_rebuild,6891718,4096,128,measured
python-20260723T020649Z,3461242089674134468,4096,125,signature_admission_batch,522322994,4096,128,measured
python-20260723T020649Z,3461242089674134468,4096,126,sign_batch,164199955,4096,128,measured
python-20260723T020649Z,3461242089674134468,4096,126,late_rebuild,6824548,4096,128,measured
python-20260723T020649Z,3461242089674134468,4096,126,merkle_build,3323998,4096,128,measured
python-20260723T020649Z,3461242089674134468,4096,126,proof_verify,35062,4096,128,measured
python-20260723T020649Z,3461242089674134468,4096,126,signature_admission_batch,522154474,4096,128,measured
python-20260723T020649Z,3461242089674134468,4096,126,verify_batch,494044455,4096,128,measured
python-20260723T020649Z,3461242089674134468,4096,127,verify_batch,501922841,4096,128,measured
python-20260723T020649Z,3461242089674134468,4096,127,merkle_build,4993693,4096,128,measured
python-20260723T020649Z,3461242089674134468,4096,127,late_rebuild,7028181,4096,128,measured
python-20260723T020649Z,3461242089674134468,4096,127,proof_verify,45397,4096,128,measured
python-20260723T020649Z,3461242089674134468,4096,127,signature_admission_batch,540975026,4096,128,measured
python-20260723T020649Z,3461242089674134468,4096,127,sign_batch,171706808,4096,128,measured
python-20260723T020649Z,3461242089674134468,4096,128,proof_verify,54441,4096,128,measured
python-20260723T020649Z,3461242089674134468,4096,128,late_rebuild,8269989,4096,128,measured
python-20260723T020649Z,3461242089674134468,4096,128,verify_batch,495251942,4096,128,measured
python-20260723T020649Z,3461242089674134468,4096,128,sign_batch,162167660,4096,128,measured
python-20260723T020649Z,3461242089674134468,4096,128,signature_admission_batch,533632167,4096,128,measured
python-20260723T020649Z,3461242089674134468,4096,128,merkle_build,3772014,4096,128,measured
python-20260723T020649Z,3461242089674134468,4096,129,late_rebuild,6856515,4096,128,measured
python-20260723T020649Z,3461242089674134468,4096,129,verify_batch,505433586,4096,128,measured
python-20260723T020649Z,3461242089674134468,4096,129,proof_verify,56394,4096,128,measured
python-20260723T020649Z,3461242089674134468,4096,129,sign_batch,169708914,4096,128,measured
python-20260723T020649Z,3461242089674134468,4096,129,signature_admission_batch,545760759,4096,128,measured
python-20260723T020649Z,3461242089674134468,4096,129,merkle_build,3645025,4096,128,measured
python-20260723T020649Z,3461242089674134468,4096,130,signature_admission_batch,533243458,4096,128,measured
python-20260723T020649Z,3461242089674134468,4096,130,verify_batch,494057785,4096,128,measured
python-20260723T020649Z,3461242089674134468,4096,130,merkle_build,4022757,4096,128,measured
python-20260723T020649Z,3461242089674134468,4096,130,late_rebuild,9045152,4096,128,measured
python-20260723T020649Z,3461242089674134468,4096,130,sign_batch,167758401,4096,128,measured
python-20260723T020649Z,3461242089674134468,4096,130,proof_verify,53460,4096,128,measured
python-20260723T020649Z,3461242089674134468,4096,131,signature_admission_batch,494341773,4096,128,measured
python-20260723T020649Z,3461242089674134468,4096,131,merkle_build,3315976,4096,128,measured
python-20260723T020649Z,3461242089674134468,4096,131,proof_verify,33810,4096,128,measured
python-20260723T020649Z,3461242089674134468,4096,131,sign_batch,152560541,4096,128,measured
python-20260723T020649Z,3461242089674134468,4096,131,verify_batch,456267603,4096,128,measured
python-20260723T020649Z,3461242089674134468,4096,131,late_rebuild,6812239,4096,128,measured
python-20260723T020649Z,3461242089674134468,4096,132,verify_batch,450469458,4096,128,measured
python-20260723T020649Z,3461242089674134468,4096,132,late_rebuild,6779981,4096,128,measured
python-20260723T020649Z,3461242089674134468,4096,132,proof_verify,34231,4096,128,measured
python-20260723T020649Z,3461242089674134468,4096,132,merkle_build,3317598,4096,128,measured
python-20260723T020649Z,3461242089674134468,4096,132,signature_admission_batch,476279503,4096,128,measured
python-20260723T020649Z,3461242089674134468,4096,132,sign_batch,151477549,4096,128,measured
python-20260723T020649Z,3461242089674134468,4096,133,signature_admission_batch,482494324,4096,128,measured
python-20260723T020649Z,3461242089674134468,4096,133,sign_batch,152032815,4096,128,measured
python-20260723T020649Z,3461242089674134468,4096,133,verify_batch,454333419,4096,128,measured
python-20260723T020649Z,3461242089674134468,4096,133,merkle_build,3426090,4096,128,measured
python-20260723T020649Z,3461242089674134468,4096,133,proof_verify,35723,4096,128,measured
python-20260723T020649Z,3461242089674134468,4096,133,late_rebuild,7003834,4096,128,measured
python-20260723T020649Z,3461242089674134468,4096,134,late_rebuild,6795404,4096,128,measured
python-20260723T020649Z,3461242089674134468,4096,134,sign_batch,151671538,4096,128,measured
python-20260723T020649Z,3461242089674134468,4096,134,merkle_build,3297659,4096,128,measured
python-20260723T020649Z,3461242089674134468,4096,134,verify_batch,455027202,4096,128,measured
python-20260723T020649Z,3461242089674134468,4096,134,proof_verify,58177,4096,128,measured
python-20260723T020649Z,3461242089674134468,4096,134,signature_admission_batch,480034422,4096,128,measured
python-20260723T020649Z,3461242089674134468,4096,135,late_rebuild,6750828,4096,128,measured
python-20260723T020649Z,3461242089674134468,4096,135,proof_verify,31887,4096,128,measured
python-20260723T020649Z,3461242089674134468,4096,135,signature_admission_batch,479131028,4096,128,measured
python-20260723T020649Z,3461242089674134468,4096,135,merkle_build,3274083,4096,128,measured
python-20260723T020649Z,3461242089674134468,4096,135,verify_batch,451202900,4096,128,measured
python-20260723T020649Z,3461242089674134468,4096,135,sign_batch,150602206,4096,128,measured
python-20260723T020649Z,3461242089674134468,4096,136,sign_batch,149907672,4096,128,measured
python-20260723T020649Z,3461242089674134468,4096,136,verify_batch,452616994,4096,128,measured
python-20260723T020649Z,3461242089674134468,4096,136,late_rebuild,6949934,4096,128,measured
python-20260723T020649Z,3461242089674134468,4096,136,merkle_build,3583153,4096,128,measured
python-20260723T020649Z,3461242089674134468,4096,136,signature_admission_batch,476346012,4096,128,measured
python-20260723T020649Z,3461242089674134468,4096,136,proof_verify,42092,4096,128,measured
python-20260723T020649Z,3461242089674134468,4096,137,verify_batch,452544146,4096,128,measured
python-20260723T020649Z,3461242089674134468,4096,137,sign_batch,151125034,4096,128,measured
python-20260723T020649Z,3461242089674134468,4096,137,proof_verify,52648,4096,128,measured
python-20260723T020649Z,3461242089674134468,4096,137,signature_admission_batch,475425793,4096,128,measured
python-20260723T020649Z,3461242089674134468,4096,137,late_rebuild,6787773,4096,128,measured
python-20260723T020649Z,3461242089674134468,4096,137,merkle_build,3295485,4096,128,measured
python-20260723T020649Z,3461242089674134468,4096,138,sign_batch,150809384,4096,128,measured
python-20260723T020649Z,3461242089674134468,4096,138,proof_verify,52398,4096,128,measured
python-20260723T020649Z,3461242089674134468,4096,138,verify_batch,450651939,4096,128,measured
python-20260723T020649Z,3461242089674134468,4096,138,merkle_build,3320022,4096,128,measured
python-20260723T020649Z,3461242089674134468,4096,138,signature_admission_batch,477980706,4096,128,measured
python-20260723T020649Z,3461242089674134468,4096,138,late_rebuild,6756156,4096,128,measured
python-20260723T020649Z,3461242089674134468,4096,139,late_rebuild,6766381,4096,128,measured
python-20260723T020649Z,3461242089674134468,4096,139,proof_verify,31737,4096,128,measured
python-20260723T020649Z,3461242089674134468,4096,139,merkle_build,3314924,4096,128,measured
python-20260723T020649Z,3461242089674134468,4096,139,verify_batch,453022288,4096,128,measured
python-20260723T020649Z,3461242089674134468,4096,139,sign_batch,150867701,4096,128,measured
python-20260723T020649Z,3461242089674134468,4096,139,signature_admission_batch,479217366,4096,128,measured
python-20260723T020649Z,3461242089674134468,4096,140,sign_batch,151732879,4096,128,measured
python-20260723T020649Z,3461242089674134468,4096,140,merkle_build,3304158,4096,128,measured
python-20260723T020649Z,3461242089674134468,4096,140,proof_verify,34872,4096,128,measured
python-20260723T020649Z,3461242089674134468,4096,140,verify_batch,450321318,4096,128,measured
python-20260723T020649Z,3461242089674134468,4096,140,late_rebuild,6931798,4096,128,measured
python-20260723T020649Z,3461242089674134468,4096,140,signature_admission_batch,477536004,4096,128,measured
python-20260723T020649Z,3461242089674134468,4096,141,verify_batch,452979443,4096,128,measured
python-20260723T020649Z,3461242089674134468,4096,141,sign_batch,151319934,4096,128,measured
python-20260723T020649Z,3461242089674134468,4096,141,signature_admission_batch,476674632,4096,128,measured
python-20260723T020649Z,3461242089674134468,4096,141,late_rebuild,6823847,4096,128,measured
python-20260723T020649Z,3461242089674134468,4096,141,proof_verify,33440,4096,128,measured
python-20260723T020649Z,3461242089674134468,4096,141,merkle_build,3288544,4096,128,measured
python-20260723T020649Z,3461242089674134468,4096,142,late_rebuild,6741894,4096,128,measured
python-20260723T020649Z,3461242089674134468,4096,142,proof_verify,19940,4096,128,measured
python-20260723T020649Z,3461242089674134468,4096,142,merkle_build,3326472,4096,128,measured
python-20260723T020649Z,3461242089674134468,4096,142,signature_admission_batch,476038595,4096,128,measured
python-20260723T020649Z,3461242089674134468,4096,142,verify_batch,453608260,4096,128,measured
python-20260723T020649Z,3461242089674134468,4096,142,sign_batch,151074119,4096,128,measured
python-20260723T020649Z,3461242089674134468,4096,143,signature_admission_batch,477723884,4096,128,measured
python-20260723T020649Z,3461242089674134468,4096,143,sign_batch,150619652,4096,128,measured
python-20260723T020649Z,3461242089674134468,4096,143,proof_verify,57926,4096,128,measured
python-20260723T020649Z,3461242089674134468,4096,143,merkle_build,3313111,4096,128,measured
python-20260723T020649Z,3461242089674134468,4096,143,late_rebuild,6807122,4096,128,measured
python-20260723T020649Z,3461242089674134468,4096,143,verify_batch,453336625,4096,128,measured
python-20260723T020649Z,3461242089674134468,4096,144,proof_verify,54582,4096,128,measured
python-20260723T020649Z,3461242089674134468,4096,144,signature_admission_batch,477860857,4096,128,measured
python-20260723T020649Z,3461242089674134468,4096,144,sign_batch,151294287,4096,128,measured
python-20260723T020649Z,3461242089674134468,4096,144,verify_batch,452101207,4096,128,measured
python-20260723T020649Z,3461242089674134468,4096,144,merkle_build,3329115,4096,128,measured
python-20260723T020649Z,3461242089674134468,4096,144,late_rebuild,6752601,4096,128,measured
python-20260723T020649Z,3461242089674134468,4096,145,sign_batch,150971225,4096,128,measured
python-20260723T020649Z,3461242089674134468,4096,145,merkle_build,3426090,4096,128,measured
python-20260723T020649Z,3461242089674134468,4096,145,signature_admission_batch,477495223,4096,128,measured
python-20260723T020649Z,3461242089674134468,4096,145,verify_batch,472768497,4096,128,measured
python-20260723T020649Z,3461242089674134468,4096,145,proof_verify,82092,4096,128,measured
python-20260723T020649Z,3461242089674134468,4096,145,late_rebuild,6852369,4096,128,measured
python-20260723T020649Z,3461242089674134468,4096,146,late_rebuild,8535905,4096,128,measured
python-20260723T020649Z,3461242089674134468,4096,146,signature_admission_batch,501182449,4096,128,measured
python-20260723T020649Z,3461242089674134468,4096,146,proof_verify,44496,4096,128,measured
python-20260723T020649Z,3461242089674134468,4096,146,sign_batch,167195323,4096,128,measured
python-20260723T020649Z,3461242089674134468,4096,146,merkle_build,4283155,4096,128,measured
python-20260723T020649Z,3461242089674134468,4096,146,verify_batch,488341427,4096,128,measured
python-20260723T020649Z,3461242089674134468,4096,147,signature_admission_batch,501816733,4096,128,measured
python-20260723T020649Z,3461242089674134468,4096,147,late_rebuild,6975592,4096,128,measured
python-20260723T020649Z,3461242089674134468,4096,147,merkle_build,3330457,4096,128,measured
python-20260723T020649Z,3461242089674134468,4096,147,verify_batch,483189579,4096,128,measured
python-20260723T020649Z,3461242089674134468,4096,147,proof_verify,73039,4096,128,measured
python-20260723T020649Z,3461242089674134468,4096,147,sign_batch,149989665,4096,128,measured
python-20260723T020649Z,3461242089674134468,4096,148,proof_verify,44166,4096,128,measured
python-20260723T020649Z,3461242089674134468,4096,148,late_rebuild,6873380,4096,128,measured
python-20260723T020649Z,3461242089674134468,4096,148,sign_batch,150032949,4096,128,measured
python-20260723T020649Z,3461242089674134468,4096,148,merkle_build,3376044,4096,128,measured
python-20260723T020649Z,3461242089674134468,4096,148,signature_admission_batch,479376723,4096,128,measured
python-20260723T020649Z,3461242089674134468,4096,148,verify_batch,453368372,4096,128,measured
python-20260723T020649Z,3461242089674134468,4096,149,signature_admission_batch,480624481,4096,128,measured
python-20260723T020649Z,3461242089674134468,4096,149,merkle_build,3295926,4096,128,measured
python-20260723T020649Z,3461242089674134468,4096,149,late_rebuild,6764789,4096,128,measured
python-20260723T020649Z,3461242089674134468,4096,149,verify_batch,453148155,4096,128,measured
python-20260723T020649Z,3461242089674134468,4096,149,sign_batch,151645569,4096,128,measured
python-20260723T020649Z,3461242089674134468,4096,149,proof_verify,54320,4096,128,measured
python-20260723T020649Z,3461242089674134468,4096,150,late_rebuild,6747152,4096,128,measured
python-20260723T020649Z,3461242089674134468,4096,150,sign_batch,151400144,4096,128,measured
python-20260723T020649Z,3461242089674134468,4096,150,proof_verify,50856,4096,128,measured
python-20260723T020649Z,3461242089674134468,4096,150,signature_admission_batch,479067373,4096,128,measured
python-20260723T020649Z,3461242089674134468,4096,150,merkle_build,3313712,4096,128,measured
python-20260723T020649Z,3461242089674134468,4096,150,verify_batch,453749100,4096,128,measured
python-20260723T020649Z,3461242089674134468,4096,151,sign_batch,150964685,4096,128,measured
python-20260723T020649Z,3461242089674134468,4096,151,signature_admission_batch,480748274,4096,128,measured
python-20260723T020649Z,3461242089674134468,4096,151,late_rebuild,6784337,4096,128,measured
python-20260723T020649Z,3461242089674134468,4096,151,verify_batch,454154663,4096,128,measured
python-20260723T020649Z,3461242089674134468,4096,151,proof_verify,61341,4096,128,measured
python-20260723T020649Z,3461242089674134468,4096,151,merkle_build,3314093,4096,128,measured
python-20260723T020649Z,3461242089674134468,4096,152,merkle_build,3315464,4096,128,measured
python-20260723T020649Z,3461242089674134468,4096,152,proof_verify,21412,4096,128,measured
python-20260723T020649Z,3461242089674134468,4096,152,signature_admission_batch,477938463,4096,128,measured
python-20260723T020649Z,3461242089674134468,4096,152,late_rebuild,6928031,4096,128,measured
python-20260723T020649Z,3461242089674134468,4096,152,sign_batch,150883454,4096,128,measured
python-20260723T020649Z,3461242089674134468,4096,152,verify_batch,459436244,4096,128,measured
python-20260723T020649Z,3461242089674134468,4096,153,late_rebuild,7053669,4096,128,measured
python-20260723T020649Z,3461242089674134468,4096,153,sign_batch,156755805,4096,128,measured
python-20260723T020649Z,3461242089674134468,4096,153,proof_verify,55322,4096,128,measured
python-20260723T020649Z,3461242089674134468,4096,153,merkle_build,3343777,4096,128,measured
python-20260723T020649Z,3461242089674134468,4096,153,signature_admission_batch,477736993,4096,128,measured
python-20260723T020649Z,3461242089674134468,4096,153,verify_batch,459323156,4096,128,measured
python-20260723T020649Z,3461242089674134468,4096,154,merkle_build,3298850,4096,128,measured
python-20260723T020649Z,3461242089674134468,4096,154,signature_admission_batch,479674196,4096,128,measured
python-20260723T020649Z,3461242089674134468,4096,154,verify_batch,453279400,4096,128,measured
python-20260723T020649Z,3461242089674134468,4096,154,sign_batch,151466412,4096,128,measured
python-20260723T020649Z,3461242089674134468,4096,154,proof_verify,53590,4096,128,measured
python-20260723T020649Z,3461242089674134468,4096,154,late_rebuild,6777918,4096,128,measured
python-20260723T020649Z,3461242089674134468,4096,155,proof_verify,20491,4096,128,measured
python-20260723T020649Z,3461242089674134468,4096,155,signature_admission_batch,479716019,4096,128,measured
python-20260723T020649Z,3461242089674134468,4096,155,merkle_build,3293973,4096,128,measured
python-20260723T020649Z,3461242089674134468,4096,155,verify_batch,453981686,4096,128,measured
python-20260723T020649Z,3461242089674134468,4096,155,late_rebuild,6833561,4096,128,measured
python-20260723T020649Z,3461242089674134468,4096,155,sign_batch,151442407,4096,128,measured
python-20260723T020649Z,3461242089674134468,4096,156,late_rebuild,6839650,4096,128,measured
python-20260723T020649Z,3461242089674134468,4096,156,merkle_build,3320201,4096,128,measured
python-20260723T020649Z,3461242089674134468,4096,156,verify_batch,452834548,4096,128,measured
python-20260723T020649Z,3461242089674134468,4096,156,proof_verify,57216,4096,128,measured
python-20260723T020649Z,3461242089674134468,4096,156,signature_admission_batch,477354594,4096,128,measured
python-20260723T020649Z,3461242089674134468,4096,156,sign_batch,152206044,4096,128,measured
python-20260723T020649Z,3461242089674134468,4096,157,sign_batch,152302657,4096,128,measured
python-20260723T020649Z,3461242089674134468,4096,157,late_rebuild,6854302,4096,128,measured
python-20260723T020649Z,3461242089674134468,4096,157,merkle_build,3381163,4096,128,measured
python-20260723T020649Z,3461242089674134468,4096,157,signature_admission_batch,497910790,4096,128,measured
python-20260723T020649Z,3461242089674134468,4096,157,proof_verify,44115,4096,128,measured
python-20260723T020649Z,3461242089674134468,4096,157,verify_batch,479409202,4096,128,measured
python-20260723T020649Z,3461242089674134468,4096,158,late_rebuild,7828682,4096,128,measured
python-20260723T020649Z,3461242089674134468,4096,158,merkle_build,4255373,4096,128,measured
python-20260723T020649Z,3461242089674134468,4096,158,signature_admission_batch,512660864,4096,128,measured
python-20260723T020649Z,3461242089674134468,4096,158,verify_batch,487520034,4096,128,measured
python-20260723T020649Z,3461242089674134468,4096,158,proof_verify,57736,4096,128,measured
python-20260723T020649Z,3461242089674134468,4096,158,sign_batch,163514976,4096,128,measured
python-20260723T020649Z,3461242089674134468,4096,159,merkle_build,3472809,4096,128,measured
python-20260723T020649Z,3461242089674134468,4096,159,signature_admission_batch,496165612,4096,128,measured
python-20260723T020649Z,3461242089674134468,4096,159,verify_batch,494992306,4096,128,measured
python-20260723T020649Z,3461242089674134468,4096,159,sign_batch,153365358,4096,128,measured
python-20260723T020649Z,3461242089674134468,4096,159,late_rebuild,6890556,4096,128,measured
python-20260723T020649Z,3461242089674134468,4096,159,proof_verify,32369,4096,128,measured
python-20260723T020649Z,3461242089674134468,4096,160,late_rebuild,6784327,4096,128,measured
python-20260723T020649Z,3461242089674134468,4096,160,signature_admission_batch,478246051,4096,128,measured
python-20260723T020649Z,3461242089674134468,4096,160,verify_batch,453895247,4096,128,measured
python-20260723T020649Z,3461242089674134468,4096,160,sign_batch,152208777,4096,128,measured
python-20260723T020649Z,3461242089674134468,4096,160,merkle_build,3336486,4096,128,measured
python-20260723T020649Z,3461242089674134468,4096,160,proof_verify,34842,4096,128,measured
python-20260723T020649Z,3461242089674134468,4096,161,verify_batch,454558805,4096,128,measured
python-20260723T020649Z,3461242089674134468,4096,161,sign_batch,151102351,4096,128,measured
python-20260723T020649Z,3461242089674134468,4096,161,proof_verify,54081,4096,128,measured
python-20260723T020649Z,3461242089674134468,4096,161,merkle_build,3359049,4096,128,measured
python-20260723T020649Z,3461242089674134468,4096,161,late_rebuild,6811167,4096,128,measured
python-20260723T020649Z,3461242089674134468,4096,161,signature_admission_batch,482506872,4096,128,measured
python-20260723T020649Z,3461242089674134468,4096,162,verify_batch,459132021,4096,128,measured
python-20260723T020649Z,3461242089674134468,4096,162,signature_admission_batch,483247424,4096,128,measured
python-20260723T020649Z,3461242089674134468,4096,162,sign_batch,151778848,4096,128,measured
python-20260723T020649Z,3461242089674134468,4096,162,late_rebuild,6952578,4096,128,measured
python-20260723T020649Z,3461242089674134468,4096,162,proof_verify,34532,4096,128,measured
python-20260723T020649Z,3461242089674134468,4096,162,merkle_build,3287313,4096,128,measured
python-20260723T020649Z,3461242089674134468,4096,163,sign_batch,152009691,4096,128,measured
python-20260723T020649Z,3461242089674134468,4096,163,verify_batch,453097960,4096,128,measured
python-20260723T020649Z,3461242089674134468,4096,163,merkle_build,3373220,4096,128,measured
python-20260723T020649Z,3461242089674134468,4096,163,late_rebuild,6783857,4096,128,measured
python-20260723T020649Z,3461242089674134468,4096,163,signature_admission_batch,478848878,4096,128,measured
python-20260723T020649Z,3461242089674134468,4096,163,proof_verify,40671,4096,128,measured
python-20260723T020649Z,3461242089674134468,4096,164,merkle_build,3402274,4096,128,measured
python-20260723T020649Z,3461242089674134468,4096,164,signature_admission_batch,477588031,4096,128,measured
python-20260723T020649Z,3461242089674134468,4096,164,proof_verify,42333,4096,128,measured
python-20260723T020649Z,3461242089674134468,4096,164,verify_batch,451638127,4096,128,measured
python-20260723T020649Z,3461242089674134468,4096,164,sign_batch,150936003,4096,128,measured
python-20260723T020649Z,3461242089674134468,4096,164,late_rebuild,6838018,4096,128,measured
python-20260723T020649Z,3461242089674134468,4096,165,signature_admission_batch,475996262,4096,128,measured
python-20260723T020649Z,3461242089674134468,4096,165,verify_batch,450441156,4096,128,measured
python-20260723T020649Z,3461242089674134468,4096,165,sign_batch,150493644,4096,128,measured
python-20260723T020649Z,3461242089674134468,4096,165,proof_verify,51517,4096,128,measured
python-20260723T020649Z,3461242089674134468,4096,165,late_rebuild,6899550,4096,128,measured
python-20260723T020649Z,3461242089674134468,4096,165,merkle_build,3353421,4096,128,measured
python-20260723T020649Z,3461242089674134468,4096,166,merkle_build,3318189,4096,128,measured
python-20260723T020649Z,3461242089674134468,4096,166,sign_batch,150453976,4096,128,measured
python-20260723T020649Z,3461242089674134468,4096,166,signature_admission_batch,477547741,4096,128,measured
python-20260723T020649Z,3461242089674134468,4096,166,verify_batch,451329819,4096,128,measured
python-20260723T020649Z,3461242089674134468,4096,166,proof_verify,50836,4096,128,measured
python-20260723T020649Z,3461242089674134468,4096,166,late_rebuild,6947550,4096,128,measured
python-20260723T020649Z,3461242089674134468,4096,167,sign_batch,150445062,4096,128,measured
python-20260723T020649Z,3461242089674134468,4096,167,late_rebuild,6889985,4096,128,measured
python-20260723T020649Z,3461242089674134468,4096,167,merkle_build,3410947,4096,128,measured
python-20260723T020649Z,3461242089674134468,4096,167,verify_batch,452279572,4096,128,measured
python-20260723T020649Z,3461242089674134468,4096,167,signature_admission_batch,476558589,4096,128,measured
python-20260723T020649Z,3461242089674134468,4096,167,proof_verify,41963,4096,128,measured
python-20260723T020649Z,3461242089674134468,4096,168,late_rebuild,6856244,4096,128,measured
python-20260723T020649Z,3461242089674134468,4096,168,signature_admission_batch,477352761,4096,128,measured
python-20260723T020649Z,3461242089674134468,4096,168,verify_batch,456003504,4096,128,measured
python-20260723T020649Z,3461242089674134468,4096,168,proof_verify,54681,4096,128,measured
python-20260723T020649Z,3461242089674134468,4096,168,sign_batch,152184091,4096,128,measured
python-20260723T020649Z,3461242089674134468,4096,168,merkle_build,3413781,4096,128,measured
python-20260723T020649Z,3461242089674134468,4096,169,proof_verify,34431,4096,128,measured
python-20260723T020649Z,3461242089674134468,4096,169,verify_batch,454397955,4096,128,measured
python-20260723T020649Z,3461242089674134468,4096,169,signature_admission_batch,480820863,4096,128,measured
python-20260723T020649Z,3461242089674134468,4096,169,merkle_build,3395875,4096,128,measured
python-20260723T020649Z,3461242089674134468,4096,169,sign_batch,151470248,4096,128,measured
python-20260723T020649Z,3461242089674134468,4096,169,late_rebuild,6849836,4096,128,measured
python-20260723T020649Z,3461242089674134468,4096,170,merkle_build,3300703,4096,128,measured
python-20260723T020649Z,3461242089674134468,4096,170,proof_verify,33700,4096,128,measured
python-20260723T020649Z,3461242089674134468,4096,170,verify_batch,464285112,4096,128,measured
python-20260723T020649Z,3461242089674134468,4096,170,sign_batch,154959211,4096,128,measured
python-20260723T020649Z,3461242089674134468,4096,170,signature_admission_batch,486391664,4096,128,measured
python-20260723T020649Z,3461242089674134468,4096,170,late_rebuild,7041852,4096,128,measured
python-20260723T020649Z,3461242089674134468,4096,171,merkle_build,3449384,4096,128,measured
python-20260723T020649Z,3461242089674134468,4096,171,sign_batch,153099794,4096,128,measured
python-20260723T020649Z,3461242089674134468,4096,171,late_rebuild,6802545,4096,128,measured
python-20260723T020649Z,3461242089674134468,4096,171,proof_verify,33089,4096,128,measured
python-20260723T020649Z,3461242089674134468,4096,171,verify_batch,459589782,4096,128,measured
python-20260723T020649Z,3461242089674134468,4096,171,signature_admission_batch,489068088,4096,128,measured
python-20260723T020649Z,3461242089674134468,4096,172,signature_admission_batch,483942970,4096,128,measured
python-20260723T020649Z,3461242089674134468,4096,172,verify_batch,459976428,4096,128,measured
python-20260723T020649Z,3461242089674134468,4096,172,merkle_build,3727528,4096,128,measured
python-20260723T020649Z,3461242089674134468,4096,172,late_rebuild,6825999,4096,128,measured
python-20260723T020649Z,3461242089674134468,4096,172,sign_batch,154399929,4096,128,measured
python-20260723T020649Z,3461242089674134468,4096,172,proof_verify,55022,4096,128,measured
python-20260723T020649Z,3461242089674134468,4096,173,merkle_build,3308585,4096,128,measured
python-20260723T020649Z,3461242089674134468,4096,173,verify_batch,452090085,4096,128,measured
python-20260723T020649Z,3461242089674134468,4096,173,signature_admission_batch,479069887,4096,128,measured
python-20260723T020649Z,3461242089674134468,4096,173,proof_verify,44817,4096,128,measured
python-20260723T020649Z,3461242089674134468,4096,173,late_rebuild,6795073,4096,128,measured
python-20260723T020649Z,3461242089674134468,4096,173,sign_batch,150721995,4096,128,measured
python-20260723T020649Z,3461242089674134468,4096,174,signature_admission_batch,482337129,4096,128,measured
python-20260723T020649Z,3461242089674134468,4096,174,verify_batch,452397408,4096,128,measured
python-20260723T020649Z,3461242089674134468,4096,174,proof_verify,54651,4096,128,measured
python-20260723T020649Z,3461242089674134468,4096,174,merkle_build,3352951,4096,128,measured
python-20260723T020649Z,3461242089674134468,4096,174,late_rebuild,6911447,4096,128,measured
python-20260723T020649Z,3461242089674134468,4096,174,sign_batch,151403238,4096,128,measured
python-20260723T020649Z,3461242089674134468,4096,175,late_rebuild,6848263,4096,128,measured
python-20260723T020649Z,3461242089674134468,4096,175,signature_admission_batch,477075819,4096,128,measured
python-20260723T020649Z,3461242089674134468,4096,175,sign_batch,150545942,4096,128,measured
python-20260723T020649Z,3461242089674134468,4096,175,verify_batch,460526217,4096,128,measured
python-20260723T020649Z,3461242089674134468,4096,175,proof_verify,56183,4096,128,measured
python-20260723T020649Z,3461242089674134468,4096,175,merkle_build,3315605,4096,128,measured
python-20260723T020649Z,3461242089674134468,4096,176,signature_admission_batch,479256996,4096,128,measured
python-20260723T020649Z,3461242089674134468,4096,176,sign_batch,152172743,4096,128,measured
python-20260723T020649Z,3461242089674134468,4096,176,late_rebuild,7176372,4096,128,measured
python-20260723T020649Z,3461242089674134468,4096,176,merkle_build,3772726,4096,128,measured
python-20260723T020649Z,3461242089674134468,4096,176,verify_batch,452385750,4096,128,measured
python-20260723T020649Z,3461242089674134468,4096,176,proof_verify,51867,4096,128,measured
python-20260723T020649Z,3461242089674134468,4096,177,merkle_build,3404568,4096,128,measured
python-20260723T020649Z,3461242089674134468,4096,177,proof_verify,20551,4096,128,measured
python-20260723T020649Z,3461242089674134468,4096,177,late_rebuild,6750567,4096,128,measured
python-20260723T020649Z,3461242089674134468,4096,177,verify_batch,453899503,4096,128,measured
python-20260723T020649Z,3461242089674134468,4096,177,signature_admission_batch,474731209,4096,128,measured
python-20260723T020649Z,3461242089674134468,4096,177,sign_batch,150960099,4096,128,measured
python-20260723T020649Z,3461242089674134468,4096,178,sign_batch,151113157,4096,128,measured
python-20260723T020649Z,3461242089674134468,4096,178,proof_verify,55803,4096,128,measured
python-20260723T020649Z,3461242089674134468,4096,178,merkle_build,3301093,4096,128,measured
python-20260723T020649Z,3461242089674134468,4096,178,signature_admission_batch,475913398,4096,128,measured
python-20260723T020649Z,3461242089674134468,4096,178,verify_batch,464725757,4096,128,measured
python-20260723T020649Z,3461242089674134468,4096,178,late_rebuild,6860622,4096,128,measured
python-20260723T020649Z,3461242089674134468,4096,179,verify_batch,450895482,4096,128,measured
python-20260723T020649Z,3461242089674134468,4096,179,merkle_build,3360672,4096,128,measured
python-20260723T020649Z,3461242089674134468,4096,179,proof_verify,36174,4096,128,measured
python-20260723T020649Z,3461242089674134468,4096,179,late_rebuild,6814773,4096,128,measured
python-20260723T020649Z,3461242089674134468,4096,179,signature_admission_batch,475756865,4096,128,measured
python-20260723T020649Z,3461242089674134468,4096,179,sign_batch,150079608,4096,128,measured
python-20260723T020649Z,3461242089674134468,4096,180,signature_admission_batch,475574665,4096,128,measured
python-20260723T020649Z,3461242089674134468,4096,180,sign_batch,150157234,4096,128,measured
python-20260723T020649Z,3461242089674134468,4096,180,late_rebuild,6711500,4096,128,measured
python-20260723T020649Z,3461242089674134468,4096,180,proof_verify,34711,4096,128,measured
python-20260723T020649Z,3461242089674134468,4096,180,verify_batch,453390295,4096,128,measured
python-20260723T020649Z,3461242089674134468,4096,180,merkle_build,3276116,4096,128,measured
python-20260723T020649Z,3461242089674134468,4096,181,signature_admission_batch,476867409,4096,128,measured
python-20260723T020649Z,3461242089674134468,4096,181,sign_batch,150836655,4096,128,measured
python-20260723T020649Z,3461242089674134468,4096,181,merkle_build,3413992,4096,128,measured
python-20260723T020649Z,3461242089674134468,4096,181,verify_batch,453176607,4096,128,measured
python-20260723T020649Z,3461242089674134468,4096,181,late_rebuild,6786040,4096,128,measured
python-20260723T020649Z,3461242089674134468,4096,181,proof_verify,32548,4096,128,measured
python-20260723T020649Z,3461242089674134468,4096,182,merkle_build,3331969,4096,128,measured
python-20260723T020649Z,3461242089674134468,4096,182,verify_batch,451087387,4096,128,measured
python-20260723T020649Z,3461242089674134468,4096,182,signature_admission_batch,477796301,4096,128,measured
python-20260723T020649Z,3461242089674134468,4096,182,late_rebuild,6741754,4096,128,measured
python-20260723T020649Z,3461242089674134468,4096,182,sign_batch,153790131,4096,128,measured
python-20260723T020649Z,3461242089674134468,4096,182,proof_verify,51867,4096,128,measured
python-20260723T020649Z,3461242089674134468,4096,183,signature_admission_batch,479208863,4096,128,measured
python-20260723T020649Z,3461242089674134468,4096,183,merkle_build,3307132,4096,128,measured
python-20260723T020649Z,3461242089674134468,4096,183,verify_batch,453149567,4096,128,measured
python-20260723T020649Z,3461242089674134468,4096,183,proof_verify,53269,4096,128,measured
python-20260723T020649Z,3461242089674134468,4096,183,late_rebuild,7146927,4096,128,measured
python-20260723T020649Z,3461242089674134468,4096,183,sign_batch,150938978,4096,128,measured
python-20260723T020649Z,3461242089674134468,4096,184,late_rebuild,7266215,4096,128,measured
python-20260723T020649Z,3461242089674134468,4096,184,verify_batch,452549984,4096,128,measured
python-20260723T020649Z,3461242089674134468,4096,184,sign_batch,151291041,4096,128,measured
python-20260723T020649Z,3461242089674134468,4096,184,signature_admission_batch,477632337,4096,128,measured
python-20260723T020649Z,3461242089674134468,4096,184,proof_verify,44997,4096,128,measured
python-20260723T020649Z,3461242089674134468,4096,184,merkle_build,3335504,4096,128,measured
python-20260723T020649Z,3461242089674134468,4096,185,merkle_build,3252341,4096,128,measured
python-20260723T020649Z,3461242089674134468,4096,185,verify_batch,456177413,4096,128,measured
python-20260723T020649Z,3461242089674134468,4096,185,proof_verify,62092,4096,128,measured
python-20260723T020649Z,3461242089674134468,4096,185,sign_batch,154484484,4096,128,measured
python-20260723T020649Z,3461242089674134468,4096,185,late_rebuild,6799670,4096,128,measured
python-20260723T020649Z,3461242089674134468,4096,185,signature_admission_batch,521057341,4096,128,measured
python-20260723T020649Z,3461242089674134468,4096,186,sign_batch,170580121,4096,128,measured
python-20260723T020649Z,3461242089674134468,4096,186,late_rebuild,8299774,4096,128,measured
python-20260723T020649Z,3461242089674134468,4096,186,proof_verify,38006,4096,128,measured
python-20260723T020649Z,3461242089674134468,4096,186,verify_batch,514632568,4096,128,measured
python-20260723T020649Z,3461242089674134468,4096,186,merkle_build,4399518,4096,128,measured
python-20260723T020649Z,3461242089674134468,4096,186,signature_admission_batch,522690722,4096,128,measured
python-20260723T020649Z,3461242089674134468,4096,187,verify_batch,495024224,4096,128,measured
python-20260723T020649Z,3461242089674134468,4096,187,signature_admission_batch,507091073,4096,128,measured
python-20260723T020649Z,3461242089674134468,4096,187,late_rebuild,6885969,4096,128,measured
python-20260723T020649Z,3461242089674134468,4096,187,merkle_build,3347903,4096,128,measured
python-20260723T020649Z,3461242089674134468,4096,187,proof_verify,40300,4096,128,measured
python-20260723T020649Z,3461242089674134468,4096,187,sign_batch,166778433,4096,128,measured
python-20260723T020649Z,3461242089674134468,4096,188,signature_admission_batch,527466310,4096,128,measured
python-20260723T020649Z,3461242089674134468,4096,188,proof_verify,56394,4096,128,measured
python-20260723T020649Z,3461242089674134468,4096,188,late_rebuild,8468214,4096,128,measured
python-20260723T020649Z,3461242089674134468,4096,188,verify_batch,491825893,4096,128,measured
python-20260723T020649Z,3461242089674134468,4096,188,merkle_build,4394671,4096,128,measured
python-20260723T020649Z,3461242089674134468,4096,188,sign_batch,168606243,4096,128,measured
python-20260723T020649Z,3461242089674134468,4096,189,sign_batch,161630661,4096,128,measured
python-20260723T020649Z,3461242089674134468,4096,189,signature_admission_batch,524916265,4096,128,measured
python-20260723T020649Z,3461242089674134468,4096,189,late_rebuild,8818065,4096,128,measured
python-20260723T020649Z,3461242089674134468,4096,189,proof_verify,36103,4096,128,measured
python-20260723T020649Z,3461242089674134468,4096,189,verify_batch,494914811,4096,128,measured
python-20260723T020649Z,3461242089674134468,4096,189,merkle_build,4118780,4096,128,measured
python-20260723T020649Z,3461242089674134468,4096,190,proof_verify,50606,4096,128,measured
python-20260723T020649Z,3461242089674134468,4096,190,merkle_build,3842439,4096,128,measured
python-20260723T020649Z,3461242089674134468,4096,190,late_rebuild,9220754,4096,128,measured
python-20260723T020649Z,3461242089674134468,4096,190,sign_batch,171079414,4096,128,measured
python-20260723T020649Z,3461242089674134468,4096,190,verify_batch,502945003,4096,128,measured
python-20260723T020649Z,3461242089674134468,4096,190,signature_admission_batch,523091218,4096,128,measured
python-20260723T020649Z,3461242089674134468,4096,191,late_rebuild,8474624,4096,128,measured
python-20260723T020649Z,3461242089674134468,4096,191,merkle_build,3602391,4096,128,measured
python-20260723T020649Z,3461242089674134468,4096,191,proof_verify,37075,4096,128,measured
python-20260723T020649Z,3461242089674134468,4096,191,verify_batch,470080908,4096,128,measured
python-20260723T020649Z,3461242089674134468,4096,191,signature_admission_batch,484747056,4096,128,measured
python-20260723T020649Z,3461242089674134468,4096,191,sign_batch,152115529,4096,128,measured
python-20260723T020649Z,3461242089674134468,4096,192,merkle_build,3355254,4096,128,measured
python-20260723T020649Z,3461242089674134468,4096,192,late_rebuild,6805218,4096,128,measured
python-20260723T020649Z,3461242089674134468,4096,192,signature_admission_batch,481785548,4096,128,measured
python-20260723T020649Z,3461242089674134468,4096,192,proof_verify,41732,4096,128,measured
python-20260723T020649Z,3461242089674134468,4096,192,verify_batch,454506947,4096,128,measured
python-20260723T020649Z,3461242089674134468,4096,192,sign_batch,152998062,4096,128,measured
python-20260723T020649Z,3461242089674134468,4096,193,late_rebuild,6777638,4096,128,measured
python-20260723T020649Z,3461242089674134468,4096,193,signature_admission_batch,479562700,4096,128,measured
python-20260723T020649Z,3461242089674134468,4096,193,merkle_build,3356275,4096,128,measured
python-20260723T020649Z,3461242089674134468,4096,193,proof_verify,46549,4096,128,measured
python-20260723T020649Z,3461242089674134468,4096,193,sign_batch,151410009,4096,128,measured
python-20260723T020649Z,3461242089674134468,4096,193,verify_batch,453616843,4096,128,measured
python-20260723T020649Z,3461242089674134468,4096,194,late_rebuild,6963895,4096,128,measured
python-20260723T020649Z,3461242089674134468,4096,194,merkle_build,3524396,4096,128,measured
python-20260723T020649Z,3461242089674134468,4096,194,signature_admission_batch,492982685,4096,128,measured
python-20260723T020649Z,3461242089674134468,4096,194,proof_verify,42744,4096,128,measured
python-20260723T020649Z,3461242089674134468,4096,194,verify_batch,454379177,4096,128,measured
python-20260723T020649Z,3461242089674134468,4096,194,sign_batch,152145773,4096,128,measured
python-20260723T020649Z,3461242089674134468,4096,195,sign_batch,151110843,4096,128,measured
python-20260723T020649Z,3461242089674134468,4096,195,verify_batch,455096425,4096,128,measured
python-20260723T020649Z,3461242089674134468,4096,195,late_rebuild,6844257,4096,128,measured
python-20260723T020649Z,3461242089674134468,4096,195,merkle_build,3274283,4096,128,measured
python-20260723T020649Z,3461242089674134468,4096,195,proof_verify,35543,4096,128,measured
python-20260723T020649Z,3461242089674134468,4096,195,signature_admission_batch,480449860,4096,128,measured
python-20260723T020649Z,3461242089674134468,4096,196,merkle_build,3313502,4096,128,measured
python-20260723T020649Z,3461242089674134468,4096,196,sign_batch,151614863,4096,128,measured
python-20260723T020649Z,3461242089674134468,4096,196,signature_admission_batch,492347108,4096,128,measured
python-20260723T020649Z,3461242089674134468,4096,196,verify_batch,452126634,4096,128,measured
python-20260723T020649Z,3461242089674134468,4096,196,late_rebuild,6831878,4096,128,measured
python-20260723T020649Z,3461242089674134468,4096,196,proof_verify,31927,4096,128,measured
python-20260723T020649Z,3461242089674134468,4096,197,proof_verify,17025,4096,128,measured
python-20260723T020649Z,3461242089674134468,4096,197,late_rebuild,6838569,4096,128,measured
python-20260723T020649Z,3461242089674134468,4096,197,verify_batch,451953476,4096,128,measured
python-20260723T020649Z,3461242089674134468,4096,197,signature_admission_batch,475075121,4096,128,measured
python-20260723T020649Z,3461242089674134468,4096,197,merkle_build,3310377,4096,128,measured
python-20260723T020649Z,3461242089674134468,4096,197,sign_batch,151314716,4096,128,measured
python-20260723T020649Z,3461242089674134468,4096,198,signature_admission_batch,476078484,4096,128,measured
python-20260723T020649Z,3461242089674134468,4096,198,merkle_build,3301474,4096,128,measured
python-20260723T020649Z,3461242089674134468,4096,198,late_rebuild,6836295,4096,128,measured
python-20260723T020649Z,3461242089674134468,4096,198,verify_batch,450617068,4096,128,measured
python-20260723T020649Z,3461242089674134468,4096,198,proof_verify,54281,4096,128,measured
python-20260723T020649Z,3461242089674134468,4096,198,sign_batch,151092406,4096,128,measured
python-20260723T020649Z,3461242089674134468,4096,199,merkle_build,3384447,4096,128,measured
python-20260723T020649Z,3461242089674134468,4096,199,verify_batch,450428216,4096,128,measured
python-20260723T020649Z,3461242089674134468,4096,199,proof_verify,54180,4096,128,measured
python-20260723T020649Z,3461242089674134468,4096,199,sign_batch,150247839,4096,128,measured
python-20260723T020649Z,3461242089674134468,4096,199,signature_admission_batch,478211925,4096,128,measured
python-20260723T020649Z,3461242089674134468,4096,199,late_rebuild,6773071,4096,128,measured
