run_id,seed,repetition,case,expected_result,observed_result,matches_rule,record_count,provenance
conformance-20260723T020659Z,20260722,0,consistent_set,accepted,accepted,True,32,measured
conformance-20260723T020659Z,20260722,0,payload_modification,aborted,aborted,True,32,measured
conformance-20260723T020659Z,20260722,0,record_deletion,aborted,aborted,True,32,measured
conformance-20260723T020659Z,20260722,0,record_insertion,aborted,aborted,True,32,measured
conformance-20260723T020659Z,20260722,0,storage_reordering,accepted,accepted,True,32,measured
conformance-20260723T020659Z,20260722,0,counter_field_swap,aborted,aborted,True,32,measured
conformance-20260723T020659Z,20260723,1,consistent_set,accepted,accepted,True,32,measured
conformance-20260723T020659Z,20260723,1,payload_modification,aborted,aborted,True,32,measured
conformance-20260723T020659Z,20260723,1,record_deletion,aborted,aborted,True,32,measured
conformance-20260723T020659Z,20260723,1,record_insertion,aborted,aborted,True,32,measured
conformance-20260723T020659Z,20260723,1,storage_reordering,accepted,accepted,True,32,measured
conformance-20260723T020659Z,20260723,1,counter_field_swap,aborted,aborted,True,32,measured
conformance-20260723T020659Z,20260724,2,consistent_set,accepted,accepted,True,32,measured
conformance-20260723T020659Z,20260724,2,payload_modification,aborted,aborted,True,32,measured
conformance-20260723T020659Z,20260724,2,record_deletion,aborted,aborted,True,32,measured
conformance-20260723T020659Z,20260724,2,record_insertion,aborted,aborted,True,32,measured
conformance-20260723T020659Z,20260724,2,storage_reordering,accepted,accepted,True,32,measured
conformance-20260723T020659Z,20260724,2,counter_field_swap,aborted,aborted,True,32,measured
conformance-20260723T020659Z,20260725,3,consistent_set,accepted,accepted,True,32,measured
conformance-20260723T020659Z,20260725,3,payload_modification,aborted,aborted,True,32,measured
conformance-20260723T020659Z,20260725,3,record_deletion,aborted,aborted,True,32,measured
conformance-20260723T020659Z,20260725,3,record_insertion,aborted,aborted,True,32,measured
conformance-20260723T020659Z,20260725,3,storage_reordering,accepted,accepted,True,32,measured
conformance-20260723T020659Z,20260725,3,counter_field_swap,aborted,aborted,True,32,measured
conformance-20260723T020659Z,20260726,4,consistent_set,accepted,accepted,True,32,measured
conformance-20260723T020659Z,20260726,4,payload_modification,aborted,aborted,True,32,measured
conformance-20260723T020659Z,20260726,4,record_deletion,aborted,aborted,True,32,measured
conformance-20260723T020659Z,20260726,4,record_insertion,aborted,aborted,True,32,measured
conformance-20260723T020659Z,20260726,4,storage_reordering,accepted,accepted,True,32,measured
conformance-20260723T020659Z,20260726,4,counter_field_swap,aborted,aborted,True,32,measured
conformance-20260723T020659Z,20260727,5,consistent_set,accepted,accepted,True,32,measured
conformance-20260723T020659Z,20260727,5,payload_modification,aborted,aborted,True,32,measured
conformance-20260723T020659Z,20260727,5,record_deletion,aborted,aborted,True,32,measured
conformance-20260723T020659Z,20260727,5,record_insertion,aborted,aborted,True,32,measured
conformance-20260723T020659Z,20260727,5,storage_reordering,accepted,accepted,True,32,measured
conformance-20260723T020659Z,20260727,5,counter_field_swap,aborted,aborted,True,32,measured
conformance-20260723T020659Z,20260728,6,consistent_set,accepted,accepted,True,32,measured
conformance-20260723T020659Z,20260728,6,payload_modification,aborted,aborted,True,32,measured
conformance-20260723T020659Z,20260728,6,record_deletion,aborted,aborted,True,32,measured
conformance-20260723T020659Z,20260728,6,record_insertion,aborted,aborted,True,32,measured
conformance-20260723T020659Z,20260728,6,storage_reordering,accepted,accepted,True,32,measured
conformance-20260723T020659Z,20260728,6,counter_field_swap,aborted,aborted,True,32,measured
conformance-20260723T020659Z,20260729,7,consistent_set,accepted,accepted,True,32,measured
conformance-20260723T020659Z,20260729,7,payload_modification,aborted,aborted,True,32,measured
conformance-20260723T020659Z,20260729,7,record_deletion,aborted,aborted,True,32,measured
conformance-20260723T020659Z,20260729,7,record_insertion,aborted,aborted,True,32,measured
conformance-20260723T020659Z,20260729,7,storage_reordering,accepted,accepted,True,32,measured
conformance-20260723T020659Z,20260729,7,counter_field_swap,aborted,aborted,True,32,measured
conformance-20260723T020659Z,20260730,8,consistent_set,accepted,accepted,True,32,measured
conformance-20260723T020659Z,20260730,8,payload_modification,aborted,aborted,True,32,measured
conformance-20260723T020659Z,20260730,8,record_deletion,aborted,aborted,True,32,measured
conformance-20260723T020659Z,20260730,8,record_insertion,aborted,aborted,True,32,measured
conformance-20260723T020659Z,20260730,8,storage_reordering,accepted,accepted,True,32,measured
conformance-20260723T020659Z,20260730,8,counter_field_swap,aborted,aborted,True,32,measured
conformance-20260723T020659Z,20260731,9,consistent_set,accepted,accepted,True,32,measured
conformance-20260723T020659Z,20260731,9,payload_modification,aborted,aborted,True,32,measured
conformance-20260723T020659Z,20260731,9,record_deletion,aborted,aborted,True,32,measured
conformance-20260723T020659Z,20260731,9,record_insertion,aborted,aborted,True,32,measured
conformance-20260723T020659Z,20260731,9,storage_reordering,accepted,accepted,True,32,measured
conformance-20260723T020659Z,20260731,9,counter_field_swap,aborted,aborted,True,32,measured
conformance-20260723T020659Z,20260732,10,consistent_set,accepted,accepted,True,32,measured
conformance-20260723T020659Z,20260732,10,payload_modification,aborted,aborted,True,32,measured
conformance-20260723T020659Z,20260732,10,record_deletion,aborted,aborted,True,32,measured
conformance-20260723T020659Z,20260732,10,record_insertion,aborted,aborted,True,32,measured
conformance-20260723T020659Z,20260732,10,storage_reordering,accepted,accepted,True,32,measured
conformance-20260723T020659Z,20260732,10,counter_field_swap,aborted,aborted,True,32,measured
conformance-20260723T020659Z,20260733,11,consistent_set,accepted,accepted,True,32,measured
conformance-20260723T020659Z,20260733,11,payload_modification,aborted,aborted,True,32,measured
conformance-20260723T020659Z,20260733,11,record_deletion,aborted,aborted,True,32,measured
conformance-20260723T020659Z,20260733,11,record_insertion,aborted,aborted,True,32,measured
conformance-20260723T020659Z,20260733,11,storage_reordering,accepted,accepted,True,32,measured
conformance-20260723T020659Z,20260733,11,counter_field_swap,aborted,aborted,True,32,measured
conformance-20260723T020659Z,20260734,12,consistent_set,accepted,accepted,True,32,measured
conformance-20260723T020659Z,20260734,12,payload_modification,aborted,aborted,True,32,measured
conformance-20260723T020659Z,20260734,12,record_deletion,aborted,aborted,True,32,measured
conformance-20260723T020659Z,20260734,12,record_insertion,aborted,aborted,True,32,measured
conformance-20260723T020659Z,20260734,12,storage_reordering,accepted,accepted,True,32,measured
conformance-20260723T020659Z,20260734,12,counter_field_swap,aborted,aborted,True,32,measured
conformance-20260723T020659Z,20260735,13,consistent_set,accepted,accepted,True,32,measured
conformance-20260723T020659Z,20260735,13,payload_modification,aborted,aborted,True,32,measured
conformance-20260723T020659Z,20260735,13,record_deletion,aborted,aborted,True,32,measured
conformance-20260723T020659Z,20260735,13,record_insertion,aborted,aborted,True,32,measured
conformance-20260723T020659Z,20260735,13,storage_reordering,accepted,accepted,True,32,measured
conformance-20260723T020659Z,20260735,13,counter_field_swap,aborted,aborted,True,32,measured
conformance-20260723T020659Z,20260736,14,consistent_set,accepted,accepted,True,32,measured
conformance-20260723T020659Z,20260736,14,payload_modification,aborted,aborted,True,32,measured
conformance-20260723T020659Z,20260736,14,record_deletion,aborted,aborted,True,32,measured
conformance-20260723T020659Z,20260736,14,record_insertion,aborted,aborted,True,32,measured
conformance-20260723T020659Z,20260736,14,storage_reordering,accepted,accepted,True,32,measured
conformance-20260723T020659Z,20260736,14,counter_field_swap,aborted,aborted,True,32,measured
conformance-20260723T020659Z,20260737,15,consistent_set,accepted,accepted,True,32,measured
conformance-20260723T020659Z,20260737,15,payload_modification,aborted,aborted,True,32,measured
conformance-20260723T020659Z,20260737,15,record_deletion,aborted,aborted,True,32,measured
conformance-20260723T020659Z,20260737,15,record_insertion,aborted,aborted,True,32,measured
conformance-20260723T020659Z,20260737,15,storage_reordering,accepted,accepted,True,32,measured
conformance-20260723T020659Z,20260737,15,counter_field_swap,aborted,aborted,True,32,measured
conformance-20260723T020659Z,20260738,16,consistent_set,accepted,accepted,True,32,measured
conformance-20260723T020659Z,20260738,16,payload_modification,aborted,aborted,True,32,measured
conformance-20260723T020659Z,20260738,16,record_deletion,aborted,aborted,True,32,measured
conformance-20260723T020659Z,20260738,16,record_insertion,aborted,aborted,True,32,measured
conformance-20260723T020659Z,20260738,16,storage_reordering,accepted,accepted,True,32,measured
conformance-20260723T020659Z,20260738,16,counter_field_swap,aborted,aborted,True,32,measured
conformance-20260723T020659Z,20260739,17,consistent_set,accepted,accepted,True,32,measured
conformance-20260723T020659Z,20260739,17,payload_modification,aborted,aborted,True,32,measured
conformance-20260723T020659Z,20260739,17,record_deletion,aborted,aborted,True,32,measured
conformance-20260723T020659Z,20260739,17,record_insertion,aborted,aborted,True,32,measured
conformance-20260723T020659Z,20260739,17,storage_reordering,accepted,accepted,True,32,measured
conformance-20260723T020659Z,20260739,17,counter_field_swap,aborted,aborted,True,32,measured
conformance-20260723T020659Z,20260740,18,consistent_set,accepted,accepted,True,32,measured
conformance-20260723T020659Z,20260740,18,payload_modification,aborted,aborted,True,32,measured
conformance-20260723T020659Z,20260740,18,record_deletion,aborted,aborted,True,32,measured
conformance-20260723T020659Z,20260740,18,record_insertion,aborted,aborted,True,32,measured
conformance-20260723T020659Z,20260740,18,storage_reordering,accepted,accepted,True,32,measured
conformance-20260723T020659Z,20260740,18,counter_field_swap,aborted,aborted,True,32,measured
conformance-20260723T020659Z,20260741,19,consistent_set,accepted,accepted,True,32,measured
conformance-20260723T020659Z,20260741,19,payload_modification,aborted,aborted,True,32,measured
conformance-20260723T020659Z,20260741,19,record_deletion,aborted,aborted,True,32,measured
conformance-20260723T020659Z,20260741,19,record_insertion,aborted,aborted,True,32,measured
conformance-20260723T020659Z,20260741,19,storage_reordering,accepted,accepted,True,32,measured
conformance-20260723T020659Z,20260741,19,counter_field_swap,aborted,aborted,True,32,measured
conformance-20260723T020659Z,20260742,20,consistent_set,accepted,accepted,True,32,measured
conformance-20260723T020659Z,20260742,20,payload_modification,aborted,aborted,True,32,measured
conformance-20260723T020659Z,20260742,20,record_deletion,aborted,aborted,True,32,measured
conformance-20260723T020659Z,20260742,20,record_insertion,aborted,aborted,True,32,measured
conformance-20260723T020659Z,20260742,20,storage_reordering,accepted,accepted,True,32,measured
conformance-20260723T020659Z,20260742,20,counter_field_swap,aborted,aborted,True,32,measured
conformance-20260723T020659Z,20260743,21,consistent_set,accepted,accepted,True,32,measured
conformance-20260723T020659Z,20260743,21,payload_modification,aborted,aborted,True,32,measured
conformance-20260723T020659Z,20260743,21,record_deletion,aborted,aborted,True,32,measured
conformance-20260723T020659Z,20260743,21,record_insertion,aborted,aborted,True,32,measured
conformance-20260723T020659Z,20260743,21,storage_reordering,accepted,accepted,True,32,measured
conformance-20260723T020659Z,20260743,21,counter_field_swap,aborted,aborted,True,32,measured
conformance-20260723T020659Z,20260744,22,consistent_set,accepted,accepted,True,32,measured
conformance-20260723T020659Z,20260744,22,payload_modification,aborted,aborted,True,32,measured
conformance-20260723T020659Z,20260744,22,record_deletion,aborted,aborted,True,32,measured
conformance-20260723T020659Z,20260744,22,record_insertion,aborted,aborted,True,32,measured
conformance-20260723T020659Z,20260744,22,storage_reordering,accepted,accepted,True,32,measured
conformance-20260723T020659Z,20260744,22,counter_field_swap,aborted,aborted,True,32,measured
conformance-20260723T020659Z,20260745,23,consistent_set,accepted,accepted,True,32,measured
conformance-20260723T020659Z,20260745,23,payload_modification,aborted,aborted,True,32,measured
conformance-20260723T020659Z,20260745,23,record_deletion,aborted,aborted,True,32,measured
conformance-20260723T020659Z,20260745,23,record_insertion,aborted,aborted,True,32,measured
conformance-20260723T020659Z,20260745,23,storage_reordering,accepted,accepted,True,32,measured
conformance-20260723T020659Z,20260745,23,counter_field_swap,aborted,aborted,True,32,measured
conformance-20260723T020659Z,20260746,24,consistent_set,accepted,accepted,True,32,measured
conformance-20260723T020659Z,20260746,24,payload_modification,aborted,aborted,True,32,measured
conformance-20260723T020659Z,20260746,24,record_deletion,aborted,aborted,True,32,measured
conformance-20260723T020659Z,20260746,24,record_insertion,aborted,aborted,True,32,measured
conformance-20260723T020659Z,20260746,24,storage_reordering,accepted,accepted,True,32,measured
conformance-20260723T020659Z,20260746,24,counter_field_swap,aborted,aborted,True,32,measured
conformance-20260723T020659Z,20260747,25,consistent_set,accepted,accepted,True,32,measured
conformance-20260723T020659Z,20260747,25,payload_modification,aborted,aborted,True,32,measured
conformance-20260723T020659Z,20260747,25,record_deletion,aborted,aborted,True,32,measured
conformance-20260723T020659Z,20260747,25,record_insertion,aborted,aborted,True,32,measured
conformance-20260723T020659Z,20260747,25,storage_reordering,accepted,accepted,True,32,measured
conformance-20260723T020659Z,20260747,25,counter_field_swap,aborted,aborted,True,32,measured
conformance-20260723T020659Z,20260748,26,consistent_set,accepted,accepted,True,32,measured
conformance-20260723T020659Z,20260748,26,payload_modification,aborted,aborted,True,32,measured
conformance-20260723T020659Z,20260748,26,record_deletion,aborted,aborted,True,32,measured
conformance-20260723T020659Z,20260748,26,record_insertion,aborted,aborted,True,32,measured
conformance-20260723T020659Z,20260748,26,storage_reordering,accepted,accepted,True,32,measured
conformance-20260723T020659Z,20260748,26,counter_field_swap,aborted,aborted,True,32,measured
conformance-20260723T020659Z,20260749,27,consistent_set,accepted,accepted,True,32,measured
conformance-20260723T020659Z,20260749,27,payload_modification,aborted,aborted,True,32,measured
conformance-20260723T020659Z,20260749,27,record_deletion,aborted,aborted,True,32,measured
conformance-20260723T020659Z,20260749,27,record_insertion,aborted,aborted,True,32,measured
conformance-20260723T020659Z,20260749,27,storage_reordering,accepted,accepted,True,32,measured
conformance-20260723T020659Z,20260749,27,counter_field_swap,aborted,aborted,True,32,measured
conformance-20260723T020659Z,20260750,28,consistent_set,accepted,accepted,True,32,measured
conformance-20260723T020659Z,20260750,28,payload_modification,aborted,aborted,True,32,measured
conformance-20260723T020659Z,20260750,28,record_deletion,aborted,aborted,True,32,measured
conformance-20260723T020659Z,20260750,28,record_insertion,aborted,aborted,True,32,measured
conformance-20260723T020659Z,20260750,28,storage_reordering,accepted,accepted,True,32,measured
conformance-20260723T020659Z,20260750,28,counter_field_swap,aborted,aborted,True,32,measured
conformance-20260723T020659Z,20260751,29,consistent_set,accepted,accepted,True,32,measured
conformance-20260723T020659Z,20260751,29,payload_modification,aborted,aborted,True,32,measured
conformance-20260723T020659Z,20260751,29,record_deletion,aborted,aborted,True,32,measured
conformance-20260723T020659Z,20260751,29,record_insertion,aborted,aborted,True,32,measured
conformance-20260723T020659Z,20260751,29,storage_reordering,accepted,accepted,True,32,measured
conformance-20260723T020659Z,20260751,29,counter_field_swap,aborted,aborted,True,32,measured
conformance-20260723T020659Z,20260752,30,consistent_set,accepted,accepted,True,32,measured
conformance-20260723T020659Z,20260752,30,payload_modification,aborted,aborted,True,32,measured
conformance-20260723T020659Z,20260752,30,record_deletion,aborted,aborted,True,32,measured
conformance-20260723T020659Z,20260752,30,record_insertion,aborted,aborted,True,32,measured
conformance-20260723T020659Z,20260752,30,storage_reordering,accepted,accepted,True,32,measured
conformance-20260723T020659Z,20260752,30,counter_field_swap,aborted,aborted,True,32,measured
conformance-20260723T020659Z,20260753,31,consistent_set,accepted,accepted,True,32,measured
conformance-20260723T020659Z,20260753,31,payload_modification,aborted,aborted,True,32,measured
conformance-20260723T020659Z,20260753,31,record_deletion,aborted,aborted,True,32,measured
conformance-20260723T020659Z,20260753,31,record_insertion,aborted,aborted,True,32,measured
conformance-20260723T020659Z,20260753,31,storage_reordering,accepted,accepted,True,32,measured
conformance-20260723T020659Z,20260753,31,counter_field_swap,aborted,aborted,True,32,measured
conformance-20260723T020659Z,20260754,32,consistent_set,accepted,accepted,True,32,measured
conformance-20260723T020659Z,20260754,32,payload_modification,aborted,aborted,True,32,measured
conformance-20260723T020659Z,20260754,32,record_deletion,aborted,aborted,True,32,measured
conformance-20260723T020659Z,20260754,32,record_insertion,aborted,aborted,True,32,measured
conformance-20260723T020659Z,20260754,32,storage_reordering,accepted,accepted,True,32,measured
conformance-20260723T020659Z,20260754,32,counter_field_swap,aborted,aborted,True,32,measured
conformance-20260723T020659Z,20260755,33,consistent_set,accepted,accepted,True,32,measured
conformance-20260723T020659Z,20260755,33,payload_modification,aborted,aborted,True,32,measured
conformance-20260723T020659Z,20260755,33,record_deletion,aborted,aborted,True,32,measured
conformance-20260723T020659Z,20260755,33,record_insertion,aborted,aborted,True,32,measured
conformance-20260723T020659Z,20260755,33,storage_reordering,accepted,accepted,True,32,measured
conformance-20260723T020659Z,20260755,33,counter_field_swap,aborted,aborted,True,32,measured
conformance-20260723T020659Z,20260756,34,consistent_set,accepted,accepted,True,32,measured
conformance-20260723T020659Z,20260756,34,payload_modification,aborted,aborted,True,32,measured
conformance-20260723T020659Z,20260756,34,record_deletion,aborted,aborted,True,32,measured
conformance-20260723T020659Z,20260756,34,record_insertion,aborted,aborted,True,32,measured
conformance-20260723T020659Z,20260756,34,storage_reordering,accepted,accepted,True,32,measured
conformance-20260723T020659Z,20260756,34,counter_field_swap,aborted,aborted,True,32,measured
conformance-20260723T020659Z,20260757,35,consistent_set,accepted,accepted,True,32,measured
conformance-20260723T020659Z,20260757,35,payload_modification,aborted,aborted,True,32,measured
conformance-20260723T020659Z,20260757,35,record_deletion,aborted,aborted,True,32,measured
conformance-20260723T020659Z,20260757,35,record_insertion,aborted,aborted,True,32,measured
conformance-20260723T020659Z,20260757,35,storage_reordering,accepted,accepted,True,32,measured
conformance-20260723T020659Z,20260757,35,counter_field_swap,aborted,aborted,True,32,measured
conformance-20260723T020659Z,20260758,36,consistent_set,accepted,accepted,True,32,measured
conformance-20260723T020659Z,20260758,36,payload_modification,aborted,aborted,True,32,measured
conformance-20260723T020659Z,20260758,36,record_deletion,aborted,aborted,True,32,measured
conformance-20260723T020659Z,20260758,36,record_insertion,aborted,aborted,True,32,measured
conformance-20260723T020659Z,20260758,36,storage_reordering,accepted,accepted,True,32,measured
conformance-20260723T020659Z,20260758,36,counter_field_swap,aborted,aborted,True,32,measured
conformance-20260723T020659Z,20260759,37,consistent_set,accepted,accepted,True,32,measured
conformance-20260723T020659Z,20260759,37,payload_modification,aborted,aborted,True,32,measured
conformance-20260723T020659Z,20260759,37,record_deletion,aborted,aborted,True,32,measured
conformance-20260723T020659Z,20260759,37,record_insertion,aborted,aborted,True,32,measured
conformance-20260723T020659Z,20260759,37,storage_reordering,accepted,accepted,True,32,measured
conformance-20260723T020659Z,20260759,37,counter_field_swap,aborted,aborted,True,32,measured
conformance-20260723T020659Z,20260760,38,consistent_set,accepted,accepted,True,32,measured
conformance-20260723T020659Z,20260760,38,payload_modification,aborted,aborted,True,32,measured
conformance-20260723T020659Z,20260760,38,record_deletion,aborted,aborted,True,32,measured
conformance-20260723T020659Z,20260760,38,record_insertion,aborted,aborted,True,32,measured
conformance-20260723T020659Z,20260760,38,storage_reordering,accepted,accepted,True,32,measured
conformance-20260723T020659Z,20260760,38,counter_field_swap,aborted,aborted,True,32,measured
conformance-20260723T020659Z,20260761,39,consistent_set,accepted,accepted,True,32,measured
conformance-20260723T020659Z,20260761,39,payload_modification,aborted,aborted,True,32,measured
conformance-20260723T020659Z,20260761,39,record_deletion,aborted,aborted,True,32,measured
conformance-20260723T020659Z,20260761,39,record_insertion,aborted,aborted,True,32,measured
conformance-20260723T020659Z,20260761,39,storage_reordering,accepted,accepted,True,32,measured
conformance-20260723T020659Z,20260761,39,counter_field_swap,aborted,aborted,True,32,measured
conformance-20260723T020659Z,20260762,40,consistent_set,accepted,accepted,True,32,measured
conformance-20260723T020659Z,20260762,40,payload_modification,aborted,aborted,True,32,measured
conformance-20260723T020659Z,20260762,40,record_deletion,aborted,aborted,True,32,measured
conformance-20260723T020659Z,20260762,40,record_insertion,aborted,aborted,True,32,measured
conformance-20260723T020659Z,20260762,40,storage_reordering,accepted,accepted,True,32,measured
conformance-20260723T020659Z,20260762,40,counter_field_swap,aborted,aborted,True,32,measured
conformance-20260723T020659Z,20260763,41,consistent_set,accepted,accepted,True,32,measured
conformance-20260723T020659Z,20260763,41,payload_modification,aborted,aborted,True,32,measured
conformance-20260723T020659Z,20260763,41,record_deletion,aborted,aborted,True,32,measured
conformance-20260723T020659Z,20260763,41,record_insertion,aborted,aborted,True,32,measured
conformance-20260723T020659Z,20260763,41,storage_reordering,accepted,accepted,True,32,measured
conformance-20260723T020659Z,20260763,41,counter_field_swap,aborted,aborted,True,32,measured
conformance-20260723T020659Z,20260764,42,consistent_set,accepted,accepted,True,32,measured
conformance-20260723T020659Z,20260764,42,payload_modification,aborted,aborted,True,32,measured
conformance-20260723T020659Z,20260764,42,record_deletion,aborted,aborted,True,32,measured
conformance-20260723T020659Z,20260764,42,record_insertion,aborted,aborted,True,32,measured
conformance-20260723T020659Z,20260764,42,storage_reordering,accepted,accepted,True,32,measured
conformance-20260723T020659Z,20260764,42,counter_field_swap,aborted,aborted,True,32,measured
conformance-20260723T020659Z,20260765,43,consistent_set,accepted,accepted,True,32,measured
conformance-20260723T020659Z,20260765,43,payload_modification,aborted,aborted,True,32,measured
conformance-20260723T020659Z,20260765,43,record_deletion,aborted,aborted,True,32,measured
conformance-20260723T020659Z,20260765,43,record_insertion,aborted,aborted,True,32,measured
conformance-20260723T020659Z,20260765,43,storage_reordering,accepted,accepted,True,32,measured
conformance-20260723T020659Z,20260765,43,counter_field_swap,aborted,aborted,True,32,measured
conformance-20260723T020659Z,20260766,44,consistent_set,accepted,accepted,True,32,measured
conformance-20260723T020659Z,20260766,44,payload_modification,aborted,aborted,True,32,measured
conformance-20260723T020659Z,20260766,44,record_deletion,aborted,aborted,True,32,measured
conformance-20260723T020659Z,20260766,44,record_insertion,aborted,aborted,True,32,measured
conformance-20260723T020659Z,20260766,44,storage_reordering,accepted,accepted,True,32,measured
conformance-20260723T020659Z,20260766,44,counter_field_swap,aborted,aborted,True,32,measured
conformance-20260723T020659Z,20260767,45,consistent_set,accepted,accepted,True,32,measured
conformance-20260723T020659Z,20260767,45,payload_modification,aborted,aborted,True,32,measured
conformance-20260723T020659Z,20260767,45,record_deletion,aborted,aborted,True,32,measured
conformance-20260723T020659Z,20260767,45,record_insertion,aborted,aborted,True,32,measured
conformance-20260723T020659Z,20260767,45,storage_reordering,accepted,accepted,True,32,measured
conformance-20260723T020659Z,20260767,45,counter_field_swap,aborted,aborted,True,32,measured
conformance-20260723T020659Z,20260768,46,consistent_set,accepted,accepted,True,32,measured
conformance-20260723T020659Z,20260768,46,payload_modification,aborted,aborted,True,32,measured
conformance-20260723T020659Z,20260768,46,record_deletion,aborted,aborted,True,32,measured
conformance-20260723T020659Z,20260768,46,record_insertion,aborted,aborted,True,32,measured
conformance-20260723T020659Z,20260768,46,storage_reordering,accepted,accepted,True,32,measured
conformance-20260723T020659Z,20260768,46,counter_field_swap,aborted,aborted,True,32,measured
conformance-20260723T020659Z,20260769,47,consistent_set,accepted,accepted,True,32,measured
conformance-20260723T020659Z,20260769,47,payload_modification,aborted,aborted,True,32,measured
conformance-20260723T020659Z,20260769,47,record_deletion,aborted,aborted,True,32,measured
conformance-20260723T020659Z,20260769,47,record_insertion,aborted,aborted,True,32,measured
conformance-20260723T020659Z,20260769,47,storage_reordering,accepted,accepted,True,32,measured
conformance-20260723T020659Z,20260769,47,counter_field_swap,aborted,aborted,True,32,measured
conformance-20260723T020659Z,20260770,48,consistent_set,accepted,accepted,True,32,measured
conformance-20260723T020659Z,20260770,48,payload_modification,aborted,aborted,True,32,measured
conformance-20260723T020659Z,20260770,48,record_deletion,aborted,aborted,True,32,measured
conformance-20260723T020659Z,20260770,48,record_insertion,aborted,aborted,True,32,measured
conformance-20260723T020659Z,20260770,48,storage_reordering,accepted,accepted,True,32,measured
conformance-20260723T020659Z,20260770,48,counter_field_swap,aborted,aborted,True,32,measured
conformance-20260723T020659Z,20260771,49,consistent_set,accepted,accepted,True,32,measured
conformance-20260723T020659Z,20260771,49,payload_modification,aborted,aborted,True,32,measured
conformance-20260723T020659Z,20260771,49,record_deletion,aborted,aborted,True,32,measured
conformance-20260723T020659Z,20260771,49,record_insertion,aborted,aborted,True,32,measured
conformance-20260723T020659Z,20260771,49,storage_reordering,accepted,accepted,True,32,measured
conformance-20260723T020659Z,20260771,49,counter_field_swap,aborted,aborted,True,32,measured
conformance-20260723T020659Z,20260772,50,consistent_set,accepted,accepted,True,32,measured
conformance-20260723T020659Z,20260772,50,payload_modification,aborted,aborted,True,32,measured
conformance-20260723T020659Z,20260772,50,record_deletion,aborted,aborted,True,32,measured
conformance-20260723T020659Z,20260772,50,record_insertion,aborted,aborted,True,32,measured
conformance-20260723T020659Z,20260772,50,storage_reordering,accepted,accepted,True,32,measured
conformance-20260723T020659Z,20260772,50,counter_field_swap,aborted,aborted,True,32,measured
conformance-20260723T020659Z,20260773,51,consistent_set,accepted,accepted,True,32,measured
conformance-20260723T020659Z,20260773,51,payload_modification,aborted,aborted,True,32,measured
conformance-20260723T020659Z,20260773,51,record_deletion,aborted,aborted,True,32,measured
conformance-20260723T020659Z,20260773,51,record_insertion,aborted,aborted,True,32,measured
conformance-20260723T020659Z,20260773,51,storage_reordering,accepted,accepted,True,32,measured
conformance-20260723T020659Z,20260773,51,counter_field_swap,aborted,aborted,True,32,measured
conformance-20260723T020659Z,20260774,52,consistent_set,accepted,accepted,True,32,measured
conformance-20260723T020659Z,20260774,52,payload_modification,aborted,aborted,True,32,measured
conformance-20260723T020659Z,20260774,52,record_deletion,aborted,aborted,True,32,measured
conformance-20260723T020659Z,20260774,52,record_insertion,aborted,aborted,True,32,measured
conformance-20260723T020659Z,20260774,52,storage_reordering,accepted,accepted,True,32,measured
conformance-20260723T020659Z,20260774,52,counter_field_swap,aborted,aborted,True,32,measured
conformance-20260723T020659Z,20260775,53,consistent_set,accepted,accepted,True,32,measured
conformance-20260723T020659Z,20260775,53,payload_modification,aborted,aborted,True,32,measured
conformance-20260723T020659Z,20260775,53,record_deletion,aborted,aborted,True,32,measured
conformance-20260723T020659Z,20260775,53,record_insertion,aborted,aborted,True,32,measured
conformance-20260723T020659Z,20260775,53,storage_reordering,accepted,accepted,True,32,measured
conformance-20260723T020659Z,20260775,53,counter_field_swap,aborted,aborted,True,32,measured
conformance-20260723T020659Z,20260776,54,consistent_set,accepted,accepted,True,32,measured
conformance-20260723T020659Z,20260776,54,payload_modification,aborted,aborted,True,32,measured
conformance-20260723T020659Z,20260776,54,record_deletion,aborted,aborted,True,32,measured
conformance-20260723T020659Z,20260776,54,record_insertion,aborted,aborted,True,32,measured
conformance-20260723T020659Z,20260776,54,storage_reordering,accepted,accepted,True,32,measured
conformance-20260723T020659Z,20260776,54,counter_field_swap,aborted,aborted,True,32,measured
conformance-20260723T020659Z,20260777,55,consistent_set,accepted,accepted,True,32,measured
conformance-20260723T020659Z,20260777,55,payload_modification,aborted,aborted,True,32,measured
conformance-20260723T020659Z,20260777,55,record_deletion,aborted,aborted,True,32,measured
conformance-20260723T020659Z,20260777,55,record_insertion,aborted,aborted,True,32,measured
conformance-20260723T020659Z,20260777,55,storage_reordering,accepted,accepted,True,32,measured
conformance-20260723T020659Z,20260777,55,counter_field_swap,aborted,aborted,True,32,measured
conformance-20260723T020659Z,20260778,56,consistent_set,accepted,accepted,True,32,measured
conformance-20260723T020659Z,20260778,56,payload_modification,aborted,aborted,True,32,measured
conformance-20260723T020659Z,20260778,56,record_deletion,aborted,aborted,True,32,measured
conformance-20260723T020659Z,20260778,56,record_insertion,aborted,aborted,True,32,measured
conformance-20260723T020659Z,20260778,56,storage_reordering,accepted,accepted,True,32,measured
conformance-20260723T020659Z,20260778,56,counter_field_swap,aborted,aborted,True,32,measured
conformance-20260723T020659Z,20260779,57,consistent_set,accepted,accepted,True,32,measured
conformance-20260723T020659Z,20260779,57,payload_modification,aborted,aborted,True,32,measured
conformance-20260723T020659Z,20260779,57,record_deletion,aborted,aborted,True,32,measured
conformance-20260723T020659Z,20260779,57,record_insertion,aborted,aborted,True,32,measured
conformance-20260723T020659Z,20260779,57,storage_reordering,accepted,accepted,True,32,measured
conformance-20260723T020659Z,20260779,57,counter_field_swap,aborted,aborted,True,32,measured
conformance-20260723T020659Z,20260780,58,consistent_set,accepted,accepted,True,32,measured
conformance-20260723T020659Z,20260780,58,payload_modification,aborted,aborted,True,32,measured
conformance-20260723T020659Z,20260780,58,record_deletion,aborted,aborted,True,32,measured
conformance-20260723T020659Z,20260780,58,record_insertion,aborted,aborted,True,32,measured
conformance-20260723T020659Z,20260780,58,storage_reordering,accepted,accepted,True,32,measured
conformance-20260723T020659Z,20260780,58,counter_field_swap,aborted,aborted,True,32,measured
conformance-20260723T020659Z,20260781,59,consistent_set,accepted,accepted,True,32,measured
conformance-20260723T020659Z,20260781,59,payload_modification,aborted,aborted,True,32,measured
conformance-20260723T020659Z,20260781,59,record_deletion,aborted,aborted,True,32,measured
conformance-20260723T020659Z,20260781,59,record_insertion,aborted,aborted,True,32,measured
conformance-20260723T020659Z,20260781,59,storage_reordering,accepted,accepted,True,32,measured
conformance-20260723T020659Z,20260781,59,counter_field_swap,aborted,aborted,True,32,measured
conformance-20260723T020659Z,20260782,60,consistent_set,accepted,accepted,True,32,measured
conformance-20260723T020659Z,20260782,60,payload_modification,aborted,aborted,True,32,measured
conformance-20260723T020659Z,20260782,60,record_deletion,aborted,aborted,True,32,measured
conformance-20260723T020659Z,20260782,60,record_insertion,aborted,aborted,True,32,measured
conformance-20260723T020659Z,20260782,60,storage_reordering,accepted,accepted,True,32,measured
conformance-20260723T020659Z,20260782,60,counter_field_swap,aborted,aborted,True,32,measured
conformance-20260723T020659Z,20260783,61,consistent_set,accepted,accepted,True,32,measured
conformance-20260723T020659Z,20260783,61,payload_modification,aborted,aborted,True,32,measured
conformance-20260723T020659Z,20260783,61,record_deletion,aborted,aborted,True,32,measured
conformance-20260723T020659Z,20260783,61,record_insertion,aborted,aborted,True,32,measured
conformance-20260723T020659Z,20260783,61,storage_reordering,accepted,accepted,True,32,measured
conformance-20260723T020659Z,20260783,61,counter_field_swap,aborted,aborted,True,32,measured
conformance-20260723T020659Z,20260784,62,consistent_set,accepted,accepted,True,32,measured
conformance-20260723T020659Z,20260784,62,payload_modification,aborted,aborted,True,32,measured
conformance-20260723T020659Z,20260784,62,record_deletion,aborted,aborted,True,32,measured
conformance-20260723T020659Z,20260784,62,record_insertion,aborted,aborted,True,32,measured
conformance-20260723T020659Z,20260784,62,storage_reordering,accepted,accepted,True,32,measured
conformance-20260723T020659Z,20260784,62,counter_field_swap,aborted,aborted,True,32,measured
conformance-20260723T020659Z,20260785,63,consistent_set,accepted,accepted,True,32,measured
conformance-20260723T020659Z,20260785,63,payload_modification,aborted,aborted,True,32,measured
conformance-20260723T020659Z,20260785,63,record_deletion,aborted,aborted,True,32,measured
conformance-20260723T020659Z,20260785,63,record_insertion,aborted,aborted,True,32,measured
conformance-20260723T020659Z,20260785,63,storage_reordering,accepted,accepted,True,32,measured
conformance-20260723T020659Z,20260785,63,counter_field_swap,aborted,aborted,True,32,measured
conformance-20260723T020659Z,20260786,64,consistent_set,accepted,accepted,True,32,measured
conformance-20260723T020659Z,20260786,64,payload_modification,aborted,aborted,True,32,measured
conformance-20260723T020659Z,20260786,64,record_deletion,aborted,aborted,True,32,measured
conformance-20260723T020659Z,20260786,64,record_insertion,aborted,aborted,True,32,measured
conformance-20260723T020659Z,20260786,64,storage_reordering,accepted,accepted,True,32,measured
conformance-20260723T020659Z,20260786,64,counter_field_swap,aborted,aborted,True,32,measured
conformance-20260723T020659Z,20260787,65,consistent_set,accepted,accepted,True,32,measured
conformance-20260723T020659Z,20260787,65,payload_modification,aborted,aborted,True,32,measured
conformance-20260723T020659Z,20260787,65,record_deletion,aborted,aborted,True,32,measured
conformance-20260723T020659Z,20260787,65,record_insertion,aborted,aborted,True,32,measured
conformance-20260723T020659Z,20260787,65,storage_reordering,accepted,accepted,True,32,measured
conformance-20260723T020659Z,20260787,65,counter_field_swap,aborted,aborted,True,32,measured
conformance-20260723T020659Z,20260788,66,consistent_set,accepted,accepted,True,32,measured
conformance-20260723T020659Z,20260788,66,payload_modification,aborted,aborted,True,32,measured
conformance-20260723T020659Z,20260788,66,record_deletion,aborted,aborted,True,32,measured
conformance-20260723T020659Z,20260788,66,record_insertion,aborted,aborted,True,32,measured
conformance-20260723T020659Z,20260788,66,storage_reordering,accepted,accepted,True,32,measured
conformance-20260723T020659Z,20260788,66,counter_field_swap,aborted,aborted,True,32,measured
conformance-20260723T020659Z,20260789,67,consistent_set,accepted,accepted,True,32,measured
conformance-20260723T020659Z,20260789,67,payload_modification,aborted,aborted,True,32,measured
conformance-20260723T020659Z,20260789,67,record_deletion,aborted,aborted,True,32,measured
conformance-20260723T020659Z,20260789,67,record_insertion,aborted,aborted,True,32,measured
conformance-20260723T020659Z,20260789,67,storage_reordering,accepted,accepted,True,32,measured
conformance-20260723T020659Z,20260789,67,counter_field_swap,aborted,aborted,True,32,measured
conformance-20260723T020659Z,20260790,68,consistent_set,accepted,accepted,True,32,measured
conformance-20260723T020659Z,20260790,68,payload_modification,aborted,aborted,True,32,measured
conformance-20260723T020659Z,20260790,68,record_deletion,aborted,aborted,True,32,measured
conformance-20260723T020659Z,20260790,68,record_insertion,aborted,aborted,True,32,measured
conformance-20260723T020659Z,20260790,68,storage_reordering,accepted,accepted,True,32,measured
conformance-20260723T020659Z,20260790,68,counter_field_swap,aborted,aborted,True,32,measured
conformance-20260723T020659Z,20260791,69,consistent_set,accepted,accepted,True,32,measured
conformance-20260723T020659Z,20260791,69,payload_modification,aborted,aborted,True,32,measured
conformance-20260723T020659Z,20260791,69,record_deletion,aborted,aborted,True,32,measured
conformance-20260723T020659Z,20260791,69,record_insertion,aborted,aborted,True,32,measured
conformance-20260723T020659Z,20260791,69,storage_reordering,accepted,accepted,True,32,measured
conformance-20260723T020659Z,20260791,69,counter_field_swap,aborted,aborted,True,32,measured
conformance-20260723T020659Z,20260792,70,consistent_set,accepted,accepted,True,32,measured
conformance-20260723T020659Z,20260792,70,payload_modification,aborted,aborted,True,32,measured
conformance-20260723T020659Z,20260792,70,record_deletion,aborted,aborted,True,32,measured
conformance-20260723T020659Z,20260792,70,record_insertion,aborted,aborted,True,32,measured
conformance-20260723T020659Z,20260792,70,storage_reordering,accepted,accepted,True,32,measured
conformance-20260723T020659Z,20260792,70,counter_field_swap,aborted,aborted,True,32,measured
conformance-20260723T020659Z,20260793,71,consistent_set,accepted,accepted,True,32,measured
conformance-20260723T020659Z,20260793,71,payload_modification,aborted,aborted,True,32,measured
conformance-20260723T020659Z,20260793,71,record_deletion,aborted,aborted,True,32,measured
conformance-20260723T020659Z,20260793,71,record_insertion,aborted,aborted,True,32,measured
conformance-20260723T020659Z,20260793,71,storage_reordering,accepted,accepted,True,32,measured
conformance-20260723T020659Z,20260793,71,counter_field_swap,aborted,aborted,True,32,measured
conformance-20260723T020659Z,20260794,72,consistent_set,accepted,accepted,True,32,measured
conformance-20260723T020659Z,20260794,72,payload_modification,aborted,aborted,True,32,measured
conformance-20260723T020659Z,20260794,72,record_deletion,aborted,aborted,True,32,measured
conformance-20260723T020659Z,20260794,72,record_insertion,aborted,aborted,True,32,measured
conformance-20260723T020659Z,20260794,72,storage_reordering,accepted,accepted,True,32,measured
conformance-20260723T020659Z,20260794,72,counter_field_swap,aborted,aborted,True,32,measured
conformance-20260723T020659Z,20260795,73,consistent_set,accepted,accepted,True,32,measured
conformance-20260723T020659Z,20260795,73,payload_modification,aborted,aborted,True,32,measured
conformance-20260723T020659Z,20260795,73,record_deletion,aborted,aborted,True,32,measured
conformance-20260723T020659Z,20260795,73,record_insertion,aborted,aborted,True,32,measured
conformance-20260723T020659Z,20260795,73,storage_reordering,accepted,accepted,True,32,measured
conformance-20260723T020659Z,20260795,73,counter_field_swap,aborted,aborted,True,32,measured
conformance-20260723T020659Z,20260796,74,consistent_set,accepted,accepted,True,32,measured
conformance-20260723T020659Z,20260796,74,payload_modification,aborted,aborted,True,32,measured
conformance-20260723T020659Z,20260796,74,record_deletion,aborted,aborted,True,32,measured
conformance-20260723T020659Z,20260796,74,record_insertion,aborted,aborted,True,32,measured
conformance-20260723T020659Z,20260796,74,storage_reordering,accepted,accepted,True,32,measured
conformance-20260723T020659Z,20260796,74,counter_field_swap,aborted,aborted,True,32,measured
conformance-20260723T020659Z,20260797,75,consistent_set,accepted,accepted,True,32,measured
conformance-20260723T020659Z,20260797,75,payload_modification,aborted,aborted,True,32,measured
conformance-20260723T020659Z,20260797,75,record_deletion,aborted,aborted,True,32,measured
conformance-20260723T020659Z,20260797,75,record_insertion,aborted,aborted,True,32,measured
conformance-20260723T020659Z,20260797,75,storage_reordering,accepted,accepted,True,32,measured
conformance-20260723T020659Z,20260797,75,counter_field_swap,aborted,aborted,True,32,measured
conformance-20260723T020659Z,20260798,76,consistent_set,accepted,accepted,True,32,measured
conformance-20260723T020659Z,20260798,76,payload_modification,aborted,aborted,True,32,measured
conformance-20260723T020659Z,20260798,76,record_deletion,aborted,aborted,True,32,measured
conformance-20260723T020659Z,20260798,76,record_insertion,aborted,aborted,True,32,measured
conformance-20260723T020659Z,20260798,76,storage_reordering,accepted,accepted,True,32,measured
conformance-20260723T020659Z,20260798,76,counter_field_swap,aborted,aborted,True,32,measured
conformance-20260723T020659Z,20260799,77,consistent_set,accepted,accepted,True,32,measured
conformance-20260723T020659Z,20260799,77,payload_modification,aborted,aborted,True,32,measured
conformance-20260723T020659Z,20260799,77,record_deletion,aborted,aborted,True,32,measured
conformance-20260723T020659Z,20260799,77,record_insertion,aborted,aborted,True,32,measured
conformance-20260723T020659Z,20260799,77,storage_reordering,accepted,accepted,True,32,measured
conformance-20260723T020659Z,20260799,77,counter_field_swap,aborted,aborted,True,32,measured
conformance-20260723T020659Z,20260800,78,consistent_set,accepted,accepted,True,32,measured
conformance-20260723T020659Z,20260800,78,payload_modification,aborted,aborted,True,32,measured
conformance-20260723T020659Z,20260800,78,record_deletion,aborted,aborted,True,32,measured
conformance-20260723T020659Z,20260800,78,record_insertion,aborted,aborted,True,32,measured
conformance-20260723T020659Z,20260800,78,storage_reordering,accepted,accepted,True,32,measured
conformance-20260723T020659Z,20260800,78,counter_field_swap,aborted,aborted,True,32,measured
conformance-20260723T020659Z,20260801,79,consistent_set,accepted,accepted,True,32,measured
conformance-20260723T020659Z,20260801,79,payload_modification,aborted,aborted,True,32,measured
conformance-20260723T020659Z,20260801,79,record_deletion,aborted,aborted,True,32,measured
conformance-20260723T020659Z,20260801,79,record_insertion,aborted,aborted,True,32,measured
conformance-20260723T020659Z,20260801,79,storage_reordering,accepted,accepted,True,32,measured
conformance-20260723T020659Z,20260801,79,counter_field_swap,aborted,aborted,True,32,measured
conformance-20260723T020659Z,20260802,80,consistent_set,accepted,accepted,True,32,measured
conformance-20260723T020659Z,20260802,80,payload_modification,aborted,aborted,True,32,measured
conformance-20260723T020659Z,20260802,80,record_deletion,aborted,aborted,True,32,measured
conformance-20260723T020659Z,20260802,80,record_insertion,aborted,aborted,True,32,measured
conformance-20260723T020659Z,20260802,80,storage_reordering,accepted,accepted,True,32,measured
conformance-20260723T020659Z,20260802,80,counter_field_swap,aborted,aborted,True,32,measured
conformance-20260723T020659Z,20260803,81,consistent_set,accepted,accepted,True,32,measured
conformance-20260723T020659Z,20260803,81,payload_modification,aborted,aborted,True,32,measured
conformance-20260723T020659Z,20260803,81,record_deletion,aborted,aborted,True,32,measured
conformance-20260723T020659Z,20260803,81,record_insertion,aborted,aborted,True,32,measured
conformance-20260723T020659Z,20260803,81,storage_reordering,accepted,accepted,True,32,measured
conformance-20260723T020659Z,20260803,81,counter_field_swap,aborted,aborted,True,32,measured
conformance-20260723T020659Z,20260804,82,consistent_set,accepted,accepted,True,32,measured
conformance-20260723T020659Z,20260804,82,payload_modification,aborted,aborted,True,32,measured
conformance-20260723T020659Z,20260804,82,record_deletion,aborted,aborted,True,32,measured
conformance-20260723T020659Z,20260804,82,record_insertion,aborted,aborted,True,32,measured
conformance-20260723T020659Z,20260804,82,storage_reordering,accepted,accepted,True,32,measured
conformance-20260723T020659Z,20260804,82,counter_field_swap,aborted,aborted,True,32,measured
conformance-20260723T020659Z,20260805,83,consistent_set,accepted,accepted,True,32,measured
conformance-20260723T020659Z,20260805,83,payload_modification,aborted,aborted,True,32,measured
conformance-20260723T020659Z,20260805,83,record_deletion,aborted,aborted,True,32,measured
conformance-20260723T020659Z,20260805,83,record_insertion,aborted,aborted,True,32,measured
conformance-20260723T020659Z,20260805,83,storage_reordering,accepted,accepted,True,32,measured
conformance-20260723T020659Z,20260805,83,counter_field_swap,aborted,aborted,True,32,measured
conformance-20260723T020659Z,20260806,84,consistent_set,accepted,accepted,True,32,measured
conformance-20260723T020659Z,20260806,84,payload_modification,aborted,aborted,True,32,measured
conformance-20260723T020659Z,20260806,84,record_deletion,aborted,aborted,True,32,measured
conformance-20260723T020659Z,20260806,84,record_insertion,aborted,aborted,True,32,measured
conformance-20260723T020659Z,20260806,84,storage_reordering,accepted,accepted,True,32,measured
conformance-20260723T020659Z,20260806,84,counter_field_swap,aborted,aborted,True,32,measured
conformance-20260723T020659Z,20260807,85,consistent_set,accepted,accepted,True,32,measured
conformance-20260723T020659Z,20260807,85,payload_modification,aborted,aborted,True,32,measured
conformance-20260723T020659Z,20260807,85,record_deletion,aborted,aborted,True,32,measured
conformance-20260723T020659Z,20260807,85,record_insertion,aborted,aborted,True,32,measured
conformance-20260723T020659Z,20260807,85,storage_reordering,accepted,accepted,True,32,measured
conformance-20260723T020659Z,20260807,85,counter_field_swap,aborted,aborted,True,32,measured
conformance-20260723T020659Z,20260808,86,consistent_set,accepted,accepted,True,32,measured
conformance-20260723T020659Z,20260808,86,payload_modification,aborted,aborted,True,32,measured
conformance-20260723T020659Z,20260808,86,record_deletion,aborted,aborted,True,32,measured
conformance-20260723T020659Z,20260808,86,record_insertion,aborted,aborted,True,32,measured
conformance-20260723T020659Z,20260808,86,storage_reordering,accepted,accepted,True,32,measured
conformance-20260723T020659Z,20260808,86,counter_field_swap,aborted,aborted,True,32,measured
conformance-20260723T020659Z,20260809,87,consistent_set,accepted,accepted,True,32,measured
conformance-20260723T020659Z,20260809,87,payload_modification,aborted,aborted,True,32,measured
conformance-20260723T020659Z,20260809,87,record_deletion,aborted,aborted,True,32,measured
conformance-20260723T020659Z,20260809,87,record_insertion,aborted,aborted,True,32,measured
conformance-20260723T020659Z,20260809,87,storage_reordering,accepted,accepted,True,32,measured
conformance-20260723T020659Z,20260809,87,counter_field_swap,aborted,aborted,True,32,measured
conformance-20260723T020659Z,20260810,88,consistent_set,accepted,accepted,True,32,measured
conformance-20260723T020659Z,20260810,88,payload_modification,aborted,aborted,True,32,measured
conformance-20260723T020659Z,20260810,88,record_deletion,aborted,aborted,True,32,measured
conformance-20260723T020659Z,20260810,88,record_insertion,aborted,aborted,True,32,measured
conformance-20260723T020659Z,20260810,88,storage_reordering,accepted,accepted,True,32,measured
conformance-20260723T020659Z,20260810,88,counter_field_swap,aborted,aborted,True,32,measured
conformance-20260723T020659Z,20260811,89,consistent_set,accepted,accepted,True,32,measured
conformance-20260723T020659Z,20260811,89,payload_modification,aborted,aborted,True,32,measured
conformance-20260723T020659Z,20260811,89,record_deletion,aborted,aborted,True,32,measured
conformance-20260723T020659Z,20260811,89,record_insertion,aborted,aborted,True,32,measured
conformance-20260723T020659Z,20260811,89,storage_reordering,accepted,accepted,True,32,measured
conformance-20260723T020659Z,20260811,89,counter_field_swap,aborted,aborted,True,32,measured
conformance-20260723T020659Z,20260812,90,consistent_set,accepted,accepted,True,32,measured
conformance-20260723T020659Z,20260812,90,payload_modification,aborted,aborted,True,32,measured
conformance-20260723T020659Z,20260812,90,record_deletion,aborted,aborted,True,32,measured
conformance-20260723T020659Z,20260812,90,record_insertion,aborted,aborted,True,32,measured
conformance-20260723T020659Z,20260812,90,storage_reordering,accepted,accepted,True,32,measured
conformance-20260723T020659Z,20260812,90,counter_field_swap,aborted,aborted,True,32,measured
conformance-20260723T020659Z,20260813,91,consistent_set,accepted,accepted,True,32,measured
conformance-20260723T020659Z,20260813,91,payload_modification,aborted,aborted,True,32,measured
conformance-20260723T020659Z,20260813,91,record_deletion,aborted,aborted,True,32,measured
conformance-20260723T020659Z,20260813,91,record_insertion,aborted,aborted,True,32,measured
conformance-20260723T020659Z,20260813,91,storage_reordering,accepted,accepted,True,32,measured
conformance-20260723T020659Z,20260813,91,counter_field_swap,aborted,aborted,True,32,measured
conformance-20260723T020659Z,20260814,92,consistent_set,accepted,accepted,True,32,measured
conformance-20260723T020659Z,20260814,92,payload_modification,aborted,aborted,True,32,measured
conformance-20260723T020659Z,20260814,92,record_deletion,aborted,aborted,True,32,measured
conformance-20260723T020659Z,20260814,92,record_insertion,aborted,aborted,True,32,measured
conformance-20260723T020659Z,20260814,92,storage_reordering,accepted,accepted,True,32,measured
conformance-20260723T020659Z,20260814,92,counter_field_swap,aborted,aborted,True,32,measured
conformance-20260723T020659Z,20260815,93,consistent_set,accepted,accepted,True,32,measured
conformance-20260723T020659Z,20260815,93,payload_modification,aborted,aborted,True,32,measured
conformance-20260723T020659Z,20260815,93,record_deletion,aborted,aborted,True,32,measured
conformance-20260723T020659Z,20260815,93,record_insertion,aborted,aborted,True,32,measured
conformance-20260723T020659Z,20260815,93,storage_reordering,accepted,accepted,True,32,measured
conformance-20260723T020659Z,20260815,93,counter_field_swap,aborted,aborted,True,32,measured
conformance-20260723T020659Z,20260816,94,consistent_set,accepted,accepted,True,32,measured
conformance-20260723T020659Z,20260816,94,payload_modification,aborted,aborted,True,32,measured
conformance-20260723T020659Z,20260816,94,record_deletion,aborted,aborted,True,32,measured
conformance-20260723T020659Z,20260816,94,record_insertion,aborted,aborted,True,32,measured
conformance-20260723T020659Z,20260816,94,storage_reordering,accepted,accepted,True,32,measured
conformance-20260723T020659Z,20260816,94,counter_field_swap,aborted,aborted,True,32,measured
conformance-20260723T020659Z,20260817,95,consistent_set,accepted,accepted,True,32,measured
conformance-20260723T020659Z,20260817,95,payload_modification,aborted,aborted,True,32,measured
conformance-20260723T020659Z,20260817,95,record_deletion,aborted,aborted,True,32,measured
conformance-20260723T020659Z,20260817,95,record_insertion,aborted,aborted,True,32,measured
conformance-20260723T020659Z,20260817,95,storage_reordering,accepted,accepted,True,32,measured
conformance-20260723T020659Z,20260817,95,counter_field_swap,aborted,aborted,True,32,measured
conformance-20260723T020659Z,20260818,96,consistent_set,accepted,accepted,True,32,measured
conformance-20260723T020659Z,20260818,96,payload_modification,aborted,aborted,True,32,measured
conformance-20260723T020659Z,20260818,96,record_deletion,aborted,aborted,True,32,measured
conformance-20260723T020659Z,20260818,96,record_insertion,aborted,aborted,True,32,measured
conformance-20260723T020659Z,20260818,96,storage_reordering,accepted,accepted,True,32,measured
conformance-20260723T020659Z,20260818,96,counter_field_swap,aborted,aborted,True,32,measured
conformance-20260723T020659Z,20260819,97,consistent_set,accepted,accepted,True,32,measured
conformance-20260723T020659Z,20260819,97,payload_modification,aborted,aborted,True,32,measured
conformance-20260723T020659Z,20260819,97,record_deletion,aborted,aborted,True,32,measured
conformance-20260723T020659Z,20260819,97,record_insertion,aborted,aborted,True,32,measured
conformance-20260723T020659Z,20260819,97,storage_reordering,accepted,accepted,True,32,measured
conformance-20260723T020659Z,20260819,97,counter_field_swap,aborted,aborted,True,32,measured
conformance-20260723T020659Z,20260820,98,consistent_set,accepted,accepted,True,32,measured
conformance-20260723T020659Z,20260820,98,payload_modification,aborted,aborted,True,32,measured
conformance-20260723T020659Z,20260820,98,record_deletion,aborted,aborted,True,32,measured
conformance-20260723T020659Z,20260820,98,record_insertion,aborted,aborted,True,32,measured
conformance-20260723T020659Z,20260820,98,storage_reordering,accepted,accepted,True,32,measured
conformance-20260723T020659Z,20260820,98,counter_field_swap,aborted,aborted,True,32,measured
conformance-20260723T020659Z,20260821,99,consistent_set,accepted,accepted,True,32,measured
conformance-20260723T020659Z,20260821,99,payload_modification,aborted,aborted,True,32,measured
conformance-20260723T020659Z,20260821,99,record_deletion,aborted,aborted,True,32,measured
conformance-20260723T020659Z,20260821,99,record_insertion,aborted,aborted,True,32,measured
conformance-20260723T020659Z,20260821,99,storage_reordering,accepted,accepted,True,32,measured
conformance-20260723T020659Z,20260821,99,counter_field_swap,aborted,aborted,True,32,measured
conformance-20260723T020659Z,20260822,100,consistent_set,accepted,accepted,True,32,measured
conformance-20260723T020659Z,20260822,100,payload_modification,aborted,aborted,True,32,measured
conformance-20260723T020659Z,20260822,100,record_deletion,aborted,aborted,True,32,measured
conformance-20260723T020659Z,20260822,100,record_insertion,aborted,aborted,True,32,measured
conformance-20260723T020659Z,20260822,100,storage_reordering,accepted,accepted,True,32,measured
conformance-20260723T020659Z,20260822,100,counter_field_swap,aborted,aborted,True,32,measured
conformance-20260723T020659Z,20260823,101,consistent_set,accepted,accepted,True,32,measured
conformance-20260723T020659Z,20260823,101,payload_modification,aborted,aborted,True,32,measured
conformance-20260723T020659Z,20260823,101,record_deletion,aborted,aborted,True,32,measured
conformance-20260723T020659Z,20260823,101,record_insertion,aborted,aborted,True,32,measured
conformance-20260723T020659Z,20260823,101,storage_reordering,accepted,accepted,True,32,measured
conformance-20260723T020659Z,20260823,101,counter_field_swap,aborted,aborted,True,32,measured
conformance-20260723T020659Z,20260824,102,consistent_set,accepted,accepted,True,32,measured
conformance-20260723T020659Z,20260824,102,payload_modification,aborted,aborted,True,32,measured
conformance-20260723T020659Z,20260824,102,record_deletion,aborted,aborted,True,32,measured
conformance-20260723T020659Z,20260824,102,record_insertion,aborted,aborted,True,32,measured
conformance-20260723T020659Z,20260824,102,storage_reordering,accepted,accepted,True,32,measured
conformance-20260723T020659Z,20260824,102,counter_field_swap,aborted,aborted,True,32,measured
conformance-20260723T020659Z,20260825,103,consistent_set,accepted,accepted,True,32,measured
conformance-20260723T020659Z,20260825,103,payload_modification,aborted,aborted,True,32,measured
conformance-20260723T020659Z,20260825,103,record_deletion,aborted,aborted,True,32,measured
conformance-20260723T020659Z,20260825,103,record_insertion,aborted,aborted,True,32,measured
conformance-20260723T020659Z,20260825,103,storage_reordering,accepted,accepted,True,32,measured
conformance-20260723T020659Z,20260825,103,counter_field_swap,aborted,aborted,True,32,measured
conformance-20260723T020659Z,20260826,104,consistent_set,accepted,accepted,True,32,measured
conformance-20260723T020659Z,20260826,104,payload_modification,aborted,aborted,True,32,measured
conformance-20260723T020659Z,20260826,104,record_deletion,aborted,aborted,True,32,measured
conformance-20260723T020659Z,20260826,104,record_insertion,aborted,aborted,True,32,measured
conformance-20260723T020659Z,20260826,104,storage_reordering,accepted,accepted,True,32,measured
conformance-20260723T020659Z,20260826,104,counter_field_swap,aborted,aborted,True,32,measured
conformance-20260723T020659Z,20260827,105,consistent_set,accepted,accepted,True,32,measured
conformance-20260723T020659Z,20260827,105,payload_modification,aborted,aborted,True,32,measured
conformance-20260723T020659Z,20260827,105,record_deletion,aborted,aborted,True,32,measured
conformance-20260723T020659Z,20260827,105,record_insertion,aborted,aborted,True,32,measured
conformance-20260723T020659Z,20260827,105,storage_reordering,accepted,accepted,True,32,measured
conformance-20260723T020659Z,20260827,105,counter_field_swap,aborted,aborted,True,32,measured
conformance-20260723T020659Z,20260828,106,consistent_set,accepted,accepted,True,32,measured
conformance-20260723T020659Z,20260828,106,payload_modification,aborted,aborted,True,32,measured
conformance-20260723T020659Z,20260828,106,record_deletion,aborted,aborted,True,32,measured
conformance-20260723T020659Z,20260828,106,record_insertion,aborted,aborted,True,32,measured
conformance-20260723T020659Z,20260828,106,storage_reordering,accepted,accepted,True,32,measured
conformance-20260723T020659Z,20260828,106,counter_field_swap,aborted,aborted,True,32,measured
conformance-20260723T020659Z,20260829,107,consistent_set,accepted,accepted,True,32,measured
conformance-20260723T020659Z,20260829,107,payload_modification,aborted,aborted,True,32,measured
conformance-20260723T020659Z,20260829,107,record_deletion,aborted,aborted,True,32,measured
conformance-20260723T020659Z,20260829,107,record_insertion,aborted,aborted,True,32,measured
conformance-20260723T020659Z,20260829,107,storage_reordering,accepted,accepted,True,32,measured
conformance-20260723T020659Z,20260829,107,counter_field_swap,aborted,aborted,True,32,measured
conformance-20260723T020659Z,20260830,108,consistent_set,accepted,accepted,True,32,measured
conformance-20260723T020659Z,20260830,108,payload_modification,aborted,aborted,True,32,measured
conformance-20260723T020659Z,20260830,108,record_deletion,aborted,aborted,True,32,measured
conformance-20260723T020659Z,20260830,108,record_insertion,aborted,aborted,True,32,measured
conformance-20260723T020659Z,20260830,108,storage_reordering,accepted,accepted,True,32,measured
conformance-20260723T020659Z,20260830,108,counter_field_swap,aborted,aborted,True,32,measured
conformance-20260723T020659Z,20260831,109,consistent_set,accepted,accepted,True,32,measured
conformance-20260723T020659Z,20260831,109,payload_modification,aborted,aborted,True,32,measured
conformance-20260723T020659Z,20260831,109,record_deletion,aborted,aborted,True,32,measured
conformance-20260723T020659Z,20260831,109,record_insertion,aborted,aborted,True,32,measured
conformance-20260723T020659Z,20260831,109,storage_reordering,accepted,accepted,True,32,measured
conformance-20260723T020659Z,20260831,109,counter_field_swap,aborted,aborted,True,32,measured
conformance-20260723T020659Z,20260832,110,consistent_set,accepted,accepted,True,32,measured
conformance-20260723T020659Z,20260832,110,payload_modification,aborted,aborted,True,32,measured
conformance-20260723T020659Z,20260832,110,record_deletion,aborted,aborted,True,32,measured
conformance-20260723T020659Z,20260832,110,record_insertion,aborted,aborted,True,32,measured
conformance-20260723T020659Z,20260832,110,storage_reordering,accepted,accepted,True,32,measured
conformance-20260723T020659Z,20260832,110,counter_field_swap,aborted,aborted,True,32,measured
conformance-20260723T020659Z,20260833,111,consistent_set,accepted,accepted,True,32,measured
conformance-20260723T020659Z,20260833,111,payload_modification,aborted,aborted,True,32,measured
conformance-20260723T020659Z,20260833,111,record_deletion,aborted,aborted,True,32,measured
conformance-20260723T020659Z,20260833,111,record_insertion,aborted,aborted,True,32,measured
conformance-20260723T020659Z,20260833,111,storage_reordering,accepted,accepted,True,32,measured
conformance-20260723T020659Z,20260833,111,counter_field_swap,aborted,aborted,True,32,measured
conformance-20260723T020659Z,20260834,112,consistent_set,accepted,accepted,True,32,measured
conformance-20260723T020659Z,20260834,112,payload_modification,aborted,aborted,True,32,measured
conformance-20260723T020659Z,20260834,112,record_deletion,aborted,aborted,True,32,measured
conformance-20260723T020659Z,20260834,112,record_insertion,aborted,aborted,True,32,measured
conformance-20260723T020659Z,20260834,112,storage_reordering,accepted,accepted,True,32,measured
conformance-20260723T020659Z,20260834,112,counter_field_swap,aborted,aborted,True,32,measured
conformance-20260723T020659Z,20260835,113,consistent_set,accepted,accepted,True,32,measured
conformance-20260723T020659Z,20260835,113,payload_modification,aborted,aborted,True,32,measured
conformance-20260723T020659Z,20260835,113,record_deletion,aborted,aborted,True,32,measured
conformance-20260723T020659Z,20260835,113,record_insertion,aborted,aborted,True,32,measured
conformance-20260723T020659Z,20260835,113,storage_reordering,accepted,accepted,True,32,measured
conformance-20260723T020659Z,20260835,113,counter_field_swap,aborted,aborted,True,32,measured
conformance-20260723T020659Z,20260836,114,consistent_set,accepted,accepted,True,32,measured
conformance-20260723T020659Z,20260836,114,payload_modification,aborted,aborted,True,32,measured
conformance-20260723T020659Z,20260836,114,record_deletion,aborted,aborted,True,32,measured
conformance-20260723T020659Z,20260836,114,record_insertion,aborted,aborted,True,32,measured
conformance-20260723T020659Z,20260836,114,storage_reordering,accepted,accepted,True,32,measured
conformance-20260723T020659Z,20260836,114,counter_field_swap,aborted,aborted,True,32,measured
conformance-20260723T020659Z,20260837,115,consistent_set,accepted,accepted,True,32,measured
conformance-20260723T020659Z,20260837,115,payload_modification,aborted,aborted,True,32,measured
conformance-20260723T020659Z,20260837,115,record_deletion,aborted,aborted,True,32,measured
conformance-20260723T020659Z,20260837,115,record_insertion,aborted,aborted,True,32,measured
conformance-20260723T020659Z,20260837,115,storage_reordering,accepted,accepted,True,32,measured
conformance-20260723T020659Z,20260837,115,counter_field_swap,aborted,aborted,True,32,measured
conformance-20260723T020659Z,20260838,116,consistent_set,accepted,accepted,True,32,measured
conformance-20260723T020659Z,20260838,116,payload_modification,aborted,aborted,True,32,measured
conformance-20260723T020659Z,20260838,116,record_deletion,aborted,aborted,True,32,measured
conformance-20260723T020659Z,20260838,116,record_insertion,aborted,aborted,True,32,measured
conformance-20260723T020659Z,20260838,116,storage_reordering,accepted,accepted,True,32,measured
conformance-20260723T020659Z,20260838,116,counter_field_swap,aborted,aborted,True,32,measured
conformance-20260723T020659Z,20260839,117,consistent_set,accepted,accepted,True,32,measured
conformance-20260723T020659Z,20260839,117,payload_modification,aborted,aborted,True,32,measured
conformance-20260723T020659Z,20260839,117,record_deletion,aborted,aborted,True,32,measured
conformance-20260723T020659Z,20260839,117,record_insertion,aborted,aborted,True,32,measured
conformance-20260723T020659Z,20260839,117,storage_reordering,accepted,accepted,True,32,measured
conformance-20260723T020659Z,20260839,117,counter_field_swap,aborted,aborted,True,32,measured
conformance-20260723T020659Z,20260840,118,consistent_set,accepted,accepted,True,32,measured
conformance-20260723T020659Z,20260840,118,payload_modification,aborted,aborted,True,32,measured
conformance-20260723T020659Z,20260840,118,record_deletion,aborted,aborted,True,32,measured
conformance-20260723T020659Z,20260840,118,record_insertion,aborted,aborted,True,32,measured
conformance-20260723T020659Z,20260840,118,storage_reordering,accepted,accepted,True,32,measured
conformance-20260723T020659Z,20260840,118,counter_field_swap,aborted,aborted,True,32,measured
conformance-20260723T020659Z,20260841,119,consistent_set,accepted,accepted,True,32,measured
conformance-20260723T020659Z,20260841,119,payload_modification,aborted,aborted,True,32,measured
conformance-20260723T020659Z,20260841,119,record_deletion,aborted,aborted,True,32,measured
conformance-20260723T020659Z,20260841,119,record_insertion,aborted,aborted,True,32,measured
conformance-20260723T020659Z,20260841,119,storage_reordering,accepted,accepted,True,32,measured
conformance-20260723T020659Z,20260841,119,counter_field_swap,aborted,aborted,True,32,measured
conformance-20260723T020659Z,20260842,120,consistent_set,accepted,accepted,True,32,measured
conformance-20260723T020659Z,20260842,120,payload_modification,aborted,aborted,True,32,measured
conformance-20260723T020659Z,20260842,120,record_deletion,aborted,aborted,True,32,measured
conformance-20260723T020659Z,20260842,120,record_insertion,aborted,aborted,True,32,measured
conformance-20260723T020659Z,20260842,120,storage_reordering,accepted,accepted,True,32,measured
conformance-20260723T020659Z,20260842,120,counter_field_swap,aborted,aborted,True,32,measured
conformance-20260723T020659Z,20260843,121,consistent_set,accepted,accepted,True,32,measured
conformance-20260723T020659Z,20260843,121,payload_modification,aborted,aborted,True,32,measured
conformance-20260723T020659Z,20260843,121,record_deletion,aborted,aborted,True,32,measured
conformance-20260723T020659Z,20260843,121,record_insertion,aborted,aborted,True,32,measured
conformance-20260723T020659Z,20260843,121,storage_reordering,accepted,accepted,True,32,measured
conformance-20260723T020659Z,20260843,121,counter_field_swap,aborted,aborted,True,32,measured
conformance-20260723T020659Z,20260844,122,consistent_set,accepted,accepted,True,32,measured
conformance-20260723T020659Z,20260844,122,payload_modification,aborted,aborted,True,32,measured
conformance-20260723T020659Z,20260844,122,record_deletion,aborted,aborted,True,32,measured
conformance-20260723T020659Z,20260844,122,record_insertion,aborted,aborted,True,32,measured
conformance-20260723T020659Z,20260844,122,storage_reordering,accepted,accepted,True,32,measured
conformance-20260723T020659Z,20260844,122,counter_field_swap,aborted,aborted,True,32,measured
conformance-20260723T020659Z,20260845,123,consistent_set,accepted,accepted,True,32,measured
conformance-20260723T020659Z,20260845,123,payload_modification,aborted,aborted,True,32,measured
conformance-20260723T020659Z,20260845,123,record_deletion,aborted,aborted,True,32,measured
conformance-20260723T020659Z,20260845,123,record_insertion,aborted,aborted,True,32,measured
conformance-20260723T020659Z,20260845,123,storage_reordering,accepted,accepted,True,32,measured
conformance-20260723T020659Z,20260845,123,counter_field_swap,aborted,aborted,True,32,measured
conformance-20260723T020659Z,20260846,124,consistent_set,accepted,accepted,True,32,measured
conformance-20260723T020659Z,20260846,124,payload_modification,aborted,aborted,True,32,measured
conformance-20260723T020659Z,20260846,124,record_deletion,aborted,aborted,True,32,measured
conformance-20260723T020659Z,20260846,124,record_insertion,aborted,aborted,True,32,measured
conformance-20260723T020659Z,20260846,124,storage_reordering,accepted,accepted,True,32,measured
conformance-20260723T020659Z,20260846,124,counter_field_swap,aborted,aborted,True,32,measured
conformance-20260723T020659Z,20260847,125,consistent_set,accepted,accepted,True,32,measured
conformance-20260723T020659Z,20260847,125,payload_modification,aborted,aborted,True,32,measured
conformance-20260723T020659Z,20260847,125,record_deletion,aborted,aborted,True,32,measured
conformance-20260723T020659Z,20260847,125,record_insertion,aborted,aborted,True,32,measured
conformance-20260723T020659Z,20260847,125,storage_reordering,accepted,accepted,True,32,measured
conformance-20260723T020659Z,20260847,125,counter_field_swap,aborted,aborted,True,32,measured
conformance-20260723T020659Z,20260848,126,consistent_set,accepted,accepted,True,32,measured
conformance-20260723T020659Z,20260848,126,payload_modification,aborted,aborted,True,32,measured
conformance-20260723T020659Z,20260848,126,record_deletion,aborted,aborted,True,32,measured
conformance-20260723T020659Z,20260848,126,record_insertion,aborted,aborted,True,32,measured
conformance-20260723T020659Z,20260848,126,storage_reordering,accepted,accepted,True,32,measured
conformance-20260723T020659Z,20260848,126,counter_field_swap,aborted,aborted,True,32,measured
conformance-20260723T020659Z,20260849,127,consistent_set,accepted,accepted,True,32,measured
conformance-20260723T020659Z,20260849,127,payload_modification,aborted,aborted,True,32,measured
conformance-20260723T020659Z,20260849,127,record_deletion,aborted,aborted,True,32,measured
conformance-20260723T020659Z,20260849,127,record_insertion,aborted,aborted,True,32,measured
conformance-20260723T020659Z,20260849,127,storage_reordering,accepted,accepted,True,32,measured
conformance-20260723T020659Z,20260849,127,counter_field_swap,aborted,aborted,True,32,measured
conformance-20260723T020659Z,20260850,128,consistent_set,accepted,accepted,True,32,measured
conformance-20260723T020659Z,20260850,128,payload_modification,aborted,aborted,True,32,measured
conformance-20260723T020659Z,20260850,128,record_deletion,aborted,aborted,True,32,measured
conformance-20260723T020659Z,20260850,128,record_insertion,aborted,aborted,True,32,measured
conformance-20260723T020659Z,20260850,128,storage_reordering,accepted,accepted,True,32,measured
conformance-20260723T020659Z,20260850,128,counter_field_swap,aborted,aborted,True,32,measured
conformance-20260723T020659Z,20260851,129,consistent_set,accepted,accepted,True,32,measured
conformance-20260723T020659Z,20260851,129,payload_modification,aborted,aborted,True,32,measured
conformance-20260723T020659Z,20260851,129,record_deletion,aborted,aborted,True,32,measured
conformance-20260723T020659Z,20260851,129,record_insertion,aborted,aborted,True,32,measured
conformance-20260723T020659Z,20260851,129,storage_reordering,accepted,accepted,True,32,measured
conformance-20260723T020659Z,20260851,129,counter_field_swap,aborted,aborted,True,32,measured
conformance-20260723T020659Z,20260852,130,consistent_set,accepted,accepted,True,32,measured
conformance-20260723T020659Z,20260852,130,payload_modification,aborted,aborted,True,32,measured
conformance-20260723T020659Z,20260852,130,record_deletion,aborted,aborted,True,32,measured
conformance-20260723T020659Z,20260852,130,record_insertion,aborted,aborted,True,32,measured
conformance-20260723T020659Z,20260852,130,storage_reordering,accepted,accepted,True,32,measured
conformance-20260723T020659Z,20260852,130,counter_field_swap,aborted,aborted,True,32,measured
conformance-20260723T020659Z,20260853,131,consistent_set,accepted,accepted,True,32,measured
conformance-20260723T020659Z,20260853,131,payload_modification,aborted,aborted,True,32,measured
conformance-20260723T020659Z,20260853,131,record_deletion,aborted,aborted,True,32,measured
conformance-20260723T020659Z,20260853,131,record_insertion,aborted,aborted,True,32,measured
conformance-20260723T020659Z,20260853,131,storage_reordering,accepted,accepted,True,32,measured
conformance-20260723T020659Z,20260853,131,counter_field_swap,aborted,aborted,True,32,measured
conformance-20260723T020659Z,20260854,132,consistent_set,accepted,accepted,True,32,measured
conformance-20260723T020659Z,20260854,132,payload_modification,aborted,aborted,True,32,measured
conformance-20260723T020659Z,20260854,132,record_deletion,aborted,aborted,True,32,measured
conformance-20260723T020659Z,20260854,132,record_insertion,aborted,aborted,True,32,measured
conformance-20260723T020659Z,20260854,132,storage_reordering,accepted,accepted,True,32,measured
conformance-20260723T020659Z,20260854,132,counter_field_swap,aborted,aborted,True,32,measured
conformance-20260723T020659Z,20260855,133,consistent_set,accepted,accepted,True,32,measured
conformance-20260723T020659Z,20260855,133,payload_modification,aborted,aborted,True,32,measured
conformance-20260723T020659Z,20260855,133,record_deletion,aborted,aborted,True,32,measured
conformance-20260723T020659Z,20260855,133,record_insertion,aborted,aborted,True,32,measured
conformance-20260723T020659Z,20260855,133,storage_reordering,accepted,accepted,True,32,measured
conformance-20260723T020659Z,20260855,133,counter_field_swap,aborted,aborted,True,32,measured
conformance-20260723T020659Z,20260856,134,consistent_set,accepted,accepted,True,32,measured
conformance-20260723T020659Z,20260856,134,payload_modification,aborted,aborted,True,32,measured
conformance-20260723T020659Z,20260856,134,record_deletion,aborted,aborted,True,32,measured
conformance-20260723T020659Z,20260856,134,record_insertion,aborted,aborted,True,32,measured
conformance-20260723T020659Z,20260856,134,storage_reordering,accepted,accepted,True,32,measured
conformance-20260723T020659Z,20260856,134,counter_field_swap,aborted,aborted,True,32,measured
conformance-20260723T020659Z,20260857,135,consistent_set,accepted,accepted,True,32,measured
conformance-20260723T020659Z,20260857,135,payload_modification,aborted,aborted,True,32,measured
conformance-20260723T020659Z,20260857,135,record_deletion,aborted,aborted,True,32,measured
conformance-20260723T020659Z,20260857,135,record_insertion,aborted,aborted,True,32,measured
conformance-20260723T020659Z,20260857,135,storage_reordering,accepted,accepted,True,32,measured
conformance-20260723T020659Z,20260857,135,counter_field_swap,aborted,aborted,True,32,measured
conformance-20260723T020659Z,20260858,136,consistent_set,accepted,accepted,True,32,measured
conformance-20260723T020659Z,20260858,136,payload_modification,aborted,aborted,True,32,measured
conformance-20260723T020659Z,20260858,136,record_deletion,aborted,aborted,True,32,measured
conformance-20260723T020659Z,20260858,136,record_insertion,aborted,aborted,True,32,measured
conformance-20260723T020659Z,20260858,136,storage_reordering,accepted,accepted,True,32,measured
conformance-20260723T020659Z,20260858,136,counter_field_swap,aborted,aborted,True,32,measured
conformance-20260723T020659Z,20260859,137,consistent_set,accepted,accepted,True,32,measured
conformance-20260723T020659Z,20260859,137,payload_modification,aborted,aborted,True,32,measured
conformance-20260723T020659Z,20260859,137,record_deletion,aborted,aborted,True,32,measured
conformance-20260723T020659Z,20260859,137,record_insertion,aborted,aborted,True,32,measured
conformance-20260723T020659Z,20260859,137,storage_reordering,accepted,accepted,True,32,measured
conformance-20260723T020659Z,20260859,137,counter_field_swap,aborted,aborted,True,32,measured
conformance-20260723T020659Z,20260860,138,consistent_set,accepted,accepted,True,32,measured
conformance-20260723T020659Z,20260860,138,payload_modification,aborted,aborted,True,32,measured
conformance-20260723T020659Z,20260860,138,record_deletion,aborted,aborted,True,32,measured
conformance-20260723T020659Z,20260860,138,record_insertion,aborted,aborted,True,32,measured
conformance-20260723T020659Z,20260860,138,storage_reordering,accepted,accepted,True,32,measured
conformance-20260723T020659Z,20260860,138,counter_field_swap,aborted,aborted,True,32,measured
conformance-20260723T020659Z,20260861,139,consistent_set,accepted,accepted,True,32,measured
conformance-20260723T020659Z,20260861,139,payload_modification,aborted,aborted,True,32,measured
conformance-20260723T020659Z,20260861,139,record_deletion,aborted,aborted,True,32,measured
conformance-20260723T020659Z,20260861,139,record_insertion,aborted,aborted,True,32,measured
conformance-20260723T020659Z,20260861,139,storage_reordering,accepted,accepted,True,32,measured
conformance-20260723T020659Z,20260861,139,counter_field_swap,aborted,aborted,True,32,measured
conformance-20260723T020659Z,20260862,140,consistent_set,accepted,accepted,True,32,measured
conformance-20260723T020659Z,20260862,140,payload_modification,aborted,aborted,True,32,measured
conformance-20260723T020659Z,20260862,140,record_deletion,aborted,aborted,True,32,measured
conformance-20260723T020659Z,20260862,140,record_insertion,aborted,aborted,True,32,measured
conformance-20260723T020659Z,20260862,140,storage_reordering,accepted,accepted,True,32,measured
conformance-20260723T020659Z,20260862,140,counter_field_swap,aborted,aborted,True,32,measured
conformance-20260723T020659Z,20260863,141,consistent_set,accepted,accepted,True,32,measured
conformance-20260723T020659Z,20260863,141,payload_modification,aborted,aborted,True,32,measured
conformance-20260723T020659Z,20260863,141,record_deletion,aborted,aborted,True,32,measured
conformance-20260723T020659Z,20260863,141,record_insertion,aborted,aborted,True,32,measured
conformance-20260723T020659Z,20260863,141,storage_reordering,accepted,accepted,True,32,measured
conformance-20260723T020659Z,20260863,141,counter_field_swap,aborted,aborted,True,32,measured
conformance-20260723T020659Z,20260864,142,consistent_set,accepted,accepted,True,32,measured
conformance-20260723T020659Z,20260864,142,payload_modification,aborted,aborted,True,32,measured
conformance-20260723T020659Z,20260864,142,record_deletion,aborted,aborted,True,32,measured
conformance-20260723T020659Z,20260864,142,record_insertion,aborted,aborted,True,32,measured
conformance-20260723T020659Z,20260864,142,storage_reordering,accepted,accepted,True,32,measured
conformance-20260723T020659Z,20260864,142,counter_field_swap,aborted,aborted,True,32,measured
conformance-20260723T020659Z,20260865,143,consistent_set,accepted,accepted,True,32,measured
conformance-20260723T020659Z,20260865,143,payload_modification,aborted,aborted,True,32,measured
conformance-20260723T020659Z,20260865,143,record_deletion,aborted,aborted,True,32,measured
conformance-20260723T020659Z,20260865,143,record_insertion,aborted,aborted,True,32,measured
conformance-20260723T020659Z,20260865,143,storage_reordering,accepted,accepted,True,32,measured
conformance-20260723T020659Z,20260865,143,counter_field_swap,aborted,aborted,True,32,measured
conformance-20260723T020659Z,20260866,144,consistent_set,accepted,accepted,True,32,measured
conformance-20260723T020659Z,20260866,144,payload_modification,aborted,aborted,True,32,measured
conformance-20260723T020659Z,20260866,144,record_deletion,aborted,aborted,True,32,measured
conformance-20260723T020659Z,20260866,144,record_insertion,aborted,aborted,True,32,measured
conformance-20260723T020659Z,20260866,144,storage_reordering,accepted,accepted,True,32,measured
conformance-20260723T020659Z,20260866,144,counter_field_swap,aborted,aborted,True,32,measured
conformance-20260723T020659Z,20260867,145,consistent_set,accepted,accepted,True,32,measured
conformance-20260723T020659Z,20260867,145,payload_modification,aborted,aborted,True,32,measured
conformance-20260723T020659Z,20260867,145,record_deletion,aborted,aborted,True,32,measured
conformance-20260723T020659Z,20260867,145,record_insertion,aborted,aborted,True,32,measured
conformance-20260723T020659Z,20260867,145,storage_reordering,accepted,accepted,True,32,measured
conformance-20260723T020659Z,20260867,145,counter_field_swap,aborted,aborted,True,32,measured
conformance-20260723T020659Z,20260868,146,consistent_set,accepted,accepted,True,32,measured
conformance-20260723T020659Z,20260868,146,payload_modification,aborted,aborted,True,32,measured
conformance-20260723T020659Z,20260868,146,record_deletion,aborted,aborted,True,32,measured
conformance-20260723T020659Z,20260868,146,record_insertion,aborted,aborted,True,32,measured
conformance-20260723T020659Z,20260868,146,storage_reordering,accepted,accepted,True,32,measured
conformance-20260723T020659Z,20260868,146,counter_field_swap,aborted,aborted,True,32,measured
conformance-20260723T020659Z,20260869,147,consistent_set,accepted,accepted,True,32,measured
conformance-20260723T020659Z,20260869,147,payload_modification,aborted,aborted,True,32,measured
conformance-20260723T020659Z,20260869,147,record_deletion,aborted,aborted,True,32,measured
conformance-20260723T020659Z,20260869,147,record_insertion,aborted,aborted,True,32,measured
conformance-20260723T020659Z,20260869,147,storage_reordering,accepted,accepted,True,32,measured
conformance-20260723T020659Z,20260869,147,counter_field_swap,aborted,aborted,True,32,measured
conformance-20260723T020659Z,20260870,148,consistent_set,accepted,accepted,True,32,measured
conformance-20260723T020659Z,20260870,148,payload_modification,aborted,aborted,True,32,measured
conformance-20260723T020659Z,20260870,148,record_deletion,aborted,aborted,True,32,measured
conformance-20260723T020659Z,20260870,148,record_insertion,aborted,aborted,True,32,measured
conformance-20260723T020659Z,20260870,148,storage_reordering,accepted,accepted,True,32,measured
conformance-20260723T020659Z,20260870,148,counter_field_swap,aborted,aborted,True,32,measured
conformance-20260723T020659Z,20260871,149,consistent_set,accepted,accepted,True,32,measured
conformance-20260723T020659Z,20260871,149,payload_modification,aborted,aborted,True,32,measured
conformance-20260723T020659Z,20260871,149,record_deletion,aborted,aborted,True,32,measured
conformance-20260723T020659Z,20260871,149,record_insertion,aborted,aborted,True,32,measured
conformance-20260723T020659Z,20260871,149,storage_reordering,accepted,accepted,True,32,measured
conformance-20260723T020659Z,20260871,149,counter_field_swap,aborted,aborted,True,32,measured
conformance-20260723T020659Z,20260872,150,consistent_set,accepted,accepted,True,32,measured
conformance-20260723T020659Z,20260872,150,payload_modification,aborted,aborted,True,32,measured
conformance-20260723T020659Z,20260872,150,record_deletion,aborted,aborted,True,32,measured
conformance-20260723T020659Z,20260872,150,record_insertion,aborted,aborted,True,32,measured
conformance-20260723T020659Z,20260872,150,storage_reordering,accepted,accepted,True,32,measured
conformance-20260723T020659Z,20260872,150,counter_field_swap,aborted,aborted,True,32,measured
conformance-20260723T020659Z,20260873,151,consistent_set,accepted,accepted,True,32,measured
conformance-20260723T020659Z,20260873,151,payload_modification,aborted,aborted,True,32,measured
conformance-20260723T020659Z,20260873,151,record_deletion,aborted,aborted,True,32,measured
conformance-20260723T020659Z,20260873,151,record_insertion,aborted,aborted,True,32,measured
conformance-20260723T020659Z,20260873,151,storage_reordering,accepted,accepted,True,32,measured
conformance-20260723T020659Z,20260873,151,counter_field_swap,aborted,aborted,True,32,measured
conformance-20260723T020659Z,20260874,152,consistent_set,accepted,accepted,True,32,measured
conformance-20260723T020659Z,20260874,152,payload_modification,aborted,aborted,True,32,measured
conformance-20260723T020659Z,20260874,152,record_deletion,aborted,aborted,True,32,measured
conformance-20260723T020659Z,20260874,152,record_insertion,aborted,aborted,True,32,measured
conformance-20260723T020659Z,20260874,152,storage_reordering,accepted,accepted,True,32,measured
conformance-20260723T020659Z,20260874,152,counter_field_swap,aborted,aborted,True,32,measured
conformance-20260723T020659Z,20260875,153,consistent_set,accepted,accepted,True,32,measured
conformance-20260723T020659Z,20260875,153,payload_modification,aborted,aborted,True,32,measured
conformance-20260723T020659Z,20260875,153,record_deletion,aborted,aborted,True,32,measured
conformance-20260723T020659Z,20260875,153,record_insertion,aborted,aborted,True,32,measured
conformance-20260723T020659Z,20260875,153,storage_reordering,accepted,accepted,True,32,measured
conformance-20260723T020659Z,20260875,153,counter_field_swap,aborted,aborted,True,32,measured
conformance-20260723T020659Z,20260876,154,consistent_set,accepted,accepted,True,32,measured
conformance-20260723T020659Z,20260876,154,payload_modification,aborted,aborted,True,32,measured
conformance-20260723T020659Z,20260876,154,record_deletion,aborted,aborted,True,32,measured
conformance-20260723T020659Z,20260876,154,record_insertion,aborted,aborted,True,32,measured
conformance-20260723T020659Z,20260876,154,storage_reordering,accepted,accepted,True,32,measured
conformance-20260723T020659Z,20260876,154,counter_field_swap,aborted,aborted,True,32,measured
conformance-20260723T020659Z,20260877,155,consistent_set,accepted,accepted,True,32,measured
conformance-20260723T020659Z,20260877,155,payload_modification,aborted,aborted,True,32,measured
conformance-20260723T020659Z,20260877,155,record_deletion,aborted,aborted,True,32,measured
conformance-20260723T020659Z,20260877,155,record_insertion,aborted,aborted,True,32,measured
conformance-20260723T020659Z,20260877,155,storage_reordering,accepted,accepted,True,32,measured
conformance-20260723T020659Z,20260877,155,counter_field_swap,aborted,aborted,True,32,measured
conformance-20260723T020659Z,20260878,156,consistent_set,accepted,accepted,True,32,measured
conformance-20260723T020659Z,20260878,156,payload_modification,aborted,aborted,True,32,measured
conformance-20260723T020659Z,20260878,156,record_deletion,aborted,aborted,True,32,measured
conformance-20260723T020659Z,20260878,156,record_insertion,aborted,aborted,True,32,measured
conformance-20260723T020659Z,20260878,156,storage_reordering,accepted,accepted,True,32,measured
conformance-20260723T020659Z,20260878,156,counter_field_swap,aborted,aborted,True,32,measured
conformance-20260723T020659Z,20260879,157,consistent_set,accepted,accepted,True,32,measured
conformance-20260723T020659Z,20260879,157,payload_modification,aborted,aborted,True,32,measured
conformance-20260723T020659Z,20260879,157,record_deletion,aborted,aborted,True,32,measured
conformance-20260723T020659Z,20260879,157,record_insertion,aborted,aborted,True,32,measured
conformance-20260723T020659Z,20260879,157,storage_reordering,accepted,accepted,True,32,measured
conformance-20260723T020659Z,20260879,157,counter_field_swap,aborted,aborted,True,32,measured
conformance-20260723T020659Z,20260880,158,consistent_set,accepted,accepted,True,32,measured
conformance-20260723T020659Z,20260880,158,payload_modification,aborted,aborted,True,32,measured
conformance-20260723T020659Z,20260880,158,record_deletion,aborted,aborted,True,32,measured
conformance-20260723T020659Z,20260880,158,record_insertion,aborted,aborted,True,32,measured
conformance-20260723T020659Z,20260880,158,storage_reordering,accepted,accepted,True,32,measured
conformance-20260723T020659Z,20260880,158,counter_field_swap,aborted,aborted,True,32,measured
conformance-20260723T020659Z,20260881,159,consistent_set,accepted,accepted,True,32,measured
conformance-20260723T020659Z,20260881,159,payload_modification,aborted,aborted,True,32,measured
conformance-20260723T020659Z,20260881,159,record_deletion,aborted,aborted,True,32,measured
conformance-20260723T020659Z,20260881,159,record_insertion,aborted,aborted,True,32,measured
conformance-20260723T020659Z,20260881,159,storage_reordering,accepted,accepted,True,32,measured
conformance-20260723T020659Z,20260881,159,counter_field_swap,aborted,aborted,True,32,measured
conformance-20260723T020659Z,20260882,160,consistent_set,accepted,accepted,True,32,measured
conformance-20260723T020659Z,20260882,160,payload_modification,aborted,aborted,True,32,measured
conformance-20260723T020659Z,20260882,160,record_deletion,aborted,aborted,True,32,measured
conformance-20260723T020659Z,20260882,160,record_insertion,aborted,aborted,True,32,measured
conformance-20260723T020659Z,20260882,160,storage_reordering,accepted,accepted,True,32,measured
conformance-20260723T020659Z,20260882,160,counter_field_swap,aborted,aborted,True,32,measured
conformance-20260723T020659Z,20260883,161,consistent_set,accepted,accepted,True,32,measured
conformance-20260723T020659Z,20260883,161,payload_modification,aborted,aborted,True,32,measured
conformance-20260723T020659Z,20260883,161,record_deletion,aborted,aborted,True,32,measured
conformance-20260723T020659Z,20260883,161,record_insertion,aborted,aborted,True,32,measured
conformance-20260723T020659Z,20260883,161,storage_reordering,accepted,accepted,True,32,measured
conformance-20260723T020659Z,20260883,161,counter_field_swap,aborted,aborted,True,32,measured
conformance-20260723T020659Z,20260884,162,consistent_set,accepted,accepted,True,32,measured
conformance-20260723T020659Z,20260884,162,payload_modification,aborted,aborted,True,32,measured
conformance-20260723T020659Z,20260884,162,record_deletion,aborted,aborted,True,32,measured
conformance-20260723T020659Z,20260884,162,record_insertion,aborted,aborted,True,32,measured
conformance-20260723T020659Z,20260884,162,storage_reordering,accepted,accepted,True,32,measured
conformance-20260723T020659Z,20260884,162,counter_field_swap,aborted,aborted,True,32,measured
conformance-20260723T020659Z,20260885,163,consistent_set,accepted,accepted,True,32,measured
conformance-20260723T020659Z,20260885,163,payload_modification,aborted,aborted,True,32,measured
conformance-20260723T020659Z,20260885,163,record_deletion,aborted,aborted,True,32,measured
conformance-20260723T020659Z,20260885,163,record_insertion,aborted,aborted,True,32,measured
conformance-20260723T020659Z,20260885,163,storage_reordering,accepted,accepted,True,32,measured
conformance-20260723T020659Z,20260885,163,counter_field_swap,aborted,aborted,True,32,measured
conformance-20260723T020659Z,20260886,164,consistent_set,accepted,accepted,True,32,measured
conformance-20260723T020659Z,20260886,164,payload_modification,aborted,aborted,True,32,measured
conformance-20260723T020659Z,20260886,164,record_deletion,aborted,aborted,True,32,measured
conformance-20260723T020659Z,20260886,164,record_insertion,aborted,aborted,True,32,measured
conformance-20260723T020659Z,20260886,164,storage_reordering,accepted,accepted,True,32,measured
conformance-20260723T020659Z,20260886,164,counter_field_swap,aborted,aborted,True,32,measured
conformance-20260723T020659Z,20260887,165,consistent_set,accepted,accepted,True,32,measured
conformance-20260723T020659Z,20260887,165,payload_modification,aborted,aborted,True,32,measured
conformance-20260723T020659Z,20260887,165,record_deletion,aborted,aborted,True,32,measured
conformance-20260723T020659Z,20260887,165,record_insertion,aborted,aborted,True,32,measured
conformance-20260723T020659Z,20260887,165,storage_reordering,accepted,accepted,True,32,measured
conformance-20260723T020659Z,20260887,165,counter_field_swap,aborted,aborted,True,32,measured
conformance-20260723T020659Z,20260888,166,consistent_set,accepted,accepted,True,32,measured
conformance-20260723T020659Z,20260888,166,payload_modification,aborted,aborted,True,32,measured
conformance-20260723T020659Z,20260888,166,record_deletion,aborted,aborted,True,32,measured
conformance-20260723T020659Z,20260888,166,record_insertion,aborted,aborted,True,32,measured
conformance-20260723T020659Z,20260888,166,storage_reordering,accepted,accepted,True,32,measured
conformance-20260723T020659Z,20260888,166,counter_field_swap,aborted,aborted,True,32,measured
conformance-20260723T020659Z,20260889,167,consistent_set,accepted,accepted,True,32,measured
conformance-20260723T020659Z,20260889,167,payload_modification,aborted,aborted,True,32,measured
conformance-20260723T020659Z,20260889,167,record_deletion,aborted,aborted,True,32,measured
conformance-20260723T020659Z,20260889,167,record_insertion,aborted,aborted,True,32,measured
conformance-20260723T020659Z,20260889,167,storage_reordering,accepted,accepted,True,32,measured
conformance-20260723T020659Z,20260889,167,counter_field_swap,aborted,aborted,True,32,measured
conformance-20260723T020659Z,20260890,168,consistent_set,accepted,accepted,True,32,measured
conformance-20260723T020659Z,20260890,168,payload_modification,aborted,aborted,True,32,measured
conformance-20260723T020659Z,20260890,168,record_deletion,aborted,aborted,True,32,measured
conformance-20260723T020659Z,20260890,168,record_insertion,aborted,aborted,True,32,measured
conformance-20260723T020659Z,20260890,168,storage_reordering,accepted,accepted,True,32,measured
conformance-20260723T020659Z,20260890,168,counter_field_swap,aborted,aborted,True,32,measured
conformance-20260723T020659Z,20260891,169,consistent_set,accepted,accepted,True,32,measured
conformance-20260723T020659Z,20260891,169,payload_modification,aborted,aborted,True,32,measured
conformance-20260723T020659Z,20260891,169,record_deletion,aborted,aborted,True,32,measured
conformance-20260723T020659Z,20260891,169,record_insertion,aborted,aborted,True,32,measured
conformance-20260723T020659Z,20260891,169,storage_reordering,accepted,accepted,True,32,measured
conformance-20260723T020659Z,20260891,169,counter_field_swap,aborted,aborted,True,32,measured
conformance-20260723T020659Z,20260892,170,consistent_set,accepted,accepted,True,32,measured
conformance-20260723T020659Z,20260892,170,payload_modification,aborted,aborted,True,32,measured
conformance-20260723T020659Z,20260892,170,record_deletion,aborted,aborted,True,32,measured
conformance-20260723T020659Z,20260892,170,record_insertion,aborted,aborted,True,32,measured
conformance-20260723T020659Z,20260892,170,storage_reordering,accepted,accepted,True,32,measured
conformance-20260723T020659Z,20260892,170,counter_field_swap,aborted,aborted,True,32,measured
conformance-20260723T020659Z,20260893,171,consistent_set,accepted,accepted,True,32,measured
conformance-20260723T020659Z,20260893,171,payload_modification,aborted,aborted,True,32,measured
conformance-20260723T020659Z,20260893,171,record_deletion,aborted,aborted,True,32,measured
conformance-20260723T020659Z,20260893,171,record_insertion,aborted,aborted,True,32,measured
conformance-20260723T020659Z,20260893,171,storage_reordering,accepted,accepted,True,32,measured
conformance-20260723T020659Z,20260893,171,counter_field_swap,aborted,aborted,True,32,measured
conformance-20260723T020659Z,20260894,172,consistent_set,accepted,accepted,True,32,measured
conformance-20260723T020659Z,20260894,172,payload_modification,aborted,aborted,True,32,measured
conformance-20260723T020659Z,20260894,172,record_deletion,aborted,aborted,True,32,measured
conformance-20260723T020659Z,20260894,172,record_insertion,aborted,aborted,True,32,measured
conformance-20260723T020659Z,20260894,172,storage_reordering,accepted,accepted,True,32,measured
conformance-20260723T020659Z,20260894,172,counter_field_swap,aborted,aborted,True,32,measured
conformance-20260723T020659Z,20260895,173,consistent_set,accepted,accepted,True,32,measured
conformance-20260723T020659Z,20260895,173,payload_modification,aborted,aborted,True,32,measured
conformance-20260723T020659Z,20260895,173,record_deletion,aborted,aborted,True,32,measured
conformance-20260723T020659Z,20260895,173,record_insertion,aborted,aborted,True,32,measured
conformance-20260723T020659Z,20260895,173,storage_reordering,accepted,accepted,True,32,measured
conformance-20260723T020659Z,20260895,173,counter_field_swap,aborted,aborted,True,32,measured
conformance-20260723T020659Z,20260896,174,consistent_set,accepted,accepted,True,32,measured
conformance-20260723T020659Z,20260896,174,payload_modification,aborted,aborted,True,32,measured
conformance-20260723T020659Z,20260896,174,record_deletion,aborted,aborted,True,32,measured
conformance-20260723T020659Z,20260896,174,record_insertion,aborted,aborted,True,32,measured
conformance-20260723T020659Z,20260896,174,storage_reordering,accepted,accepted,True,32,measured
conformance-20260723T020659Z,20260896,174,counter_field_swap,aborted,aborted,True,32,measured
conformance-20260723T020659Z,20260897,175,consistent_set,accepted,accepted,True,32,measured
conformance-20260723T020659Z,20260897,175,payload_modification,aborted,aborted,True,32,measured
conformance-20260723T020659Z,20260897,175,record_deletion,aborted,aborted,True,32,measured
conformance-20260723T020659Z,20260897,175,record_insertion,aborted,aborted,True,32,measured
conformance-20260723T020659Z,20260897,175,storage_reordering,accepted,accepted,True,32,measured
conformance-20260723T020659Z,20260897,175,counter_field_swap,aborted,aborted,True,32,measured
conformance-20260723T020659Z,20260898,176,consistent_set,accepted,accepted,True,32,measured
conformance-20260723T020659Z,20260898,176,payload_modification,aborted,aborted,True,32,measured
conformance-20260723T020659Z,20260898,176,record_deletion,aborted,aborted,True,32,measured
conformance-20260723T020659Z,20260898,176,record_insertion,aborted,aborted,True,32,measured
conformance-20260723T020659Z,20260898,176,storage_reordering,accepted,accepted,True,32,measured
conformance-20260723T020659Z,20260898,176,counter_field_swap,aborted,aborted,True,32,measured
conformance-20260723T020659Z,20260899,177,consistent_set,accepted,accepted,True,32,measured
conformance-20260723T020659Z,20260899,177,payload_modification,aborted,aborted,True,32,measured
conformance-20260723T020659Z,20260899,177,record_deletion,aborted,aborted,True,32,measured
conformance-20260723T020659Z,20260899,177,record_insertion,aborted,aborted,True,32,measured
conformance-20260723T020659Z,20260899,177,storage_reordering,accepted,accepted,True,32,measured
conformance-20260723T020659Z,20260899,177,counter_field_swap,aborted,aborted,True,32,measured
conformance-20260723T020659Z,20260900,178,consistent_set,accepted,accepted,True,32,measured
conformance-20260723T020659Z,20260900,178,payload_modification,aborted,aborted,True,32,measured
conformance-20260723T020659Z,20260900,178,record_deletion,aborted,aborted,True,32,measured
conformance-20260723T020659Z,20260900,178,record_insertion,aborted,aborted,True,32,measured
conformance-20260723T020659Z,20260900,178,storage_reordering,accepted,accepted,True,32,measured
conformance-20260723T020659Z,20260900,178,counter_field_swap,aborted,aborted,True,32,measured
conformance-20260723T020659Z,20260901,179,consistent_set,accepted,accepted,True,32,measured
conformance-20260723T020659Z,20260901,179,payload_modification,aborted,aborted,True,32,measured
conformance-20260723T020659Z,20260901,179,record_deletion,aborted,aborted,True,32,measured
conformance-20260723T020659Z,20260901,179,record_insertion,aborted,aborted,True,32,measured
conformance-20260723T020659Z,20260901,179,storage_reordering,accepted,accepted,True,32,measured
conformance-20260723T020659Z,20260901,179,counter_field_swap,aborted,aborted,True,32,measured
conformance-20260723T020659Z,20260902,180,consistent_set,accepted,accepted,True,32,measured
conformance-20260723T020659Z,20260902,180,payload_modification,aborted,aborted,True,32,measured
conformance-20260723T020659Z,20260902,180,record_deletion,aborted,aborted,True,32,measured
conformance-20260723T020659Z,20260902,180,record_insertion,aborted,aborted,True,32,measured
conformance-20260723T020659Z,20260902,180,storage_reordering,accepted,accepted,True,32,measured
conformance-20260723T020659Z,20260902,180,counter_field_swap,aborted,aborted,True,32,measured
conformance-20260723T020659Z,20260903,181,consistent_set,accepted,accepted,True,32,measured
conformance-20260723T020659Z,20260903,181,payload_modification,aborted,aborted,True,32,measured
conformance-20260723T020659Z,20260903,181,record_deletion,aborted,aborted,True,32,measured
conformance-20260723T020659Z,20260903,181,record_insertion,aborted,aborted,True,32,measured
conformance-20260723T020659Z,20260903,181,storage_reordering,accepted,accepted,True,32,measured
conformance-20260723T020659Z,20260903,181,counter_field_swap,aborted,aborted,True,32,measured
conformance-20260723T020659Z,20260904,182,consistent_set,accepted,accepted,True,32,measured
conformance-20260723T020659Z,20260904,182,payload_modification,aborted,aborted,True,32,measured
conformance-20260723T020659Z,20260904,182,record_deletion,aborted,aborted,True,32,measured
conformance-20260723T020659Z,20260904,182,record_insertion,aborted,aborted,True,32,measured
conformance-20260723T020659Z,20260904,182,storage_reordering,accepted,accepted,True,32,measured
conformance-20260723T020659Z,20260904,182,counter_field_swap,aborted,aborted,True,32,measured
conformance-20260723T020659Z,20260905,183,consistent_set,accepted,accepted,True,32,measured
conformance-20260723T020659Z,20260905,183,payload_modification,aborted,aborted,True,32,measured
conformance-20260723T020659Z,20260905,183,record_deletion,aborted,aborted,True,32,measured
conformance-20260723T020659Z,20260905,183,record_insertion,aborted,aborted,True,32,measured
conformance-20260723T020659Z,20260905,183,storage_reordering,accepted,accepted,True,32,measured
conformance-20260723T020659Z,20260905,183,counter_field_swap,aborted,aborted,True,32,measured
conformance-20260723T020659Z,20260906,184,consistent_set,accepted,accepted,True,32,measured
conformance-20260723T020659Z,20260906,184,payload_modification,aborted,aborted,True,32,measured
conformance-20260723T020659Z,20260906,184,record_deletion,aborted,aborted,True,32,measured
conformance-20260723T020659Z,20260906,184,record_insertion,aborted,aborted,True,32,measured
conformance-20260723T020659Z,20260906,184,storage_reordering,accepted,accepted,True,32,measured
conformance-20260723T020659Z,20260906,184,counter_field_swap,aborted,aborted,True,32,measured
conformance-20260723T020659Z,20260907,185,consistent_set,accepted,accepted,True,32,measured
conformance-20260723T020659Z,20260907,185,payload_modification,aborted,aborted,True,32,measured
conformance-20260723T020659Z,20260907,185,record_deletion,aborted,aborted,True,32,measured
conformance-20260723T020659Z,20260907,185,record_insertion,aborted,aborted,True,32,measured
conformance-20260723T020659Z,20260907,185,storage_reordering,accepted,accepted,True,32,measured
conformance-20260723T020659Z,20260907,185,counter_field_swap,aborted,aborted,True,32,measured
conformance-20260723T020659Z,20260908,186,consistent_set,accepted,accepted,True,32,measured
conformance-20260723T020659Z,20260908,186,payload_modification,aborted,aborted,True,32,measured
conformance-20260723T020659Z,20260908,186,record_deletion,aborted,aborted,True,32,measured
conformance-20260723T020659Z,20260908,186,record_insertion,aborted,aborted,True,32,measured
conformance-20260723T020659Z,20260908,186,storage_reordering,accepted,accepted,True,32,measured
conformance-20260723T020659Z,20260908,186,counter_field_swap,aborted,aborted,True,32,measured
conformance-20260723T020659Z,20260909,187,consistent_set,accepted,accepted,True,32,measured
conformance-20260723T020659Z,20260909,187,payload_modification,aborted,aborted,True,32,measured
conformance-20260723T020659Z,20260909,187,record_deletion,aborted,aborted,True,32,measured
conformance-20260723T020659Z,20260909,187,record_insertion,aborted,aborted,True,32,measured
conformance-20260723T020659Z,20260909,187,storage_reordering,accepted,accepted,True,32,measured
conformance-20260723T020659Z,20260909,187,counter_field_swap,aborted,aborted,True,32,measured
conformance-20260723T020659Z,20260910,188,consistent_set,accepted,accepted,True,32,measured
conformance-20260723T020659Z,20260910,188,payload_modification,aborted,aborted,True,32,measured
conformance-20260723T020659Z,20260910,188,record_deletion,aborted,aborted,True,32,measured
conformance-20260723T020659Z,20260910,188,record_insertion,aborted,aborted,True,32,measured
conformance-20260723T020659Z,20260910,188,storage_reordering,accepted,accepted,True,32,measured
conformance-20260723T020659Z,20260910,188,counter_field_swap,aborted,aborted,True,32,measured
conformance-20260723T020659Z,20260911,189,consistent_set,accepted,accepted,True,32,measured
conformance-20260723T020659Z,20260911,189,payload_modification,aborted,aborted,True,32,measured
conformance-20260723T020659Z,20260911,189,record_deletion,aborted,aborted,True,32,measured
conformance-20260723T020659Z,20260911,189,record_insertion,aborted,aborted,True,32,measured
conformance-20260723T020659Z,20260911,189,storage_reordering,accepted,accepted,True,32,measured
conformance-20260723T020659Z,20260911,189,counter_field_swap,aborted,aborted,True,32,measured
conformance-20260723T020659Z,20260912,190,consistent_set,accepted,accepted,True,32,measured
conformance-20260723T020659Z,20260912,190,payload_modification,aborted,aborted,True,32,measured
conformance-20260723T020659Z,20260912,190,record_deletion,aborted,aborted,True,32,measured
conformance-20260723T020659Z,20260912,190,record_insertion,aborted,aborted,True,32,measured
conformance-20260723T020659Z,20260912,190,storage_reordering,accepted,accepted,True,32,measured
conformance-20260723T020659Z,20260912,190,counter_field_swap,aborted,aborted,True,32,measured
conformance-20260723T020659Z,20260913,191,consistent_set,accepted,accepted,True,32,measured
conformance-20260723T020659Z,20260913,191,payload_modification,aborted,aborted,True,32,measured
conformance-20260723T020659Z,20260913,191,record_deletion,aborted,aborted,True,32,measured
conformance-20260723T020659Z,20260913,191,record_insertion,aborted,aborted,True,32,measured
conformance-20260723T020659Z,20260913,191,storage_reordering,accepted,accepted,True,32,measured
conformance-20260723T020659Z,20260913,191,counter_field_swap,aborted,aborted,True,32,measured
conformance-20260723T020659Z,20260914,192,consistent_set,accepted,accepted,True,32,measured
conformance-20260723T020659Z,20260914,192,payload_modification,aborted,aborted,True,32,measured
conformance-20260723T020659Z,20260914,192,record_deletion,aborted,aborted,True,32,measured
conformance-20260723T020659Z,20260914,192,record_insertion,aborted,aborted,True,32,measured
conformance-20260723T020659Z,20260914,192,storage_reordering,accepted,accepted,True,32,measured
conformance-20260723T020659Z,20260914,192,counter_field_swap,aborted,aborted,True,32,measured
conformance-20260723T020659Z,20260915,193,consistent_set,accepted,accepted,True,32,measured
conformance-20260723T020659Z,20260915,193,payload_modification,aborted,aborted,True,32,measured
conformance-20260723T020659Z,20260915,193,record_deletion,aborted,aborted,True,32,measured
conformance-20260723T020659Z,20260915,193,record_insertion,aborted,aborted,True,32,measured
conformance-20260723T020659Z,20260915,193,storage_reordering,accepted,accepted,True,32,measured
conformance-20260723T020659Z,20260915,193,counter_field_swap,aborted,aborted,True,32,measured
conformance-20260723T020659Z,20260916,194,consistent_set,accepted,accepted,True,32,measured
conformance-20260723T020659Z,20260916,194,payload_modification,aborted,aborted,True,32,measured
conformance-20260723T020659Z,20260916,194,record_deletion,aborted,aborted,True,32,measured
conformance-20260723T020659Z,20260916,194,record_insertion,aborted,aborted,True,32,measured
conformance-20260723T020659Z,20260916,194,storage_reordering,accepted,accepted,True,32,measured
conformance-20260723T020659Z,20260916,194,counter_field_swap,aborted,aborted,True,32,measured
conformance-20260723T020659Z,20260917,195,consistent_set,accepted,accepted,True,32,measured
conformance-20260723T020659Z,20260917,195,payload_modification,aborted,aborted,True,32,measured
conformance-20260723T020659Z,20260917,195,record_deletion,aborted,aborted,True,32,measured
conformance-20260723T020659Z,20260917,195,record_insertion,aborted,aborted,True,32,measured
conformance-20260723T020659Z,20260917,195,storage_reordering,accepted,accepted,True,32,measured
conformance-20260723T020659Z,20260917,195,counter_field_swap,aborted,aborted,True,32,measured
conformance-20260723T020659Z,20260918,196,consistent_set,accepted,accepted,True,32,measured
conformance-20260723T020659Z,20260918,196,payload_modification,aborted,aborted,True,32,measured
conformance-20260723T020659Z,20260918,196,record_deletion,aborted,aborted,True,32,measured
conformance-20260723T020659Z,20260918,196,record_insertion,aborted,aborted,True,32,measured
conformance-20260723T020659Z,20260918,196,storage_reordering,accepted,accepted,True,32,measured
conformance-20260723T020659Z,20260918,196,counter_field_swap,aborted,aborted,True,32,measured
conformance-20260723T020659Z,20260919,197,consistent_set,accepted,accepted,True,32,measured
conformance-20260723T020659Z,20260919,197,payload_modification,aborted,aborted,True,32,measured
conformance-20260723T020659Z,20260919,197,record_deletion,aborted,aborted,True,32,measured
conformance-20260723T020659Z,20260919,197,record_insertion,aborted,aborted,True,32,measured
conformance-20260723T020659Z,20260919,197,storage_reordering,accepted,accepted,True,32,measured
conformance-20260723T020659Z,20260919,197,counter_field_swap,aborted,aborted,True,32,measured
conformance-20260723T020659Z,20260920,198,consistent_set,accepted,accepted,True,32,measured
conformance-20260723T020659Z,20260920,198,payload_modification,aborted,aborted,True,32,measured
conformance-20260723T020659Z,20260920,198,record_deletion,aborted,aborted,True,32,measured
conformance-20260723T020659Z,20260920,198,record_insertion,aborted,aborted,True,32,measured
conformance-20260723T020659Z,20260920,198,storage_reordering,accepted,accepted,True,32,measured
conformance-20260723T020659Z,20260920,198,counter_field_swap,aborted,aborted,True,32,measured
conformance-20260723T020659Z,20260921,199,consistent_set,accepted,accepted,True,32,measured
conformance-20260723T020659Z,20260921,199,payload_modification,aborted,aborted,True,32,measured
conformance-20260723T020659Z,20260921,199,record_deletion,aborted,aborted,True,32,measured
conformance-20260723T020659Z,20260921,199,record_insertion,aborted,aborted,True,32,measured
conformance-20260723T020659Z,20260921,199,storage_reordering,accepted,accepted,True,32,measured
conformance-20260723T020659Z,20260921,199,counter_field_swap,aborted,aborted,True,32,measured
