run_id,created_utc,provenance,dataset_name,dataset_doi,dataset_source_inventory_sha256,derivation_version,derivation_config_basename,derivation_config_file_sha256,derivation_config_canonical_sha256,metric_definition_version,code_commit_or_archive_hash,scenario,scenario_class,expected_outcome,expected_first_stage,rate_requested,rate_realized,pipeline,comparator_pipeline,comparison_type,enabled_checks,comparator_enabled_checks,comparator_definition,seed_count,seed_scope,execution_count_scope,bootstrap_master_seed,bootstrap_method,bootstrap_interval_type,bootstrap_repetitions_requested,bootstrap_repetitions_valid,bootstrap_repetitions_discarded,unique_participants,unique_eligible_participant_days,unique_attacked_participant_days,simulation_evaluations,attempted_N,mutated_N,evaluated_N,mixed_metric_applicable,estimand,evaluation_arm,metric_id,denominator_unit,numerator_n,denominator_N,estimate,ci_low,ci_high,panel_id,display_order,attack_rejected_n,attacked_N,clean_rejected_n,clean_N,stage_match_n,stage_applicable_N,covered_n,eligible_N,covered_agreement_n,covered_N,upward_n,priority_loss_n,paired_N,both_reject_n,attack_only_reject_n,clean_only_reject_n,neither_reject_n,risk_difference,risk_difference_ci_low,risk_difference_ci_high
aamos-submission-20260813-r410-final,2026-08-13T11:21:02.514563+00:00,public_secondary,AAMOS-00,10.7488/ds/3775,0fc9e6de8cec53b80b77bd4c806a8dd4238fc476c4a133efcb0db87b1731b0c1,aamos00-derivation-v1,aamos00_derivation.yaml,afdad4cef23c79307379e21011b1638ac91638f04b457dc21dc0be7888174baf,37665ed58cb0e42242624a310351f7d3920e4815a7fe55f79848ec4f6557e1fe,aamos-integrity-v4,a2b986cfa5c859bd1691652834600d28f2ce81e6646d60d63ab31cd685ff2f8f,,clean_control,,,0.0,0.0,all_checks,,,signature|device|binding|admission|merkle|freshness|authorization,,,20,pooled_fixed_seed_set,pooled_fixed_seed_set,20260722,crossed_seed_participant_multinomial,percentile_95,2000,2000,0,22,1582,,31640,31640,0,31640,False,clean_eligible_day_evaluation,clean_control,clean_false_rejection,clean simulation evaluations,0,31640,0.0,0.0,0.0,a,0,,,0.0,31640.0,,,,,,,,,,,,,,,,
aamos-submission-20260813-r410-final,2026-08-13T11:21:02.514563+00:00,public_secondary,AAMOS-00,10.7488/ds/3775,0fc9e6de8cec53b80b77bd4c806a8dd4238fc476c4a133efcb0db87b1731b0c1,aamos00-derivation-v1,aamos00_derivation.yaml,afdad4cef23c79307379e21011b1638ac91638f04b457dc21dc0be7888174baf,37665ed58cb0e42242624a310351f7d3920e4815a7fe55f79848ec4f6557e1fe,aamos-integrity-v4,a2b986cfa5c859bd1691652834600d28f2ce81e6646d60d63ab31cd685ff2f8f,,clean_control,,,0.0,0.0,all_minus_admission,,,signature|device|binding|merkle|freshness|authorization,,,20,pooled_fixed_seed_set,pooled_fixed_seed_set,20260722,crossed_seed_participant_multinomial,percentile_95,2000,2000,0,22,1582,,31640,31640,0,31640,False,clean_eligible_day_evaluation,clean_control,clean_false_rejection,clean simulation evaluations,0,31640,0.0,0.0,0.0,a,1,,,0.0,31640.0,,,,,,,,,,,,,,,,
aamos-submission-20260813-r410-final,2026-08-13T11:21:02.514563+00:00,public_secondary,AAMOS-00,10.7488/ds/3775,0fc9e6de8cec53b80b77bd4c806a8dd4238fc476c4a133efcb0db87b1731b0c1,aamos00-derivation-v1,aamos00_derivation.yaml,afdad4cef23c79307379e21011b1638ac91638f04b457dc21dc0be7888174baf,37665ed58cb0e42242624a310351f7d3920e4815a7fe55f79848ec4f6557e1fe,aamos-integrity-v4,a2b986cfa5c859bd1691652834600d28f2ce81e6646d60d63ab31cd685ff2f8f,,clean_control,,,0.0,0.0,all_minus_authorization,,,signature|device|binding|admission|merkle|freshness,,,20,pooled_fixed_seed_set,pooled_fixed_seed_set,20260722,crossed_seed_participant_multinomial,percentile_95,2000,2000,0,22,1582,,31640,31640,0,31640,False,clean_eligible_day_evaluation,clean_control,clean_false_rejection,clean simulation evaluations,0,31640,0.0,0.0,0.0,a,2,,,0.0,31640.0,,,,,,,,,,,,,,,,
aamos-submission-20260813-r410-final,2026-08-13T11:21:02.514563+00:00,public_secondary,AAMOS-00,10.7488/ds/3775,0fc9e6de8cec53b80b77bd4c806a8dd4238fc476c4a133efcb0db87b1731b0c1,aamos00-derivation-v1,aamos00_derivation.yaml,afdad4cef23c79307379e21011b1638ac91638f04b457dc21dc0be7888174baf,37665ed58cb0e42242624a310351f7d3920e4815a7fe55f79848ec4f6557e1fe,aamos-integrity-v4,a2b986cfa5c859bd1691652834600d28f2ce81e6646d60d63ab31cd685ff2f8f,,clean_control,,,0.0,0.0,all_minus_binding,,,signature|device|admission|merkle|freshness|authorization,,,20,pooled_fixed_seed_set,pooled_fixed_seed_set,20260722,crossed_seed_participant_multinomial,percentile_95,2000,2000,0,22,1582,,31640,31640,0,31640,False,clean_eligible_day_evaluation,clean_control,clean_false_rejection,clean simulation evaluations,0,31640,0.0,0.0,0.0,a,3,,,0.0,31640.0,,,,,,,,,,,,,,,,
aamos-submission-20260813-r410-final,2026-08-13T11:21:02.514563+00:00,public_secondary,AAMOS-00,10.7488/ds/3775,0fc9e6de8cec53b80b77bd4c806a8dd4238fc476c4a133efcb0db87b1731b0c1,aamos00-derivation-v1,aamos00_derivation.yaml,afdad4cef23c79307379e21011b1638ac91638f04b457dc21dc0be7888174baf,37665ed58cb0e42242624a310351f7d3920e4815a7fe55f79848ec4f6557e1fe,aamos-integrity-v4,a2b986cfa5c859bd1691652834600d28f2ce81e6646d60d63ab31cd685ff2f8f,,clean_control,,,0.0,0.0,all_minus_device,,,signature|binding|admission|merkle|freshness|authorization,,,20,pooled_fixed_seed_set,pooled_fixed_seed_set,20260722,crossed_seed_participant_multinomial,percentile_95,2000,2000,0,22,1582,,31640,31640,0,31640,False,clean_eligible_day_evaluation,clean_control,clean_false_rejection,clean simulation evaluations,0,31640,0.0,0.0,0.0,a,4,,,0.0,31640.0,,,,,,,,,,,,,,,,
aamos-submission-20260813-r410-final,2026-08-13T11:21:02.514563+00:00,public_secondary,AAMOS-00,10.7488/ds/3775,0fc9e6de8cec53b80b77bd4c806a8dd4238fc476c4a133efcb0db87b1731b0c1,aamos00-derivation-v1,aamos00_derivation.yaml,afdad4cef23c79307379e21011b1638ac91638f04b457dc21dc0be7888174baf,37665ed58cb0e42242624a310351f7d3920e4815a7fe55f79848ec4f6557e1fe,aamos-integrity-v4,a2b986cfa5c859bd1691652834600d28f2ce81e6646d60d63ab31cd685ff2f8f,,clean_control,,,0.0,0.0,all_minus_freshness,,,signature|device|binding|admission|merkle|authorization,,,20,pooled_fixed_seed_set,pooled_fixed_seed_set,20260722,crossed_seed_participant_multinomial,percentile_95,2000,2000,0,22,1582,,31640,31640,0,31640,False,clean_eligible_day_evaluation,clean_control,clean_false_rejection,clean simulation evaluations,0,31640,0.0,0.0,0.0,a,5,,,0.0,31640.0,,,,,,,,,,,,,,,,
aamos-submission-20260813-r410-final,2026-08-13T11:21:02.514563+00:00,public_secondary,AAMOS-00,10.7488/ds/3775,0fc9e6de8cec53b80b77bd4c806a8dd4238fc476c4a133efcb0db87b1731b0c1,aamos00-derivation-v1,aamos00_derivation.yaml,afdad4cef23c79307379e21011b1638ac91638f04b457dc21dc0be7888174baf,37665ed58cb0e42242624a310351f7d3920e4815a7fe55f79848ec4f6557e1fe,aamos-integrity-v4,a2b986cfa5c859bd1691652834600d28f2ce81e6646d60d63ab31cd685ff2f8f,,clean_control,,,0.0,0.0,all_minus_merkle,,,signature|device|binding|admission|freshness|authorization,,,20,pooled_fixed_seed_set,pooled_fixed_seed_set,20260722,crossed_seed_participant_multinomial,percentile_95,2000,2000,0,22,1582,,31640,31640,0,31640,False,clean_eligible_day_evaluation,clean_control,clean_false_rejection,clean simulation evaluations,0,31640,0.0,0.0,0.0,a,6,,,0.0,31640.0,,,,,,,,,,,,,,,,
aamos-submission-20260813-r410-final,2026-08-13T11:21:02.514563+00:00,public_secondary,AAMOS-00,10.7488/ds/3775,0fc9e6de8cec53b80b77bd4c806a8dd4238fc476c4a133efcb0db87b1731b0c1,aamos00-derivation-v1,aamos00_derivation.yaml,afdad4cef23c79307379e21011b1638ac91638f04b457dc21dc0be7888174baf,37665ed58cb0e42242624a310351f7d3920e4815a7fe55f79848ec4f6557e1fe,aamos-integrity-v4,a2b986cfa5c859bd1691652834600d28f2ce81e6646d60d63ab31cd685ff2f8f,,clean_control,,,0.0,0.0,all_minus_signature,,,device|binding|admission|merkle|freshness|authorization,,,20,pooled_fixed_seed_set,pooled_fixed_seed_set,20260722,crossed_seed_participant_multinomial,percentile_95,2000,2000,0,22,1582,,31640,31640,0,31640,False,clean_eligible_day_evaluation,clean_control,clean_false_rejection,clean simulation evaluations,0,31640,0.0,0.0,0.0,a,7,,,0.0,31640.0,,,,,,,,,,,,,,,,
aamos-submission-20260813-r410-final,2026-08-13T11:21:02.514563+00:00,public_secondary,AAMOS-00,10.7488/ds/3775,0fc9e6de8cec53b80b77bd4c806a8dd4238fc476c4a133efcb0db87b1731b0c1,aamos00-derivation-v1,aamos00_derivation.yaml,afdad4cef23c79307379e21011b1638ac91638f04b457dc21dc0be7888174baf,37665ed58cb0e42242624a310351f7d3920e4815a7fe55f79848ec4f6557e1fe,aamos-integrity-v4,a2b986cfa5c859bd1691652834600d28f2ce81e6646d60d63ab31cd685ff2f8f,,clean_control,,,0.0,0.0,signature_admission,,,signature|admission,,,20,pooled_fixed_seed_set,pooled_fixed_seed_set,20260722,crossed_seed_participant_multinomial,percentile_95,2000,2000,0,22,1582,,31640,31640,0,31640,False,clean_eligible_day_evaluation,clean_control,clean_false_rejection,clean simulation evaluations,0,31640,0.0,0.0,0.0,a,8,,,0.0,31640.0,,,,,,,,,,,,,,,,
aamos-submission-20260813-r410-final,2026-08-13T11:21:02.514563+00:00,public_secondary,AAMOS-00,10.7488/ds/3775,0fc9e6de8cec53b80b77bd4c806a8dd4238fc476c4a133efcb0db87b1731b0c1,aamos00-derivation-v1,aamos00_derivation.yaml,afdad4cef23c79307379e21011b1638ac91638f04b457dc21dc0be7888174baf,37665ed58cb0e42242624a310351f7d3920e4815a7fe55f79848ec4f6557e1fe,aamos-integrity-v4,a2b986cfa5c859bd1691652834600d28f2ce81e6646d60d63ab31cd685ff2f8f,,clean_control,,,0.0,0.0,signature_binding_admission,,,signature|binding|admission,,,20,pooled_fixed_seed_set,pooled_fixed_seed_set,20260722,crossed_seed_participant_multinomial,percentile_95,2000,2000,0,22,1582,,31640,31640,0,31640,False,clean_eligible_day_evaluation,clean_control,clean_false_rejection,clean simulation evaluations,0,31640,0.0,0.0,0.0,a,9,,,0.0,31640.0,,,,,,,,,,,,,,,,
aamos-submission-20260813-r410-final,2026-08-13T11:21:02.514563+00:00,public_secondary,AAMOS-00,10.7488/ds/3775,0fc9e6de8cec53b80b77bd4c806a8dd4238fc476c4a133efcb0db87b1731b0c1,aamos00-derivation-v1,aamos00_derivation.yaml,afdad4cef23c79307379e21011b1638ac91638f04b457dc21dc0be7888174baf,37665ed58cb0e42242624a310351f7d3920e4815a7fe55f79848ec4f6557e1fe,aamos-integrity-v4,a2b986cfa5c859bd1691652834600d28f2ce81e6646d60d63ab31cd685ff2f8f,,clean_control,,,0.0,0.0,signature_only,,,signature,,,20,pooled_fixed_seed_set,pooled_fixed_seed_set,20260722,crossed_seed_participant_multinomial,percentile_95,2000,2000,0,22,1582,,31640,31640,0,31640,False,clean_eligible_day_evaluation,clean_control,clean_false_rejection,clean simulation evaluations,0,31640,0.0,0.0,0.0,a,10,,,0.0,31640.0,,,,,,,,,,,,,,,,
aamos-submission-20260813-r410-final,2026-08-13T11:21:02.514563+00:00,public_secondary,AAMOS-00,10.7488/ds/3775,0fc9e6de8cec53b80b77bd4c806a8dd4238fc476c4a133efcb0db87b1731b0c1,aamos00-derivation-v1,aamos00_derivation.yaml,afdad4cef23c79307379e21011b1638ac91638f04b457dc21dc0be7888174baf,37665ed58cb0e42242624a310351f7d3920e4815a7fe55f79848ec4f6557e1fe,aamos-integrity-v4,a2b986cfa5c859bd1691652834600d28f2ce81e6646d60d63ab31cd685ff2f8f,,clean_control,,,0.0,0.0,unverified,,,,,,20,pooled_fixed_seed_set,pooled_fixed_seed_set,20260722,crossed_seed_participant_multinomial,percentile_95,2000,2000,0,22,1582,,31640,31640,0,31640,False,clean_eligible_day_evaluation,clean_control,clean_false_rejection,clean simulation evaluations,0,31640,0.0,0.0,0.0,a,11,,,0.0,31640.0,,,,,,,,,,,,,,,,
aamos-submission-20260813-r410-final,2026-08-13T11:21:02.514563+00:00,public_secondary,AAMOS-00,10.7488/ds/3775,0fc9e6de8cec53b80b77bd4c806a8dd4238fc476c4a133efcb0db87b1731b0c1,aamos00-derivation-v1,aamos00_derivation.yaml,afdad4cef23c79307379e21011b1638ac91638f04b457dc21dc0be7888174baf,37665ed58cb0e42242624a310351f7d3920e4815a7fe55f79848ec4f6557e1fe,aamos-integrity-v4,a2b986cfa5c859bd1691652834600d28f2ce81e6646d60d63ab31cd685ff2f8f,authorization_substitution,attack,reject,authorization,0.1,0.09987357774968394,all_checks,,,signature|device|binding|admission|merkle|freshness|authorization,,,20,pooled_fixed_seed_set,pooled_fixed_seed_set,20260722,crossed_seed_participant_multinomial,percentile_95,2000,2000,0,22,1582,1278.0,3160,3160,3160,3160,True,eligible_day_record_replacement,attack_target,attack_rejection,attacked simulation evaluations,3160,3160,1.0,1.0,1.0,a,12,3160.0,3160.0,,,,,,,,,,,,,,,,,,
aamos-submission-20260813-r410-final,2026-08-13T11:21:02.514563+00:00,public_secondary,AAMOS-00,10.7488/ds/3775,0fc9e6de8cec53b80b77bd4c806a8dd4238fc476c4a133efcb0db87b1731b0c1,aamos00-derivation-v1,aamos00_derivation.yaml,afdad4cef23c79307379e21011b1638ac91638f04b457dc21dc0be7888174baf,37665ed58cb0e42242624a310351f7d3920e4815a7fe55f79848ec4f6557e1fe,aamos-integrity-v4,a2b986cfa5c859bd1691652834600d28f2ce81e6646d60d63ab31cd685ff2f8f,authorization_substitution,attack,reject,authorization,0.1,0.09987357774968394,all_minus_admission,,,signature|device|binding|merkle|freshness|authorization,,,20,pooled_fixed_seed_set,pooled_fixed_seed_set,20260722,crossed_seed_participant_multinomial,percentile_95,2000,2000,0,22,1582,1278.0,3160,3160,3160,3160,True,eligible_day_record_replacement,attack_target,attack_rejection,attacked simulation evaluations,3160,3160,1.0,1.0,1.0,a,13,3160.0,3160.0,,,,,,,,,,,,,,,,,,
aamos-submission-20260813-r410-final,2026-08-13T11:21:02.514563+00:00,public_secondary,AAMOS-00,10.7488/ds/3775,0fc9e6de8cec53b80b77bd4c806a8dd4238fc476c4a133efcb0db87b1731b0c1,aamos00-derivation-v1,aamos00_derivation.yaml,afdad4cef23c79307379e21011b1638ac91638f04b457dc21dc0be7888174baf,37665ed58cb0e42242624a310351f7d3920e4815a7fe55f79848ec4f6557e1fe,aamos-integrity-v4,a2b986cfa5c859bd1691652834600d28f2ce81e6646d60d63ab31cd685ff2f8f,authorization_substitution,attack,accept,none,0.1,0.09987357774968394,all_minus_authorization,,,signature|device|binding|admission|merkle|freshness,,,20,pooled_fixed_seed_set,pooled_fixed_seed_set,20260722,crossed_seed_participant_multinomial,percentile_95,2000,2000,0,22,1582,1278.0,3160,3160,3160,3160,True,eligible_day_record_replacement,attack_target,attack_rejection,attacked simulation evaluations,0,3160,0.0,0.0,0.0,a,14,0.0,3160.0,,,,,,,,,,,,,,,,,,
aamos-submission-20260813-r410-final,2026-08-13T11:21:02.514563+00:00,public_secondary,AAMOS-00,10.7488/ds/3775,0fc9e6de8cec53b80b77bd4c806a8dd4238fc476c4a133efcb0db87b1731b0c1,aamos00-derivation-v1,aamos00_derivation.yaml,afdad4cef23c79307379e21011b1638ac91638f04b457dc21dc0be7888174baf,37665ed58cb0e42242624a310351f7d3920e4815a7fe55f79848ec4f6557e1fe,aamos-integrity-v4,a2b986cfa5c859bd1691652834600d28f2ce81e6646d60d63ab31cd685ff2f8f,authorization_substitution,attack,reject,authorization,0.1,0.09987357774968394,all_minus_binding,,,signature|device|admission|merkle|freshness|authorization,,,20,pooled_fixed_seed_set,pooled_fixed_seed_set,20260722,crossed_seed_participant_multinomial,percentile_95,2000,2000,0,22,1582,1278.0,3160,3160,3160,3160,True,eligible_day_record_replacement,attack_target,attack_rejection,attacked simulation evaluations,3160,3160,1.0,1.0,1.0,a,15,3160.0,3160.0,,,,,,,,,,,,,,,,,,
aamos-submission-20260813-r410-final,2026-08-13T11:21:02.514563+00:00,public_secondary,AAMOS-00,10.7488/ds/3775,0fc9e6de8cec53b80b77bd4c806a8dd4238fc476c4a133efcb0db87b1731b0c1,aamos00-derivation-v1,aamos00_derivation.yaml,afdad4cef23c79307379e21011b1638ac91638f04b457dc21dc0be7888174baf,37665ed58cb0e42242624a310351f7d3920e4815a7fe55f79848ec4f6557e1fe,aamos-integrity-v4,a2b986cfa5c859bd1691652834600d28f2ce81e6646d60d63ab31cd685ff2f8f,authorization_substitution,attack,reject,authorization,0.1,0.09987357774968394,all_minus_device,,,signature|binding|admission|merkle|freshness|authorization,,,20,pooled_fixed_seed_set,pooled_fixed_seed_set,20260722,crossed_seed_participant_multinomial,percentile_95,2000,2000,0,22,1582,1278.0,3160,3160,3160,3160,True,eligible_day_record_replacement,attack_target,attack_rejection,attacked simulation evaluations,3160,3160,1.0,1.0,1.0,a,16,3160.0,3160.0,,,,,,,,,,,,,,,,,,
aamos-submission-20260813-r410-final,2026-08-13T11:21:02.514563+00:00,public_secondary,AAMOS-00,10.7488/ds/3775,0fc9e6de8cec53b80b77bd4c806a8dd4238fc476c4a133efcb0db87b1731b0c1,aamos00-derivation-v1,aamos00_derivation.yaml,afdad4cef23c79307379e21011b1638ac91638f04b457dc21dc0be7888174baf,37665ed58cb0e42242624a310351f7d3920e4815a7fe55f79848ec4f6557e1fe,aamos-integrity-v4,a2b986cfa5c859bd1691652834600d28f2ce81e6646d60d63ab31cd685ff2f8f,authorization_substitution,attack,reject,authorization,0.1,0.09987357774968394,all_minus_freshness,,,signature|device|binding|admission|merkle|authorization,,,20,pooled_fixed_seed_set,pooled_fixed_seed_set,20260722,crossed_seed_participant_multinomial,percentile_95,2000,2000,0,22,1582,1278.0,3160,3160,3160,3160,True,eligible_day_record_replacement,attack_target,attack_rejection,attacked simulation evaluations,3160,3160,1.0,1.0,1.0,a,17,3160.0,3160.0,,,,,,,,,,,,,,,,,,
aamos-submission-20260813-r410-final,2026-08-13T11:21:02.514563+00:00,public_secondary,AAMOS-00,10.7488/ds/3775,0fc9e6de8cec53b80b77bd4c806a8dd4238fc476c4a133efcb0db87b1731b0c1,aamos00-derivation-v1,aamos00_derivation.yaml,afdad4cef23c79307379e21011b1638ac91638f04b457dc21dc0be7888174baf,37665ed58cb0e42242624a310351f7d3920e4815a7fe55f79848ec4f6557e1fe,aamos-integrity-v4,a2b986cfa5c859bd1691652834600d28f2ce81e6646d60d63ab31cd685ff2f8f,authorization_substitution,attack,reject,authorization,0.1,0.09987357774968394,all_minus_merkle,,,signature|device|binding|admission|freshness|authorization,,,20,pooled_fixed_seed_set,pooled_fixed_seed_set,20260722,crossed_seed_participant_multinomial,percentile_95,2000,2000,0,22,1582,1278.0,3160,3160,3160,3160,True,eligible_day_record_replacement,attack_target,attack_rejection,attacked simulation evaluations,3160,3160,1.0,1.0,1.0,a,18,3160.0,3160.0,,,,,,,,,,,,,,,,,,
aamos-submission-20260813-r410-final,2026-08-13T11:21:02.514563+00:00,public_secondary,AAMOS-00,10.7488/ds/3775,0fc9e6de8cec53b80b77bd4c806a8dd4238fc476c4a133efcb0db87b1731b0c1,aamos00-derivation-v1,aamos00_derivation.yaml,afdad4cef23c79307379e21011b1638ac91638f04b457dc21dc0be7888174baf,37665ed58cb0e42242624a310351f7d3920e4815a7fe55f79848ec4f6557e1fe,aamos-integrity-v4,a2b986cfa5c859bd1691652834600d28f2ce81e6646d60d63ab31cd685ff2f8f,authorization_substitution,attack,reject,authorization,0.1,0.09987357774968394,all_minus_signature,,,device|binding|admission|merkle|freshness|authorization,,,20,pooled_fixed_seed_set,pooled_fixed_seed_set,20260722,crossed_seed_participant_multinomial,percentile_95,2000,2000,0,22,1582,1278.0,3160,3160,3160,3160,True,eligible_day_record_replacement,attack_target,attack_rejection,attacked simulation evaluations,3160,3160,1.0,1.0,1.0,a,19,3160.0,3160.0,,,,,,,,,,,,,,,,,,
aamos-submission-20260813-r410-final,2026-08-13T11:21:02.514563+00:00,public_secondary,AAMOS-00,10.7488/ds/3775,0fc9e6de8cec53b80b77bd4c806a8dd4238fc476c4a133efcb0db87b1731b0c1,aamos00-derivation-v1,aamos00_derivation.yaml,afdad4cef23c79307379e21011b1638ac91638f04b457dc21dc0be7888174baf,37665ed58cb0e42242624a310351f7d3920e4815a7fe55f79848ec4f6557e1fe,aamos-integrity-v4,a2b986cfa5c859bd1691652834600d28f2ce81e6646d60d63ab31cd685ff2f8f,authorization_substitution,attack,accept,none,0.1,0.09987357774968394,signature_admission,,,signature|admission,,,20,pooled_fixed_seed_set,pooled_fixed_seed_set,20260722,crossed_seed_participant_multinomial,percentile_95,2000,2000,0,22,1582,1278.0,3160,3160,3160,3160,True,eligible_day_record_replacement,attack_target,attack_rejection,attacked simulation evaluations,0,3160,0.0,0.0,0.0,a,20,0.0,3160.0,,,,,,,,,,,,,,,,,,
aamos-submission-20260813-r410-final,2026-08-13T11:21:02.514563+00:00,public_secondary,AAMOS-00,10.7488/ds/3775,0fc9e6de8cec53b80b77bd4c806a8dd4238fc476c4a133efcb0db87b1731b0c1,aamos00-derivation-v1,aamos00_derivation.yaml,afdad4cef23c79307379e21011b1638ac91638f04b457dc21dc0be7888174baf,37665ed58cb0e42242624a310351f7d3920e4815a7fe55f79848ec4f6557e1fe,aamos-integrity-v4,a2b986cfa5c859bd1691652834600d28f2ce81e6646d60d63ab31cd685ff2f8f,authorization_substitution,attack,accept,none,0.1,0.09987357774968394,signature_binding_admission,,,signature|binding|admission,,,20,pooled_fixed_seed_set,pooled_fixed_seed_set,20260722,crossed_seed_participant_multinomial,percentile_95,2000,2000,0,22,1582,1278.0,3160,3160,3160,3160,True,eligible_day_record_replacement,attack_target,attack_rejection,attacked simulation evaluations,0,3160,0.0,0.0,0.0,a,21,0.0,3160.0,,,,,,,,,,,,,,,,,,
aamos-submission-20260813-r410-final,2026-08-13T11:21:02.514563+00:00,public_secondary,AAMOS-00,10.7488/ds/3775,0fc9e6de8cec53b80b77bd4c806a8dd4238fc476c4a133efcb0db87b1731b0c1,aamos00-derivation-v1,aamos00_derivation.yaml,afdad4cef23c79307379e21011b1638ac91638f04b457dc21dc0be7888174baf,37665ed58cb0e42242624a310351f7d3920e4815a7fe55f79848ec4f6557e1fe,aamos-integrity-v4,a2b986cfa5c859bd1691652834600d28f2ce81e6646d60d63ab31cd685ff2f8f,authorization_substitution,attack,accept,none,0.1,0.09987357774968394,signature_only,,,signature,,,20,pooled_fixed_seed_set,pooled_fixed_seed_set,20260722,crossed_seed_participant_multinomial,percentile_95,2000,2000,0,22,1582,1278.0,3160,3160,3160,3160,True,eligible_day_record_replacement,attack_target,attack_rejection,attacked simulation evaluations,0,3160,0.0,0.0,0.0,a,22,0.0,3160.0,,,,,,,,,,,,,,,,,,
aamos-submission-20260813-r410-final,2026-08-13T11:21:02.514563+00:00,public_secondary,AAMOS-00,10.7488/ds/3775,0fc9e6de8cec53b80b77bd4c806a8dd4238fc476c4a133efcb0db87b1731b0c1,aamos00-derivation-v1,aamos00_derivation.yaml,afdad4cef23c79307379e21011b1638ac91638f04b457dc21dc0be7888174baf,37665ed58cb0e42242624a310351f7d3920e4815a7fe55f79848ec4f6557e1fe,aamos-integrity-v4,a2b986cfa5c859bd1691652834600d28f2ce81e6646d60d63ab31cd685ff2f8f,authorization_substitution,attack,accept,none,0.1,0.09987357774968394,unverified,,,,,,20,pooled_fixed_seed_set,pooled_fixed_seed_set,20260722,crossed_seed_participant_multinomial,percentile_95,2000,2000,0,22,1582,1278.0,3160,3160,3160,3160,True,eligible_day_record_replacement,attack_target,attack_rejection,attacked simulation evaluations,0,3160,0.0,0.0,0.0,a,23,0.0,3160.0,,,,,,,,,,,,,,,,,,
aamos-submission-20260813-r410-final,2026-08-13T11:21:02.514563+00:00,public_secondary,AAMOS-00,10.7488/ds/3775,0fc9e6de8cec53b80b77bd4c806a8dd4238fc476c4a133efcb0db87b1731b0c1,aamos00-derivation-v1,aamos00_derivation.yaml,afdad4cef23c79307379e21011b1638ac91638f04b457dc21dc0be7888174baf,37665ed58cb0e42242624a310351f7d3920e4815a7fe55f79848ec4f6557e1fe,aamos-integrity-v4,a2b986cfa5c859bd1691652834600d28f2ce81e6646d60d63ab31cd685ff2f8f,binding_mismatch,attack,reject,binding,0.1,0.09987357774968394,all_checks,,,signature|device|binding|admission|merkle|freshness|authorization,,,20,pooled_fixed_seed_set,pooled_fixed_seed_set,20260722,crossed_seed_participant_multinomial,percentile_95,2000,2000,0,22,1582,1278.0,3160,3160,3160,3160,True,eligible_day_record_replacement,attack_target,attack_rejection,attacked simulation evaluations,3160,3160,1.0,1.0,1.0,a,24,3160.0,3160.0,,,,,,,,,,,,,,,,,,
aamos-submission-20260813-r410-final,2026-08-13T11:21:02.514563+00:00,public_secondary,AAMOS-00,10.7488/ds/3775,0fc9e6de8cec53b80b77bd4c806a8dd4238fc476c4a133efcb0db87b1731b0c1,aamos00-derivation-v1,aamos00_derivation.yaml,afdad4cef23c79307379e21011b1638ac91638f04b457dc21dc0be7888174baf,37665ed58cb0e42242624a310351f7d3920e4815a7fe55f79848ec4f6557e1fe,aamos-integrity-v4,a2b986cfa5c859bd1691652834600d28f2ce81e6646d60d63ab31cd685ff2f8f,binding_mismatch,attack,reject,binding,0.1,0.09987357774968394,all_minus_admission,,,signature|device|binding|merkle|freshness|authorization,,,20,pooled_fixed_seed_set,pooled_fixed_seed_set,20260722,crossed_seed_participant_multinomial,percentile_95,2000,2000,0,22,1582,1278.0,3160,3160,3160,3160,True,eligible_day_record_replacement,attack_target,attack_rejection,attacked simulation evaluations,3160,3160,1.0,1.0,1.0,a,25,3160.0,3160.0,,,,,,,,,,,,,,,,,,
aamos-submission-20260813-r410-final,2026-08-13T11:21:02.514563+00:00,public_secondary,AAMOS-00,10.7488/ds/3775,0fc9e6de8cec53b80b77bd4c806a8dd4238fc476c4a133efcb0db87b1731b0c1,aamos00-derivation-v1,aamos00_derivation.yaml,afdad4cef23c79307379e21011b1638ac91638f04b457dc21dc0be7888174baf,37665ed58cb0e42242624a310351f7d3920e4815a7fe55f79848ec4f6557e1fe,aamos-integrity-v4,a2b986cfa5c859bd1691652834600d28f2ce81e6646d60d63ab31cd685ff2f8f,binding_mismatch,attack,reject,binding,0.1,0.09987357774968394,all_minus_authorization,,,signature|device|binding|admission|merkle|freshness,,,20,pooled_fixed_seed_set,pooled_fixed_seed_set,20260722,crossed_seed_participant_multinomial,percentile_95,2000,2000,0,22,1582,1278.0,3160,3160,3160,3160,True,eligible_day_record_replacement,attack_target,attack_rejection,attacked simulation evaluations,3160,3160,1.0,1.0,1.0,a,26,3160.0,3160.0,,,,,,,,,,,,,,,,,,
aamos-submission-20260813-r410-final,2026-08-13T11:21:02.514563+00:00,public_secondary,AAMOS-00,10.7488/ds/3775,0fc9e6de8cec53b80b77bd4c806a8dd4238fc476c4a133efcb0db87b1731b0c1,aamos00-derivation-v1,aamos00_derivation.yaml,afdad4cef23c79307379e21011b1638ac91638f04b457dc21dc0be7888174baf,37665ed58cb0e42242624a310351f7d3920e4815a7fe55f79848ec4f6557e1fe,aamos-integrity-v4,a2b986cfa5c859bd1691652834600d28f2ce81e6646d60d63ab31cd685ff2f8f,binding_mismatch,attack,accept,none,0.1,0.09987357774968394,all_minus_binding,,,signature|device|admission|merkle|freshness|authorization,,,20,pooled_fixed_seed_set,pooled_fixed_seed_set,20260722,crossed_seed_participant_multinomial,percentile_95,2000,2000,0,22,1582,1278.0,3160,3160,3160,3160,True,eligible_day_record_replacement,attack_target,attack_rejection,attacked simulation evaluations,0,3160,0.0,0.0,0.0,a,27,0.0,3160.0,,,,,,,,,,,,,,,,,,
aamos-submission-20260813-r410-final,2026-08-13T11:21:02.514563+00:00,public_secondary,AAMOS-00,10.7488/ds/3775,0fc9e6de8cec53b80b77bd4c806a8dd4238fc476c4a133efcb0db87b1731b0c1,aamos00-derivation-v1,aamos00_derivation.yaml,afdad4cef23c79307379e21011b1638ac91638f04b457dc21dc0be7888174baf,37665ed58cb0e42242624a310351f7d3920e4815a7fe55f79848ec4f6557e1fe,aamos-integrity-v4,a2b986cfa5c859bd1691652834600d28f2ce81e6646d60d63ab31cd685ff2f8f,binding_mismatch,attack,reject,binding,0.1,0.09987357774968394,all_minus_device,,,signature|binding|admission|merkle|freshness|authorization,,,20,pooled_fixed_seed_set,pooled_fixed_seed_set,20260722,crossed_seed_participant_multinomial,percentile_95,2000,2000,0,22,1582,1278.0,3160,3160,3160,3160,True,eligible_day_record_replacement,attack_target,attack_rejection,attacked simulation evaluations,3160,3160,1.0,1.0,1.0,a,28,3160.0,3160.0,,,,,,,,,,,,,,,,,,
aamos-submission-20260813-r410-final,2026-08-13T11:21:02.514563+00:00,public_secondary,AAMOS-00,10.7488/ds/3775,0fc9e6de8cec53b80b77bd4c806a8dd4238fc476c4a133efcb0db87b1731b0c1,aamos00-derivation-v1,aamos00_derivation.yaml,afdad4cef23c79307379e21011b1638ac91638f04b457dc21dc0be7888174baf,37665ed58cb0e42242624a310351f7d3920e4815a7fe55f79848ec4f6557e1fe,aamos-integrity-v4,a2b986cfa5c859bd1691652834600d28f2ce81e6646d60d63ab31cd685ff2f8f,binding_mismatch,attack,reject,binding,0.1,0.09987357774968394,all_minus_freshness,,,signature|device|binding|admission|merkle|authorization,,,20,pooled_fixed_seed_set,pooled_fixed_seed_set,20260722,crossed_seed_participant_multinomial,percentile_95,2000,2000,0,22,1582,1278.0,3160,3160,3160,3160,True,eligible_day_record_replacement,attack_target,attack_rejection,attacked simulation evaluations,3160,3160,1.0,1.0,1.0,a,29,3160.0,3160.0,,,,,,,,,,,,,,,,,,
aamos-submission-20260813-r410-final,2026-08-13T11:21:02.514563+00:00,public_secondary,AAMOS-00,10.7488/ds/3775,0fc9e6de8cec53b80b77bd4c806a8dd4238fc476c4a133efcb0db87b1731b0c1,aamos00-derivation-v1,aamos00_derivation.yaml,afdad4cef23c79307379e21011b1638ac91638f04b457dc21dc0be7888174baf,37665ed58cb0e42242624a310351f7d3920e4815a7fe55f79848ec4f6557e1fe,aamos-integrity-v4,a2b986cfa5c859bd1691652834600d28f2ce81e6646d60d63ab31cd685ff2f8f,binding_mismatch,attack,reject,binding,0.1,0.09987357774968394,all_minus_merkle,,,signature|device|binding|admission|freshness|authorization,,,20,pooled_fixed_seed_set,pooled_fixed_seed_set,20260722,crossed_seed_participant_multinomial,percentile_95,2000,2000,0,22,1582,1278.0,3160,3160,3160,3160,True,eligible_day_record_replacement,attack_target,attack_rejection,attacked simulation evaluations,3160,3160,1.0,1.0,1.0,a,30,3160.0,3160.0,,,,,,,,,,,,,,,,,,
aamos-submission-20260813-r410-final,2026-08-13T11:21:02.514563+00:00,public_secondary,AAMOS-00,10.7488/ds/3775,0fc9e6de8cec53b80b77bd4c806a8dd4238fc476c4a133efcb0db87b1731b0c1,aamos00-derivation-v1,aamos00_derivation.yaml,afdad4cef23c79307379e21011b1638ac91638f04b457dc21dc0be7888174baf,37665ed58cb0e42242624a310351f7d3920e4815a7fe55f79848ec4f6557e1fe,aamos-integrity-v4,a2b986cfa5c859bd1691652834600d28f2ce81e6646d60d63ab31cd685ff2f8f,binding_mismatch,attack,reject,binding,0.1,0.09987357774968394,all_minus_signature,,,device|binding|admission|merkle|freshness|authorization,,,20,pooled_fixed_seed_set,pooled_fixed_seed_set,20260722,crossed_seed_participant_multinomial,percentile_95,2000,2000,0,22,1582,1278.0,3160,3160,3160,3160,True,eligible_day_record_replacement,attack_target,attack_rejection,attacked simulation evaluations,3160,3160,1.0,1.0,1.0,a,31,3160.0,3160.0,,,,,,,,,,,,,,,,,,
aamos-submission-20260813-r410-final,2026-08-13T11:21:02.514563+00:00,public_secondary,AAMOS-00,10.7488/ds/3775,0fc9e6de8cec53b80b77bd4c806a8dd4238fc476c4a133efcb0db87b1731b0c1,aamos00-derivation-v1,aamos00_derivation.yaml,afdad4cef23c79307379e21011b1638ac91638f04b457dc21dc0be7888174baf,37665ed58cb0e42242624a310351f7d3920e4815a7fe55f79848ec4f6557e1fe,aamos-integrity-v4,a2b986cfa5c859bd1691652834600d28f2ce81e6646d60d63ab31cd685ff2f8f,binding_mismatch,attack,accept,none,0.1,0.09987357774968394,signature_admission,,,signature|admission,,,20,pooled_fixed_seed_set,pooled_fixed_seed_set,20260722,crossed_seed_participant_multinomial,percentile_95,2000,2000,0,22,1582,1278.0,3160,3160,3160,3160,True,eligible_day_record_replacement,attack_target,attack_rejection,attacked simulation evaluations,0,3160,0.0,0.0,0.0,a,32,0.0,3160.0,,,,,,,,,,,,,,,,,,
aamos-submission-20260813-r410-final,2026-08-13T11:21:02.514563+00:00,public_secondary,AAMOS-00,10.7488/ds/3775,0fc9e6de8cec53b80b77bd4c806a8dd4238fc476c4a133efcb0db87b1731b0c1,aamos00-derivation-v1,aamos00_derivation.yaml,afdad4cef23c79307379e21011b1638ac91638f04b457dc21dc0be7888174baf,37665ed58cb0e42242624a310351f7d3920e4815a7fe55f79848ec4f6557e1fe,aamos-integrity-v4,a2b986cfa5c859bd1691652834600d28f2ce81e6646d60d63ab31cd685ff2f8f,binding_mismatch,attack,reject,binding,0.1,0.09987357774968394,signature_binding_admission,,,signature|binding|admission,,,20,pooled_fixed_seed_set,pooled_fixed_seed_set,20260722,crossed_seed_participant_multinomial,percentile_95,2000,2000,0,22,1582,1278.0,3160,3160,3160,3160,True,eligible_day_record_replacement,attack_target,attack_rejection,attacked simulation evaluations,3160,3160,1.0,1.0,1.0,a,33,3160.0,3160.0,,,,,,,,,,,,,,,,,,
aamos-submission-20260813-r410-final,2026-08-13T11:21:02.514563+00:00,public_secondary,AAMOS-00,10.7488/ds/3775,0fc9e6de8cec53b80b77bd4c806a8dd4238fc476c4a133efcb0db87b1731b0c1,aamos00-derivation-v1,aamos00_derivation.yaml,afdad4cef23c79307379e21011b1638ac91638f04b457dc21dc0be7888174baf,37665ed58cb0e42242624a310351f7d3920e4815a7fe55f79848ec4f6557e1fe,aamos-integrity-v4,a2b986cfa5c859bd1691652834600d28f2ce81e6646d60d63ab31cd685ff2f8f,binding_mismatch,attack,accept,none,0.1,0.09987357774968394,signature_only,,,signature,,,20,pooled_fixed_seed_set,pooled_fixed_seed_set,20260722,crossed_seed_participant_multinomial,percentile_95,2000,2000,0,22,1582,1278.0,3160,3160,3160,3160,True,eligible_day_record_replacement,attack_target,attack_rejection,attacked simulation evaluations,0,3160,0.0,0.0,0.0,a,34,0.0,3160.0,,,,,,,,,,,,,,,,,,
aamos-submission-20260813-r410-final,2026-08-13T11:21:02.514563+00:00,public_secondary,AAMOS-00,10.7488/ds/3775,0fc9e6de8cec53b80b77bd4c806a8dd4238fc476c4a133efcb0db87b1731b0c1,aamos00-derivation-v1,aamos00_derivation.yaml,afdad4cef23c79307379e21011b1638ac91638f04b457dc21dc0be7888174baf,37665ed58cb0e42242624a310351f7d3920e4815a7fe55f79848ec4f6557e1fe,aamos-integrity-v4,a2b986cfa5c859bd1691652834600d28f2ce81e6646d60d63ab31cd685ff2f8f,binding_mismatch,attack,accept,none,0.1,0.09987357774968394,unverified,,,,,,20,pooled_fixed_seed_set,pooled_fixed_seed_set,20260722,crossed_seed_participant_multinomial,percentile_95,2000,2000,0,22,1582,1278.0,3160,3160,3160,3160,True,eligible_day_record_replacement,attack_target,attack_rejection,attacked simulation evaluations,0,3160,0.0,0.0,0.0,a,35,0.0,3160.0,,,,,,,,,,,,,,,,,,
aamos-submission-20260813-r410-final,2026-08-13T11:21:02.514563+00:00,public_secondary,AAMOS-00,10.7488/ds/3775,0fc9e6de8cec53b80b77bd4c806a8dd4238fc476c4a133efcb0db87b1731b0c1,aamos00-derivation-v1,aamos00_derivation.yaml,afdad4cef23c79307379e21011b1638ac91638f04b457dc21dc0be7888174baf,37665ed58cb0e42242624a310351f7d3920e4815a7fe55f79848ec4f6557e1fe,aamos-integrity-v4,a2b986cfa5c859bd1691652834600d28f2ce81e6646d60d63ab31cd685ff2f8f,counter_conflict,attack,reject,admission,0.1,0.09987357774968394,all_checks,,,signature|device|binding|admission|merkle|freshness|authorization,,,20,pooled_fixed_seed_set,pooled_fixed_seed_set,20260722,crossed_seed_participant_multinomial,percentile_95,2000,2000,0,22,1582,1278.0,3160,3160,3160,3160,True,eligible_day_record_replacement,attack_target,attack_rejection,attacked simulation evaluations,3160,3160,1.0,1.0,1.0,a,36,3160.0,3160.0,,,,,,,,,,,,,,,,,,
aamos-submission-20260813-r410-final,2026-08-13T11:21:02.514563+00:00,public_secondary,AAMOS-00,10.7488/ds/3775,0fc9e6de8cec53b80b77bd4c806a8dd4238fc476c4a133efcb0db87b1731b0c1,aamos00-derivation-v1,aamos00_derivation.yaml,afdad4cef23c79307379e21011b1638ac91638f04b457dc21dc0be7888174baf,37665ed58cb0e42242624a310351f7d3920e4815a7fe55f79848ec4f6557e1fe,aamos-integrity-v4,a2b986cfa5c859bd1691652834600d28f2ce81e6646d60d63ab31cd685ff2f8f,counter_conflict,attack,accept,none,0.1,0.09987357774968394,all_minus_admission,,,signature|device|binding|merkle|freshness|authorization,,,20,pooled_fixed_seed_set,pooled_fixed_seed_set,20260722,crossed_seed_participant_multinomial,percentile_95,2000,2000,0,22,1582,1278.0,3160,3160,3160,3160,True,eligible_day_record_replacement,attack_target,attack_rejection,attacked simulation evaluations,0,3160,0.0,0.0,0.0,a,37,0.0,3160.0,,,,,,,,,,,,,,,,,,
aamos-submission-20260813-r410-final,2026-08-13T11:21:02.514563+00:00,public_secondary,AAMOS-00,10.7488/ds/3775,0fc9e6de8cec53b80b77bd4c806a8dd4238fc476c4a133efcb0db87b1731b0c1,aamos00-derivation-v1,aamos00_derivation.yaml,afdad4cef23c79307379e21011b1638ac91638f04b457dc21dc0be7888174baf,37665ed58cb0e42242624a310351f7d3920e4815a7fe55f79848ec4f6557e1fe,aamos-integrity-v4,a2b986cfa5c859bd1691652834600d28f2ce81e6646d60d63ab31cd685ff2f8f,counter_conflict,attack,reject,admission,0.1,0.09987357774968394,all_minus_authorization,,,signature|device|binding|admission|merkle|freshness,,,20,pooled_fixed_seed_set,pooled_fixed_seed_set,20260722,crossed_seed_participant_multinomial,percentile_95,2000,2000,0,22,1582,1278.0,3160,3160,3160,3160,True,eligible_day_record_replacement,attack_target,attack_rejection,attacked simulation evaluations,3160,3160,1.0,1.0,1.0,a,38,3160.0,3160.0,,,,,,,,,,,,,,,,,,
aamos-submission-20260813-r410-final,2026-08-13T11:21:02.514563+00:00,public_secondary,AAMOS-00,10.7488/ds/3775,0fc9e6de8cec53b80b77bd4c806a8dd4238fc476c4a133efcb0db87b1731b0c1,aamos00-derivation-v1,aamos00_derivation.yaml,afdad4cef23c79307379e21011b1638ac91638f04b457dc21dc0be7888174baf,37665ed58cb0e42242624a310351f7d3920e4815a7fe55f79848ec4f6557e1fe,aamos-integrity-v4,a2b986cfa5c859bd1691652834600d28f2ce81e6646d60d63ab31cd685ff2f8f,counter_conflict,attack,reject,admission,0.1,0.09987357774968394,all_minus_binding,,,signature|device|admission|merkle|freshness|authorization,,,20,pooled_fixed_seed_set,pooled_fixed_seed_set,20260722,crossed_seed_participant_multinomial,percentile_95,2000,2000,0,22,1582,1278.0,3160,3160,3160,3160,True,eligible_day_record_replacement,attack_target,attack_rejection,attacked simulation evaluations,3160,3160,1.0,1.0,1.0,a,39,3160.0,3160.0,,,,,,,,,,,,,,,,,,
aamos-submission-20260813-r410-final,2026-08-13T11:21:02.514563+00:00,public_secondary,AAMOS-00,10.7488/ds/3775,0fc9e6de8cec53b80b77bd4c806a8dd4238fc476c4a133efcb0db87b1731b0c1,aamos00-derivation-v1,aamos00_derivation.yaml,afdad4cef23c79307379e21011b1638ac91638f04b457dc21dc0be7888174baf,37665ed58cb0e42242624a310351f7d3920e4815a7fe55f79848ec4f6557e1fe,aamos-integrity-v4,a2b986cfa5c859bd1691652834600d28f2ce81e6646d60d63ab31cd685ff2f8f,counter_conflict,attack,reject,admission,0.1,0.09987357774968394,all_minus_device,,,signature|binding|admission|merkle|freshness|authorization,,,20,pooled_fixed_seed_set,pooled_fixed_seed_set,20260722,crossed_seed_participant_multinomial,percentile_95,2000,2000,0,22,1582,1278.0,3160,3160,3160,3160,True,eligible_day_record_replacement,attack_target,attack_rejection,attacked simulation evaluations,3160,3160,1.0,1.0,1.0,a,40,3160.0,3160.0,,,,,,,,,,,,,,,,,,
aamos-submission-20260813-r410-final,2026-08-13T11:21:02.514563+00:00,public_secondary,AAMOS-00,10.7488/ds/3775,0fc9e6de8cec53b80b77bd4c806a8dd4238fc476c4a133efcb0db87b1731b0c1,aamos00-derivation-v1,aamos00_derivation.yaml,afdad4cef23c79307379e21011b1638ac91638f04b457dc21dc0be7888174baf,37665ed58cb0e42242624a310351f7d3920e4815a7fe55f79848ec4f6557e1fe,aamos-integrity-v4,a2b986cfa5c859bd1691652834600d28f2ce81e6646d60d63ab31cd685ff2f8f,counter_conflict,attack,reject,admission,0.1,0.09987357774968394,all_minus_freshness,,,signature|device|binding|admission|merkle|authorization,,,20,pooled_fixed_seed_set,pooled_fixed_seed_set,20260722,crossed_seed_participant_multinomial,percentile_95,2000,2000,0,22,1582,1278.0,3160,3160,3160,3160,True,eligible_day_record_replacement,attack_target,attack_rejection,attacked simulation evaluations,3160,3160,1.0,1.0,1.0,a,41,3160.0,3160.0,,,,,,,,,,,,,,,,,,
aamos-submission-20260813-r410-final,2026-08-13T11:21:02.514563+00:00,public_secondary,AAMOS-00,10.7488/ds/3775,0fc9e6de8cec53b80b77bd4c806a8dd4238fc476c4a133efcb0db87b1731b0c1,aamos00-derivation-v1,aamos00_derivation.yaml,afdad4cef23c79307379e21011b1638ac91638f04b457dc21dc0be7888174baf,37665ed58cb0e42242624a310351f7d3920e4815a7fe55f79848ec4f6557e1fe,aamos-integrity-v4,a2b986cfa5c859bd1691652834600d28f2ce81e6646d60d63ab31cd685ff2f8f,counter_conflict,attack,reject,admission,0.1,0.09987357774968394,all_minus_merkle,,,signature|device|binding|admission|freshness|authorization,,,20,pooled_fixed_seed_set,pooled_fixed_seed_set,20260722,crossed_seed_participant_multinomial,percentile_95,2000,2000,0,22,1582,1278.0,3160,3160,3160,3160,True,eligible_day_record_replacement,attack_target,attack_rejection,attacked simulation evaluations,3160,3160,1.0,1.0,1.0,a,42,3160.0,3160.0,,,,,,,,,,,,,,,,,,
aamos-submission-20260813-r410-final,2026-08-13T11:21:02.514563+00:00,public_secondary,AAMOS-00,10.7488/ds/3775,0fc9e6de8cec53b80b77bd4c806a8dd4238fc476c4a133efcb0db87b1731b0c1,aamos00-derivation-v1,aamos00_derivation.yaml,afdad4cef23c79307379e21011b1638ac91638f04b457dc21dc0be7888174baf,37665ed58cb0e42242624a310351f7d3920e4815a7fe55f79848ec4f6557e1fe,aamos-integrity-v4,a2b986cfa5c859bd1691652834600d28f2ce81e6646d60d63ab31cd685ff2f8f,counter_conflict,attack,reject,admission,0.1,0.09987357774968394,all_minus_signature,,,device|binding|admission|merkle|freshness|authorization,,,20,pooled_fixed_seed_set,pooled_fixed_seed_set,20260722,crossed_seed_participant_multinomial,percentile_95,2000,2000,0,22,1582,1278.0,3160,3160,3160,3160,True,eligible_day_record_replacement,attack_target,attack_rejection,attacked simulation evaluations,3160,3160,1.0,1.0,1.0,a,43,3160.0,3160.0,,,,,,,,,,,,,,,,,,
aamos-submission-20260813-r410-final,2026-08-13T11:21:02.514563+00:00,public_secondary,AAMOS-00,10.7488/ds/3775,0fc9e6de8cec53b80b77bd4c806a8dd4238fc476c4a133efcb0db87b1731b0c1,aamos00-derivation-v1,aamos00_derivation.yaml,afdad4cef23c79307379e21011b1638ac91638f04b457dc21dc0be7888174baf,37665ed58cb0e42242624a310351f7d3920e4815a7fe55f79848ec4f6557e1fe,aamos-integrity-v4,a2b986cfa5c859bd1691652834600d28f2ce81e6646d60d63ab31cd685ff2f8f,counter_conflict,attack,reject,admission,0.1,0.09987357774968394,signature_admission,,,signature|admission,,,20,pooled_fixed_seed_set,pooled_fixed_seed_set,20260722,crossed_seed_participant_multinomial,percentile_95,2000,2000,0,22,1582,1278.0,3160,3160,3160,3160,True,eligible_day_record_replacement,attack_target,attack_rejection,attacked simulation evaluations,3160,3160,1.0,1.0,1.0,a,44,3160.0,3160.0,,,,,,,,,,,,,,,,,,
aamos-submission-20260813-r410-final,2026-08-13T11:21:02.514563+00:00,public_secondary,AAMOS-00,10.7488/ds/3775,0fc9e6de8cec53b80b77bd4c806a8dd4238fc476c4a133efcb0db87b1731b0c1,aamos00-derivation-v1,aamos00_derivation.yaml,afdad4cef23c79307379e21011b1638ac91638f04b457dc21dc0be7888174baf,37665ed58cb0e42242624a310351f7d3920e4815a7fe55f79848ec4f6557e1fe,aamos-integrity-v4,a2b986cfa5c859bd1691652834600d28f2ce81e6646d60d63ab31cd685ff2f8f,counter_conflict,attack,reject,admission,0.1,0.09987357774968394,signature_binding_admission,,,signature|binding|admission,,,20,pooled_fixed_seed_set,pooled_fixed_seed_set,20260722,crossed_seed_participant_multinomial,percentile_95,2000,2000,0,22,1582,1278.0,3160,3160,3160,3160,True,eligible_day_record_replacement,attack_target,attack_rejection,attacked simulation evaluations,3160,3160,1.0,1.0,1.0,a,45,3160.0,3160.0,,,,,,,,,,,,,,,,,,
aamos-submission-20260813-r410-final,2026-08-13T11:21:02.514563+00:00,public_secondary,AAMOS-00,10.7488/ds/3775,0fc9e6de8cec53b80b77bd4c806a8dd4238fc476c4a133efcb0db87b1731b0c1,aamos00-derivation-v1,aamos00_derivation.yaml,afdad4cef23c79307379e21011b1638ac91638f04b457dc21dc0be7888174baf,37665ed58cb0e42242624a310351f7d3920e4815a7fe55f79848ec4f6557e1fe,aamos-integrity-v4,a2b986cfa5c859bd1691652834600d28f2ce81e6646d60d63ab31cd685ff2f8f,counter_conflict,attack,accept,none,0.1,0.09987357774968394,signature_only,,,signature,,,20,pooled_fixed_seed_set,pooled_fixed_seed_set,20260722,crossed_seed_participant_multinomial,percentile_95,2000,2000,0,22,1582,1278.0,3160,3160,3160,3160,True,eligible_day_record_replacement,attack_target,attack_rejection,attacked simulation evaluations,0,3160,0.0,0.0,0.0,a,46,0.0,3160.0,,,,,,,,,,,,,,,,,,
aamos-submission-20260813-r410-final,2026-08-13T11:21:02.514563+00:00,public_secondary,AAMOS-00,10.7488/ds/3775,0fc9e6de8cec53b80b77bd4c806a8dd4238fc476c4a133efcb0db87b1731b0c1,aamos00-derivation-v1,aamos00_derivation.yaml,afdad4cef23c79307379e21011b1638ac91638f04b457dc21dc0be7888174baf,37665ed58cb0e42242624a310351f7d3920e4815a7fe55f79848ec4f6557e1fe,aamos-integrity-v4,a2b986cfa5c859bd1691652834600d28f2ce81e6646d60d63ab31cd685ff2f8f,counter_conflict,attack,accept,none,0.1,0.09987357774968394,unverified,,,,,,20,pooled_fixed_seed_set,pooled_fixed_seed_set,20260722,crossed_seed_participant_multinomial,percentile_95,2000,2000,0,22,1582,1278.0,3160,3160,3160,3160,True,eligible_day_record_replacement,attack_target,attack_rejection,attacked simulation evaluations,0,3160,0.0,0.0,0.0,a,47,0.0,3160.0,,,,,,,,,,,,,,,,,,
aamos-submission-20260813-r410-final,2026-08-13T11:21:02.514563+00:00,public_secondary,AAMOS-00,10.7488/ds/3775,0fc9e6de8cec53b80b77bd4c806a8dd4238fc476c4a133efcb0db87b1731b0c1,aamos00-derivation-v1,aamos00_derivation.yaml,afdad4cef23c79307379e21011b1638ac91638f04b457dc21dc0be7888174baf,37665ed58cb0e42242624a310351f7d3920e4815a7fe55f79848ec4f6557e1fe,aamos-integrity-v4,a2b986cfa5c859bd1691652834600d28f2ce81e6646d60d63ab31cd685ff2f8f,historical_deletion,attack,reject,history,0.1,0.09987357774968394,all_checks,,,signature|device|binding|admission|merkle|freshness|authorization,,,20,pooled_fixed_seed_set,pooled_fixed_seed_set,20260722,crossed_seed_participant_multinomial,percentile_95,2000,2000,0,22,1582,1278.0,3160,3160,3160,3160,False,operation_level_protocol_transition,attack_target,attack_rejection,attacked simulation evaluations,3160,3160,1.0,1.0,1.0,a,48,3160.0,3160.0,,,,,,,,,,,,,,,,,,
aamos-submission-20260813-r410-final,2026-08-13T11:21:02.514563+00:00,public_secondary,AAMOS-00,10.7488/ds/3775,0fc9e6de8cec53b80b77bd4c806a8dd4238fc476c4a133efcb0db87b1731b0c1,aamos00-derivation-v1,aamos00_derivation.yaml,afdad4cef23c79307379e21011b1638ac91638f04b457dc21dc0be7888174baf,37665ed58cb0e42242624a310351f7d3920e4815a7fe55f79848ec4f6557e1fe,aamos-integrity-v4,a2b986cfa5c859bd1691652834600d28f2ce81e6646d60d63ab31cd685ff2f8f,historical_deletion,attack,reject,history,0.1,0.09987357774968394,all_minus_admission,,,signature|device|binding|merkle|freshness|authorization,,,20,pooled_fixed_seed_set,pooled_fixed_seed_set,20260722,crossed_seed_participant_multinomial,percentile_95,2000,2000,0,22,1582,1278.0,3160,3160,3160,3160,False,operation_level_protocol_transition,attack_target,attack_rejection,attacked simulation evaluations,3160,3160,1.0,1.0,1.0,a,49,3160.0,3160.0,,,,,,,,,,,,,,,,,,
aamos-submission-20260813-r410-final,2026-08-13T11:21:02.514563+00:00,public_secondary,AAMOS-00,10.7488/ds/3775,0fc9e6de8cec53b80b77bd4c806a8dd4238fc476c4a133efcb0db87b1731b0c1,aamos00-derivation-v1,aamos00_derivation.yaml,afdad4cef23c79307379e21011b1638ac91638f04b457dc21dc0be7888174baf,37665ed58cb0e42242624a310351f7d3920e4815a7fe55f79848ec4f6557e1fe,aamos-integrity-v4,a2b986cfa5c859bd1691652834600d28f2ce81e6646d60d63ab31cd685ff2f8f,historical_deletion,attack,reject,history,0.1,0.09987357774968394,all_minus_authorization,,,signature|device|binding|admission|merkle|freshness,,,20,pooled_fixed_seed_set,pooled_fixed_seed_set,20260722,crossed_seed_participant_multinomial,percentile_95,2000,2000,0,22,1582,1278.0,3160,3160,3160,3160,False,operation_level_protocol_transition,attack_target,attack_rejection,attacked simulation evaluations,3160,3160,1.0,1.0,1.0,a,50,3160.0,3160.0,,,,,,,,,,,,,,,,,,
aamos-submission-20260813-r410-final,2026-08-13T11:21:02.514563+00:00,public_secondary,AAMOS-00,10.7488/ds/3775,0fc9e6de8cec53b80b77bd4c806a8dd4238fc476c4a133efcb0db87b1731b0c1,aamos00-derivation-v1,aamos00_derivation.yaml,afdad4cef23c79307379e21011b1638ac91638f04b457dc21dc0be7888174baf,37665ed58cb0e42242624a310351f7d3920e4815a7fe55f79848ec4f6557e1fe,aamos-integrity-v4,a2b986cfa5c859bd1691652834600d28f2ce81e6646d60d63ab31cd685ff2f8f,historical_deletion,attack,reject,history,0.1,0.09987357774968394,all_minus_binding,,,signature|device|admission|merkle|freshness|authorization,,,20,pooled_fixed_seed_set,pooled_fixed_seed_set,20260722,crossed_seed_participant_multinomial,percentile_95,2000,2000,0,22,1582,1278.0,3160,3160,3160,3160,False,operation_level_protocol_transition,attack_target,attack_rejection,attacked simulation evaluations,3160,3160,1.0,1.0,1.0,a,51,3160.0,3160.0,,,,,,,,,,,,,,,,,,
aamos-submission-20260813-r410-final,2026-08-13T11:21:02.514563+00:00,public_secondary,AAMOS-00,10.7488/ds/3775,0fc9e6de8cec53b80b77bd4c806a8dd4238fc476c4a133efcb0db87b1731b0c1,aamos00-derivation-v1,aamos00_derivation.yaml,afdad4cef23c79307379e21011b1638ac91638f04b457dc21dc0be7888174baf,37665ed58cb0e42242624a310351f7d3920e4815a7fe55f79848ec4f6557e1fe,aamos-integrity-v4,a2b986cfa5c859bd1691652834600d28f2ce81e6646d60d63ab31cd685ff2f8f,historical_deletion,attack,reject,history,0.1,0.09987357774968394,all_minus_device,,,signature|binding|admission|merkle|freshness|authorization,,,20,pooled_fixed_seed_set,pooled_fixed_seed_set,20260722,crossed_seed_participant_multinomial,percentile_95,2000,2000,0,22,1582,1278.0,3160,3160,3160,3160,False,operation_level_protocol_transition,attack_target,attack_rejection,attacked simulation evaluations,3160,3160,1.0,1.0,1.0,a,52,3160.0,3160.0,,,,,,,,,,,,,,,,,,
aamos-submission-20260813-r410-final,2026-08-13T11:21:02.514563+00:00,public_secondary,AAMOS-00,10.7488/ds/3775,0fc9e6de8cec53b80b77bd4c806a8dd4238fc476c4a133efcb0db87b1731b0c1,aamos00-derivation-v1,aamos00_derivation.yaml,afdad4cef23c79307379e21011b1638ac91638f04b457dc21dc0be7888174baf,37665ed58cb0e42242624a310351f7d3920e4815a7fe55f79848ec4f6557e1fe,aamos-integrity-v4,a2b986cfa5c859bd1691652834600d28f2ce81e6646d60d63ab31cd685ff2f8f,historical_deletion,attack,accept,none,0.1,0.09987357774968394,all_minus_freshness,,,signature|device|binding|admission|merkle|authorization,,,20,pooled_fixed_seed_set,pooled_fixed_seed_set,20260722,crossed_seed_participant_multinomial,percentile_95,2000,2000,0,22,1582,1278.0,3160,3160,3160,3160,False,operation_level_protocol_transition,attack_target,attack_rejection,attacked simulation evaluations,0,3160,0.0,0.0,0.0,a,53,0.0,3160.0,,,,,,,,,,,,,,,,,,
aamos-submission-20260813-r410-final,2026-08-13T11:21:02.514563+00:00,public_secondary,AAMOS-00,10.7488/ds/3775,0fc9e6de8cec53b80b77bd4c806a8dd4238fc476c4a133efcb0db87b1731b0c1,aamos00-derivation-v1,aamos00_derivation.yaml,afdad4cef23c79307379e21011b1638ac91638f04b457dc21dc0be7888174baf,37665ed58cb0e42242624a310351f7d3920e4815a7fe55f79848ec4f6557e1fe,aamos-integrity-v4,a2b986cfa5c859bd1691652834600d28f2ce81e6646d60d63ab31cd685ff2f8f,historical_deletion,attack,accept,none,0.1,0.09987357774968394,all_minus_merkle,,,signature|device|binding|admission|freshness|authorization,,,20,pooled_fixed_seed_set,pooled_fixed_seed_set,20260722,crossed_seed_participant_multinomial,percentile_95,2000,2000,0,22,1582,1278.0,3160,3160,3160,3160,False,operation_level_protocol_transition,attack_target,attack_rejection,attacked simulation evaluations,0,3160,0.0,0.0,0.0,a,54,0.0,3160.0,,,,,,,,,,,,,,,,,,
aamos-submission-20260813-r410-final,2026-08-13T11:21:02.514563+00:00,public_secondary,AAMOS-00,10.7488/ds/3775,0fc9e6de8cec53b80b77bd4c806a8dd4238fc476c4a133efcb0db87b1731b0c1,aamos00-derivation-v1,aamos00_derivation.yaml,afdad4cef23c79307379e21011b1638ac91638f04b457dc21dc0be7888174baf,37665ed58cb0e42242624a310351f7d3920e4815a7fe55f79848ec4f6557e1fe,aamos-integrity-v4,a2b986cfa5c859bd1691652834600d28f2ce81e6646d60d63ab31cd685ff2f8f,historical_deletion,attack,reject,history,0.1,0.09987357774968394,all_minus_signature,,,device|binding|admission|merkle|freshness|authorization,,,20,pooled_fixed_seed_set,pooled_fixed_seed_set,20260722,crossed_seed_participant_multinomial,percentile_95,2000,2000,0,22,1582,1278.0,3160,3160,3160,3160,False,operation_level_protocol_transition,attack_target,attack_rejection,attacked simulation evaluations,3160,3160,1.0,1.0,1.0,a,55,3160.0,3160.0,,,,,,,,,,,,,,,,,,
aamos-submission-20260813-r410-final,2026-08-13T11:21:02.514563+00:00,public_secondary,AAMOS-00,10.7488/ds/3775,0fc9e6de8cec53b80b77bd4c806a8dd4238fc476c4a133efcb0db87b1731b0c1,aamos00-derivation-v1,aamos00_derivation.yaml,afdad4cef23c79307379e21011b1638ac91638f04b457dc21dc0be7888174baf,37665ed58cb0e42242624a310351f7d3920e4815a7fe55f79848ec4f6557e1fe,aamos-integrity-v4,a2b986cfa5c859bd1691652834600d28f2ce81e6646d60d63ab31cd685ff2f8f,historical_deletion,attack,accept,none,0.1,0.09987357774968394,signature_admission,,,signature|admission,,,20,pooled_fixed_seed_set,pooled_fixed_seed_set,20260722,crossed_seed_participant_multinomial,percentile_95,2000,2000,0,22,1582,1278.0,3160,3160,3160,3160,False,operation_level_protocol_transition,attack_target,attack_rejection,attacked simulation evaluations,0,3160,0.0,0.0,0.0,a,56,0.0,3160.0,,,,,,,,,,,,,,,,,,
aamos-submission-20260813-r410-final,2026-08-13T11:21:02.514563+00:00,public_secondary,AAMOS-00,10.7488/ds/3775,0fc9e6de8cec53b80b77bd4c806a8dd4238fc476c4a133efcb0db87b1731b0c1,aamos00-derivation-v1,aamos00_derivation.yaml,afdad4cef23c79307379e21011b1638ac91638f04b457dc21dc0be7888174baf,37665ed58cb0e42242624a310351f7d3920e4815a7fe55f79848ec4f6557e1fe,aamos-integrity-v4,a2b986cfa5c859bd1691652834600d28f2ce81e6646d60d63ab31cd685ff2f8f,historical_deletion,attack,accept,none,0.1,0.09987357774968394,signature_binding_admission,,,signature|binding|admission,,,20,pooled_fixed_seed_set,pooled_fixed_seed_set,20260722,crossed_seed_participant_multinomial,percentile_95,2000,2000,0,22,1582,1278.0,3160,3160,3160,3160,False,operation_level_protocol_transition,attack_target,attack_rejection,attacked simulation evaluations,0,3160,0.0,0.0,0.0,a,57,0.0,3160.0,,,,,,,,,,,,,,,,,,
aamos-submission-20260813-r410-final,2026-08-13T11:21:02.514563+00:00,public_secondary,AAMOS-00,10.7488/ds/3775,0fc9e6de8cec53b80b77bd4c806a8dd4238fc476c4a133efcb0db87b1731b0c1,aamos00-derivation-v1,aamos00_derivation.yaml,afdad4cef23c79307379e21011b1638ac91638f04b457dc21dc0be7888174baf,37665ed58cb0e42242624a310351f7d3920e4815a7fe55f79848ec4f6557e1fe,aamos-integrity-v4,a2b986cfa5c859bd1691652834600d28f2ce81e6646d60d63ab31cd685ff2f8f,historical_deletion,attack,accept,none,0.1,0.09987357774968394,signature_only,,,signature,,,20,pooled_fixed_seed_set,pooled_fixed_seed_set,20260722,crossed_seed_participant_multinomial,percentile_95,2000,2000,0,22,1582,1278.0,3160,3160,3160,3160,False,operation_level_protocol_transition,attack_target,attack_rejection,attacked simulation evaluations,0,3160,0.0,0.0,0.0,a,58,0.0,3160.0,,,,,,,,,,,,,,,,,,
aamos-submission-20260813-r410-final,2026-08-13T11:21:02.514563+00:00,public_secondary,AAMOS-00,10.7488/ds/3775,0fc9e6de8cec53b80b77bd4c806a8dd4238fc476c4a133efcb0db87b1731b0c1,aamos00-derivation-v1,aamos00_derivation.yaml,afdad4cef23c79307379e21011b1638ac91638f04b457dc21dc0be7888174baf,37665ed58cb0e42242624a310351f7d3920e4815a7fe55f79848ec4f6557e1fe,aamos-integrity-v4,a2b986cfa5c859bd1691652834600d28f2ce81e6646d60d63ab31cd685ff2f8f,historical_deletion,attack,accept,none,0.1,0.09987357774968394,unverified,,,,,,20,pooled_fixed_seed_set,pooled_fixed_seed_set,20260722,crossed_seed_participant_multinomial,percentile_95,2000,2000,0,22,1582,1278.0,3160,3160,3160,3160,False,operation_level_protocol_transition,attack_target,attack_rejection,attacked simulation evaluations,0,3160,0.0,0.0,0.0,a,59,0.0,3160.0,,,,,,,,,,,,,,,,,,
aamos-submission-20260813-r410-final,2026-08-13T11:21:02.514563+00:00,public_secondary,AAMOS-00,10.7488/ds/3775,0fc9e6de8cec53b80b77bd4c806a8dd4238fc476c4a133efcb0db87b1731b0c1,aamos00-derivation-v1,aamos00_derivation.yaml,afdad4cef23c79307379e21011b1638ac91638f04b457dc21dc0be7888174baf,37665ed58cb0e42242624a310351f7d3920e4815a7fe55f79848ec4f6557e1fe,aamos-integrity-v4,a2b986cfa5c859bd1691652834600d28f2ce81e6646d60d63ab31cd685ff2f8f,historical_insertion,attack,reject,history,0.1,0.09987357774968394,all_checks,,,signature|device|binding|admission|merkle|freshness|authorization,,,20,pooled_fixed_seed_set,pooled_fixed_seed_set,20260722,crossed_seed_participant_multinomial,percentile_95,2000,2000,0,22,1582,22.0,3160,3160,3160,3160,False,operation_level_protocol_transition,attack_target,attack_rejection,attacked simulation evaluations,3160,3160,1.0,1.0,1.0,a,60,3160.0,3160.0,,,,,,,,,,,,,,,,,,
aamos-submission-20260813-r410-final,2026-08-13T11:21:02.514563+00:00,public_secondary,AAMOS-00,10.7488/ds/3775,0fc9e6de8cec53b80b77bd4c806a8dd4238fc476c4a133efcb0db87b1731b0c1,aamos00-derivation-v1,aamos00_derivation.yaml,afdad4cef23c79307379e21011b1638ac91638f04b457dc21dc0be7888174baf,37665ed58cb0e42242624a310351f7d3920e4815a7fe55f79848ec4f6557e1fe,aamos-integrity-v4,a2b986cfa5c859bd1691652834600d28f2ce81e6646d60d63ab31cd685ff2f8f,historical_insertion,attack,reject,history,0.1,0.09987357774968394,all_minus_admission,,,signature|device|binding|merkle|freshness|authorization,,,20,pooled_fixed_seed_set,pooled_fixed_seed_set,20260722,crossed_seed_participant_multinomial,percentile_95,2000,2000,0,22,1582,22.0,3160,3160,3160,3160,False,operation_level_protocol_transition,attack_target,attack_rejection,attacked simulation evaluations,3160,3160,1.0,1.0,1.0,a,61,3160.0,3160.0,,,,,,,,,,,,,,,,,,
aamos-submission-20260813-r410-final,2026-08-13T11:21:02.514563+00:00,public_secondary,AAMOS-00,10.7488/ds/3775,0fc9e6de8cec53b80b77bd4c806a8dd4238fc476c4a133efcb0db87b1731b0c1,aamos00-derivation-v1,aamos00_derivation.yaml,afdad4cef23c79307379e21011b1638ac91638f04b457dc21dc0be7888174baf,37665ed58cb0e42242624a310351f7d3920e4815a7fe55f79848ec4f6557e1fe,aamos-integrity-v4,a2b986cfa5c859bd1691652834600d28f2ce81e6646d60d63ab31cd685ff2f8f,historical_insertion,attack,reject,history,0.1,0.09987357774968394,all_minus_authorization,,,signature|device|binding|admission|merkle|freshness,,,20,pooled_fixed_seed_set,pooled_fixed_seed_set,20260722,crossed_seed_participant_multinomial,percentile_95,2000,2000,0,22,1582,22.0,3160,3160,3160,3160,False,operation_level_protocol_transition,attack_target,attack_rejection,attacked simulation evaluations,3160,3160,1.0,1.0,1.0,a,62,3160.0,3160.0,,,,,,,,,,,,,,,,,,
aamos-submission-20260813-r410-final,2026-08-13T11:21:02.514563+00:00,public_secondary,AAMOS-00,10.7488/ds/3775,0fc9e6de8cec53b80b77bd4c806a8dd4238fc476c4a133efcb0db87b1731b0c1,aamos00-derivation-v1,aamos00_derivation.yaml,afdad4cef23c79307379e21011b1638ac91638f04b457dc21dc0be7888174baf,37665ed58cb0e42242624a310351f7d3920e4815a7fe55f79848ec4f6557e1fe,aamos-integrity-v4,a2b986cfa5c859bd1691652834600d28f2ce81e6646d60d63ab31cd685ff2f8f,historical_insertion,attack,reject,history,0.1,0.09987357774968394,all_minus_binding,,,signature|device|admission|merkle|freshness|authorization,,,20,pooled_fixed_seed_set,pooled_fixed_seed_set,20260722,crossed_seed_participant_multinomial,percentile_95,2000,2000,0,22,1582,22.0,3160,3160,3160,3160,False,operation_level_protocol_transition,attack_target,attack_rejection,attacked simulation evaluations,3160,3160,1.0,1.0,1.0,a,63,3160.0,3160.0,,,,,,,,,,,,,,,,,,
aamos-submission-20260813-r410-final,2026-08-13T11:21:02.514563+00:00,public_secondary,AAMOS-00,10.7488/ds/3775,0fc9e6de8cec53b80b77bd4c806a8dd4238fc476c4a133efcb0db87b1731b0c1,aamos00-derivation-v1,aamos00_derivation.yaml,afdad4cef23c79307379e21011b1638ac91638f04b457dc21dc0be7888174baf,37665ed58cb0e42242624a310351f7d3920e4815a7fe55f79848ec4f6557e1fe,aamos-integrity-v4,a2b986cfa5c859bd1691652834600d28f2ce81e6646d60d63ab31cd685ff2f8f,historical_insertion,attack,reject,history,0.1,0.09987357774968394,all_minus_device,,,signature|binding|admission|merkle|freshness|authorization,,,20,pooled_fixed_seed_set,pooled_fixed_seed_set,20260722,crossed_seed_participant_multinomial,percentile_95,2000,2000,0,22,1582,22.0,3160,3160,3160,3160,False,operation_level_protocol_transition,attack_target,attack_rejection,attacked simulation evaluations,3160,3160,1.0,1.0,1.0,a,64,3160.0,3160.0,,,,,,,,,,,,,,,,,,
aamos-submission-20260813-r410-final,2026-08-13T11:21:02.514563+00:00,public_secondary,AAMOS-00,10.7488/ds/3775,0fc9e6de8cec53b80b77bd4c806a8dd4238fc476c4a133efcb0db87b1731b0c1,aamos00-derivation-v1,aamos00_derivation.yaml,afdad4cef23c79307379e21011b1638ac91638f04b457dc21dc0be7888174baf,37665ed58cb0e42242624a310351f7d3920e4815a7fe55f79848ec4f6557e1fe,aamos-integrity-v4,a2b986cfa5c859bd1691652834600d28f2ce81e6646d60d63ab31cd685ff2f8f,historical_insertion,attack,accept,none,0.1,0.09987357774968394,all_minus_freshness,,,signature|device|binding|admission|merkle|authorization,,,20,pooled_fixed_seed_set,pooled_fixed_seed_set,20260722,crossed_seed_participant_multinomial,percentile_95,2000,2000,0,22,1582,22.0,3160,3160,3160,3160,False,operation_level_protocol_transition,attack_target,attack_rejection,attacked simulation evaluations,0,3160,0.0,0.0,0.0,a,65,0.0,3160.0,,,,,,,,,,,,,,,,,,
aamos-submission-20260813-r410-final,2026-08-13T11:21:02.514563+00:00,public_secondary,AAMOS-00,10.7488/ds/3775,0fc9e6de8cec53b80b77bd4c806a8dd4238fc476c4a133efcb0db87b1731b0c1,aamos00-derivation-v1,aamos00_derivation.yaml,afdad4cef23c79307379e21011b1638ac91638f04b457dc21dc0be7888174baf,37665ed58cb0e42242624a310351f7d3920e4815a7fe55f79848ec4f6557e1fe,aamos-integrity-v4,a2b986cfa5c859bd1691652834600d28f2ce81e6646d60d63ab31cd685ff2f8f,historical_insertion,attack,accept,none,0.1,0.09987357774968394,all_minus_merkle,,,signature|device|binding|admission|freshness|authorization,,,20,pooled_fixed_seed_set,pooled_fixed_seed_set,20260722,crossed_seed_participant_multinomial,percentile_95,2000,2000,0,22,1582,22.0,3160,3160,3160,3160,False,operation_level_protocol_transition,attack_target,attack_rejection,attacked simulation evaluations,0,3160,0.0,0.0,0.0,a,66,0.0,3160.0,,,,,,,,,,,,,,,,,,
aamos-submission-20260813-r410-final,2026-08-13T11:21:02.514563+00:00,public_secondary,AAMOS-00,10.7488/ds/3775,0fc9e6de8cec53b80b77bd4c806a8dd4238fc476c4a133efcb0db87b1731b0c1,aamos00-derivation-v1,aamos00_derivation.yaml,afdad4cef23c79307379e21011b1638ac91638f04b457dc21dc0be7888174baf,37665ed58cb0e42242624a310351f7d3920e4815a7fe55f79848ec4f6557e1fe,aamos-integrity-v4,a2b986cfa5c859bd1691652834600d28f2ce81e6646d60d63ab31cd685ff2f8f,historical_insertion,attack,reject,history,0.1,0.09987357774968394,all_minus_signature,,,device|binding|admission|merkle|freshness|authorization,,,20,pooled_fixed_seed_set,pooled_fixed_seed_set,20260722,crossed_seed_participant_multinomial,percentile_95,2000,2000,0,22,1582,22.0,3160,3160,3160,3160,False,operation_level_protocol_transition,attack_target,attack_rejection,attacked simulation evaluations,3160,3160,1.0,1.0,1.0,a,67,3160.0,3160.0,,,,,,,,,,,,,,,,,,
aamos-submission-20260813-r410-final,2026-08-13T11:21:02.514563+00:00,public_secondary,AAMOS-00,10.7488/ds/3775,0fc9e6de8cec53b80b77bd4c806a8dd4238fc476c4a133efcb0db87b1731b0c1,aamos00-derivation-v1,aamos00_derivation.yaml,afdad4cef23c79307379e21011b1638ac91638f04b457dc21dc0be7888174baf,37665ed58cb0e42242624a310351f7d3920e4815a7fe55f79848ec4f6557e1fe,aamos-integrity-v4,a2b986cfa5c859bd1691652834600d28f2ce81e6646d60d63ab31cd685ff2f8f,historical_insertion,attack,accept,none,0.1,0.09987357774968394,signature_admission,,,signature|admission,,,20,pooled_fixed_seed_set,pooled_fixed_seed_set,20260722,crossed_seed_participant_multinomial,percentile_95,2000,2000,0,22,1582,22.0,3160,3160,3160,3160,False,operation_level_protocol_transition,attack_target,attack_rejection,attacked simulation evaluations,0,3160,0.0,0.0,0.0,a,68,0.0,3160.0,,,,,,,,,,,,,,,,,,
aamos-submission-20260813-r410-final,2026-08-13T11:21:02.514563+00:00,public_secondary,AAMOS-00,10.7488/ds/3775,0fc9e6de8cec53b80b77bd4c806a8dd4238fc476c4a133efcb0db87b1731b0c1,aamos00-derivation-v1,aamos00_derivation.yaml,afdad4cef23c79307379e21011b1638ac91638f04b457dc21dc0be7888174baf,37665ed58cb0e42242624a310351f7d3920e4815a7fe55f79848ec4f6557e1fe,aamos-integrity-v4,a2b986cfa5c859bd1691652834600d28f2ce81e6646d60d63ab31cd685ff2f8f,historical_insertion,attack,accept,none,0.1,0.09987357774968394,signature_binding_admission,,,signature|binding|admission,,,20,pooled_fixed_seed_set,pooled_fixed_seed_set,20260722,crossed_seed_participant_multinomial,percentile_95,2000,2000,0,22,1582,22.0,3160,3160,3160,3160,False,operation_level_protocol_transition,attack_target,attack_rejection,attacked simulation evaluations,0,3160,0.0,0.0,0.0,a,69,0.0,3160.0,,,,,,,,,,,,,,,,,,
aamos-submission-20260813-r410-final,2026-08-13T11:21:02.514563+00:00,public_secondary,AAMOS-00,10.7488/ds/3775,0fc9e6de8cec53b80b77bd4c806a8dd4238fc476c4a133efcb0db87b1731b0c1,aamos00-derivation-v1,aamos00_derivation.yaml,afdad4cef23c79307379e21011b1638ac91638f04b457dc21dc0be7888174baf,37665ed58cb0e42242624a310351f7d3920e4815a7fe55f79848ec4f6557e1fe,aamos-integrity-v4,a2b986cfa5c859bd1691652834600d28f2ce81e6646d60d63ab31cd685ff2f8f,historical_insertion,attack,accept,none,0.1,0.09987357774968394,signature_only,,,signature,,,20,pooled_fixed_seed_set,pooled_fixed_seed_set,20260722,crossed_seed_participant_multinomial,percentile_95,2000,2000,0,22,1582,22.0,3160,3160,3160,3160,False,operation_level_protocol_transition,attack_target,attack_rejection,attacked simulation evaluations,0,3160,0.0,0.0,0.0,a,70,0.0,3160.0,,,,,,,,,,,,,,,,,,
aamos-submission-20260813-r410-final,2026-08-13T11:21:02.514563+00:00,public_secondary,AAMOS-00,10.7488/ds/3775,0fc9e6de8cec53b80b77bd4c806a8dd4238fc476c4a133efcb0db87b1731b0c1,aamos00-derivation-v1,aamos00_derivation.yaml,afdad4cef23c79307379e21011b1638ac91638f04b457dc21dc0be7888174baf,37665ed58cb0e42242624a310351f7d3920e4815a7fe55f79848ec4f6557e1fe,aamos-integrity-v4,a2b986cfa5c859bd1691652834600d28f2ce81e6646d60d63ab31cd685ff2f8f,historical_insertion,attack,accept,none,0.1,0.09987357774968394,unverified,,,,,,20,pooled_fixed_seed_set,pooled_fixed_seed_set,20260722,crossed_seed_participant_multinomial,percentile_95,2000,2000,0,22,1582,22.0,3160,3160,3160,3160,False,operation_level_protocol_transition,attack_target,attack_rejection,attacked simulation evaluations,0,3160,0.0,0.0,0.0,a,71,0.0,3160.0,,,,,,,,,,,,,,,,,,
aamos-submission-20260813-r410-final,2026-08-13T11:21:02.514563+00:00,public_secondary,AAMOS-00,10.7488/ds/3775,0fc9e6de8cec53b80b77bd4c806a8dd4238fc476c4a133efcb0db87b1731b0c1,aamos00-derivation-v1,aamos00_derivation.yaml,afdad4cef23c79307379e21011b1638ac91638f04b457dc21dc0be7888174baf,37665ed58cb0e42242624a310351f7d3920e4815a7fe55f79848ec4f6557e1fe,aamos-integrity-v4,a2b986cfa5c859bd1691652834600d28f2ce81e6646d60d63ab31cd685ff2f8f,historical_modification,attack,reject,history,0.1,0.09987357774968394,all_checks,,,signature|device|binding|admission|merkle|freshness|authorization,,,20,pooled_fixed_seed_set,pooled_fixed_seed_set,20260722,crossed_seed_participant_multinomial,percentile_95,2000,2000,0,22,1582,1278.0,3160,3160,3160,3160,False,operation_level_protocol_transition,attack_target,attack_rejection,attacked simulation evaluations,3160,3160,1.0,1.0,1.0,a,72,3160.0,3160.0,,,,,,,,,,,,,,,,,,
aamos-submission-20260813-r410-final,2026-08-13T11:21:02.514563+00:00,public_secondary,AAMOS-00,10.7488/ds/3775,0fc9e6de8cec53b80b77bd4c806a8dd4238fc476c4a133efcb0db87b1731b0c1,aamos00-derivation-v1,aamos00_derivation.yaml,afdad4cef23c79307379e21011b1638ac91638f04b457dc21dc0be7888174baf,37665ed58cb0e42242624a310351f7d3920e4815a7fe55f79848ec4f6557e1fe,aamos-integrity-v4,a2b986cfa5c859bd1691652834600d28f2ce81e6646d60d63ab31cd685ff2f8f,historical_modification,attack,reject,history,0.1,0.09987357774968394,all_minus_admission,,,signature|device|binding|merkle|freshness|authorization,,,20,pooled_fixed_seed_set,pooled_fixed_seed_set,20260722,crossed_seed_participant_multinomial,percentile_95,2000,2000,0,22,1582,1278.0,3160,3160,3160,3160,False,operation_level_protocol_transition,attack_target,attack_rejection,attacked simulation evaluations,3160,3160,1.0,1.0,1.0,a,73,3160.0,3160.0,,,,,,,,,,,,,,,,,,
aamos-submission-20260813-r410-final,2026-08-13T11:21:02.514563+00:00,public_secondary,AAMOS-00,10.7488/ds/3775,0fc9e6de8cec53b80b77bd4c806a8dd4238fc476c4a133efcb0db87b1731b0c1,aamos00-derivation-v1,aamos00_derivation.yaml,afdad4cef23c79307379e21011b1638ac91638f04b457dc21dc0be7888174baf,37665ed58cb0e42242624a310351f7d3920e4815a7fe55f79848ec4f6557e1fe,aamos-integrity-v4,a2b986cfa5c859bd1691652834600d28f2ce81e6646d60d63ab31cd685ff2f8f,historical_modification,attack,reject,history,0.1,0.09987357774968394,all_minus_authorization,,,signature|device|binding|admission|merkle|freshness,,,20,pooled_fixed_seed_set,pooled_fixed_seed_set,20260722,crossed_seed_participant_multinomial,percentile_95,2000,2000,0,22,1582,1278.0,3160,3160,3160,3160,False,operation_level_protocol_transition,attack_target,attack_rejection,attacked simulation evaluations,3160,3160,1.0,1.0,1.0,a,74,3160.0,3160.0,,,,,,,,,,,,,,,,,,
aamos-submission-20260813-r410-final,2026-08-13T11:21:02.514563+00:00,public_secondary,AAMOS-00,10.7488/ds/3775,0fc9e6de8cec53b80b77bd4c806a8dd4238fc476c4a133efcb0db87b1731b0c1,aamos00-derivation-v1,aamos00_derivation.yaml,afdad4cef23c79307379e21011b1638ac91638f04b457dc21dc0be7888174baf,37665ed58cb0e42242624a310351f7d3920e4815a7fe55f79848ec4f6557e1fe,aamos-integrity-v4,a2b986cfa5c859bd1691652834600d28f2ce81e6646d60d63ab31cd685ff2f8f,historical_modification,attack,reject,history,0.1,0.09987357774968394,all_minus_binding,,,signature|device|admission|merkle|freshness|authorization,,,20,pooled_fixed_seed_set,pooled_fixed_seed_set,20260722,crossed_seed_participant_multinomial,percentile_95,2000,2000,0,22,1582,1278.0,3160,3160,3160,3160,False,operation_level_protocol_transition,attack_target,attack_rejection,attacked simulation evaluations,3160,3160,1.0,1.0,1.0,a,75,3160.0,3160.0,,,,,,,,,,,,,,,,,,
aamos-submission-20260813-r410-final,2026-08-13T11:21:02.514563+00:00,public_secondary,AAMOS-00,10.7488/ds/3775,0fc9e6de8cec53b80b77bd4c806a8dd4238fc476c4a133efcb0db87b1731b0c1,aamos00-derivation-v1,aamos00_derivation.yaml,afdad4cef23c79307379e21011b1638ac91638f04b457dc21dc0be7888174baf,37665ed58cb0e42242624a310351f7d3920e4815a7fe55f79848ec4f6557e1fe,aamos-integrity-v4,a2b986cfa5c859bd1691652834600d28f2ce81e6646d60d63ab31cd685ff2f8f,historical_modification,attack,reject,history,0.1,0.09987357774968394,all_minus_device,,,signature|binding|admission|merkle|freshness|authorization,,,20,pooled_fixed_seed_set,pooled_fixed_seed_set,20260722,crossed_seed_participant_multinomial,percentile_95,2000,2000,0,22,1582,1278.0,3160,3160,3160,3160,False,operation_level_protocol_transition,attack_target,attack_rejection,attacked simulation evaluations,3160,3160,1.0,1.0,1.0,a,76,3160.0,3160.0,,,,,,,,,,,,,,,,,,
aamos-submission-20260813-r410-final,2026-08-13T11:21:02.514563+00:00,public_secondary,AAMOS-00,10.7488/ds/3775,0fc9e6de8cec53b80b77bd4c806a8dd4238fc476c4a133efcb0db87b1731b0c1,aamos00-derivation-v1,aamos00_derivation.yaml,afdad4cef23c79307379e21011b1638ac91638f04b457dc21dc0be7888174baf,37665ed58cb0e42242624a310351f7d3920e4815a7fe55f79848ec4f6557e1fe,aamos-integrity-v4,a2b986cfa5c859bd1691652834600d28f2ce81e6646d60d63ab31cd685ff2f8f,historical_modification,attack,accept,none,0.1,0.09987357774968394,all_minus_freshness,,,signature|device|binding|admission|merkle|authorization,,,20,pooled_fixed_seed_set,pooled_fixed_seed_set,20260722,crossed_seed_participant_multinomial,percentile_95,2000,2000,0,22,1582,1278.0,3160,3160,3160,3160,False,operation_level_protocol_transition,attack_target,attack_rejection,attacked simulation evaluations,0,3160,0.0,0.0,0.0,a,77,0.0,3160.0,,,,,,,,,,,,,,,,,,
aamos-submission-20260813-r410-final,2026-08-13T11:21:02.514563+00:00,public_secondary,AAMOS-00,10.7488/ds/3775,0fc9e6de8cec53b80b77bd4c806a8dd4238fc476c4a133efcb0db87b1731b0c1,aamos00-derivation-v1,aamos00_derivation.yaml,afdad4cef23c79307379e21011b1638ac91638f04b457dc21dc0be7888174baf,37665ed58cb0e42242624a310351f7d3920e4815a7fe55f79848ec4f6557e1fe,aamos-integrity-v4,a2b986cfa5c859bd1691652834600d28f2ce81e6646d60d63ab31cd685ff2f8f,historical_modification,attack,accept,none,0.1,0.09987357774968394,all_minus_merkle,,,signature|device|binding|admission|freshness|authorization,,,20,pooled_fixed_seed_set,pooled_fixed_seed_set,20260722,crossed_seed_participant_multinomial,percentile_95,2000,2000,0,22,1582,1278.0,3160,3160,3160,3160,False,operation_level_protocol_transition,attack_target,attack_rejection,attacked simulation evaluations,0,3160,0.0,0.0,0.0,a,78,0.0,3160.0,,,,,,,,,,,,,,,,,,
aamos-submission-20260813-r410-final,2026-08-13T11:21:02.514563+00:00,public_secondary,AAMOS-00,10.7488/ds/3775,0fc9e6de8cec53b80b77bd4c806a8dd4238fc476c4a133efcb0db87b1731b0c1,aamos00-derivation-v1,aamos00_derivation.yaml,afdad4cef23c79307379e21011b1638ac91638f04b457dc21dc0be7888174baf,37665ed58cb0e42242624a310351f7d3920e4815a7fe55f79848ec4f6557e1fe,aamos-integrity-v4,a2b986cfa5c859bd1691652834600d28f2ce81e6646d60d63ab31cd685ff2f8f,historical_modification,attack,reject,history,0.1,0.09987357774968394,all_minus_signature,,,device|binding|admission|merkle|freshness|authorization,,,20,pooled_fixed_seed_set,pooled_fixed_seed_set,20260722,crossed_seed_participant_multinomial,percentile_95,2000,2000,0,22,1582,1278.0,3160,3160,3160,3160,False,operation_level_protocol_transition,attack_target,attack_rejection,attacked simulation evaluations,3160,3160,1.0,1.0,1.0,a,79,3160.0,3160.0,,,,,,,,,,,,,,,,,,
aamos-submission-20260813-r410-final,2026-08-13T11:21:02.514563+00:00,public_secondary,AAMOS-00,10.7488/ds/3775,0fc9e6de8cec53b80b77bd4c806a8dd4238fc476c4a133efcb0db87b1731b0c1,aamos00-derivation-v1,aamos00_derivation.yaml,afdad4cef23c79307379e21011b1638ac91638f04b457dc21dc0be7888174baf,37665ed58cb0e42242624a310351f7d3920e4815a7fe55f79848ec4f6557e1fe,aamos-integrity-v4,a2b986cfa5c859bd1691652834600d28f2ce81e6646d60d63ab31cd685ff2f8f,historical_modification,attack,accept,none,0.1,0.09987357774968394,signature_admission,,,signature|admission,,,20,pooled_fixed_seed_set,pooled_fixed_seed_set,20260722,crossed_seed_participant_multinomial,percentile_95,2000,2000,0,22,1582,1278.0,3160,3160,3160,3160,False,operation_level_protocol_transition,attack_target,attack_rejection,attacked simulation evaluations,0,3160,0.0,0.0,0.0,a,80,0.0,3160.0,,,,,,,,,,,,,,,,,,
aamos-submission-20260813-r410-final,2026-08-13T11:21:02.514563+00:00,public_secondary,AAMOS-00,10.7488/ds/3775,0fc9e6de8cec53b80b77bd4c806a8dd4238fc476c4a133efcb0db87b1731b0c1,aamos00-derivation-v1,aamos00_derivation.yaml,afdad4cef23c79307379e21011b1638ac91638f04b457dc21dc0be7888174baf,37665ed58cb0e42242624a310351f7d3920e4815a7fe55f79848ec4f6557e1fe,aamos-integrity-v4,a2b986cfa5c859bd1691652834600d28f2ce81e6646d60d63ab31cd685ff2f8f,historical_modification,attack,accept,none,0.1,0.09987357774968394,signature_binding_admission,,,signature|binding|admission,,,20,pooled_fixed_seed_set,pooled_fixed_seed_set,20260722,crossed_seed_participant_multinomial,percentile_95,2000,2000,0,22,1582,1278.0,3160,3160,3160,3160,False,operation_level_protocol_transition,attack_target,attack_rejection,attacked simulation evaluations,0,3160,0.0,0.0,0.0,a,81,0.0,3160.0,,,,,,,,,,,,,,,,,,
aamos-submission-20260813-r410-final,2026-08-13T11:21:02.514563+00:00,public_secondary,AAMOS-00,10.7488/ds/3775,0fc9e6de8cec53b80b77bd4c806a8dd4238fc476c4a133efcb0db87b1731b0c1,aamos00-derivation-v1,aamos00_derivation.yaml,afdad4cef23c79307379e21011b1638ac91638f04b457dc21dc0be7888174baf,37665ed58cb0e42242624a310351f7d3920e4815a7fe55f79848ec4f6557e1fe,aamos-integrity-v4,a2b986cfa5c859bd1691652834600d28f2ce81e6646d60d63ab31cd685ff2f8f,historical_modification,attack,accept,none,0.1,0.09987357774968394,signature_only,,,signature,,,20,pooled_fixed_seed_set,pooled_fixed_seed_set,20260722,crossed_seed_participant_multinomial,percentile_95,2000,2000,0,22,1582,1278.0,3160,3160,3160,3160,False,operation_level_protocol_transition,attack_target,attack_rejection,attacked simulation evaluations,0,3160,0.0,0.0,0.0,a,82,0.0,3160.0,,,,,,,,,,,,,,,,,,
aamos-submission-20260813-r410-final,2026-08-13T11:21:02.514563+00:00,public_secondary,AAMOS-00,10.7488/ds/3775,0fc9e6de8cec53b80b77bd4c806a8dd4238fc476c4a133efcb0db87b1731b0c1,aamos00-derivation-v1,aamos00_derivation.yaml,afdad4cef23c79307379e21011b1638ac91638f04b457dc21dc0be7888174baf,37665ed58cb0e42242624a310351f7d3920e4815a7fe55f79848ec4f6557e1fe,aamos-integrity-v4,a2b986cfa5c859bd1691652834600d28f2ce81e6646d60d63ab31cd685ff2f8f,historical_modification,attack,accept,none,0.1,0.09987357774968394,unverified,,,,,,20,pooled_fixed_seed_set,pooled_fixed_seed_set,20260722,crossed_seed_participant_multinomial,percentile_95,2000,2000,0,22,1582,1278.0,3160,3160,3160,3160,False,operation_level_protocol_transition,attack_target,attack_rejection,attacked simulation evaluations,0,3160,0.0,0.0,0.0,a,83,0.0,3160.0,,,,,,,,,,,,,,,,,,
aamos-submission-20260813-r410-final,2026-08-13T11:21:02.514563+00:00,public_secondary,AAMOS-00,10.7488/ds/3775,0fc9e6de8cec53b80b77bd4c806a8dd4238fc476c4a133efcb0db87b1731b0c1,aamos00-derivation-v1,aamos00_derivation.yaml,afdad4cef23c79307379e21011b1638ac91638f04b457dc21dc0be7888174baf,37665ed58cb0e42242624a310351f7d3920e4815a7fe55f79848ec4f6557e1fe,aamos-integrity-v4,a2b986cfa5c859bd1691652834600d28f2ce81e6646d60d63ab31cd685ff2f8f,mixed_attack,attack,reject,signature,0.1,0.09987357774968394,all_checks,,,signature|device|binding|admission|merkle|freshness|authorization,,,20,pooled_fixed_seed_set,pooled_fixed_seed_set,20260722,crossed_seed_participant_multinomial,percentile_95,2000,2000,0,22,1582,1278.0,3160,3160,3160,3160,True,eligible_day_record_replacement,attack_target,attack_rejection,attacked simulation evaluations,3160,3160,1.0,1.0,1.0,a,84,3160.0,3160.0,,,,,,,,,,,,,,,,,,
aamos-submission-20260813-r410-final,2026-08-13T11:21:02.514563+00:00,public_secondary,AAMOS-00,10.7488/ds/3775,0fc9e6de8cec53b80b77bd4c806a8dd4238fc476c4a133efcb0db87b1731b0c1,aamos00-derivation-v1,aamos00_derivation.yaml,afdad4cef23c79307379e21011b1638ac91638f04b457dc21dc0be7888174baf,37665ed58cb0e42242624a310351f7d3920e4815a7fe55f79848ec4f6557e1fe,aamos-integrity-v4,a2b986cfa5c859bd1691652834600d28f2ce81e6646d60d63ab31cd685ff2f8f,mixed_attack,attack,reject,signature,0.1,0.09987357774968394,all_minus_admission,,,signature|device|binding|merkle|freshness|authorization,,,20,pooled_fixed_seed_set,pooled_fixed_seed_set,20260722,crossed_seed_participant_multinomial,percentile_95,2000,2000,0,22,1582,1278.0,3160,3160,3160,3160,True,eligible_day_record_replacement,attack_target,attack_rejection,attacked simulation evaluations,3160,3160,1.0,1.0,1.0,a,85,3160.0,3160.0,,,,,,,,,,,,,,,,,,
aamos-submission-20260813-r410-final,2026-08-13T11:21:02.514563+00:00,public_secondary,AAMOS-00,10.7488/ds/3775,0fc9e6de8cec53b80b77bd4c806a8dd4238fc476c4a133efcb0db87b1731b0c1,aamos00-derivation-v1,aamos00_derivation.yaml,afdad4cef23c79307379e21011b1638ac91638f04b457dc21dc0be7888174baf,37665ed58cb0e42242624a310351f7d3920e4815a7fe55f79848ec4f6557e1fe,aamos-integrity-v4,a2b986cfa5c859bd1691652834600d28f2ce81e6646d60d63ab31cd685ff2f8f,mixed_attack,attack,reject,signature,0.1,0.09987357774968394,all_minus_authorization,,,signature|device|binding|admission|merkle|freshness,,,20,pooled_fixed_seed_set,pooled_fixed_seed_set,20260722,crossed_seed_participant_multinomial,percentile_95,2000,2000,0,22,1582,1278.0,3160,3160,3160,3160,True,eligible_day_record_replacement,attack_target,attack_rejection,attacked simulation evaluations,3160,3160,1.0,1.0,1.0,a,86,3160.0,3160.0,,,,,,,,,,,,,,,,,,
aamos-submission-20260813-r410-final,2026-08-13T11:21:02.514563+00:00,public_secondary,AAMOS-00,10.7488/ds/3775,0fc9e6de8cec53b80b77bd4c806a8dd4238fc476c4a133efcb0db87b1731b0c1,aamos00-derivation-v1,aamos00_derivation.yaml,afdad4cef23c79307379e21011b1638ac91638f04b457dc21dc0be7888174baf,37665ed58cb0e42242624a310351f7d3920e4815a7fe55f79848ec4f6557e1fe,aamos-integrity-v4,a2b986cfa5c859bd1691652834600d28f2ce81e6646d60d63ab31cd685ff2f8f,mixed_attack,attack,reject,signature,0.1,0.09987357774968394,all_minus_binding,,,signature|device|admission|merkle|freshness|authorization,,,20,pooled_fixed_seed_set,pooled_fixed_seed_set,20260722,crossed_seed_participant_multinomial,percentile_95,2000,2000,0,22,1582,1278.0,3160,3160,3160,3160,True,eligible_day_record_replacement,attack_target,attack_rejection,attacked simulation evaluations,3160,3160,1.0,1.0,1.0,a,87,3160.0,3160.0,,,,,,,,,,,,,,,,,,
aamos-submission-20260813-r410-final,2026-08-13T11:21:02.514563+00:00,public_secondary,AAMOS-00,10.7488/ds/3775,0fc9e6de8cec53b80b77bd4c806a8dd4238fc476c4a133efcb0db87b1731b0c1,aamos00-derivation-v1,aamos00_derivation.yaml,afdad4cef23c79307379e21011b1638ac91638f04b457dc21dc0be7888174baf,37665ed58cb0e42242624a310351f7d3920e4815a7fe55f79848ec4f6557e1fe,aamos-integrity-v4,a2b986cfa5c859bd1691652834600d28f2ce81e6646d60d63ab31cd685ff2f8f,mixed_attack,attack,reject,signature,0.1,0.09987357774968394,all_minus_device,,,signature|binding|admission|merkle|freshness|authorization,,,20,pooled_fixed_seed_set,pooled_fixed_seed_set,20260722,crossed_seed_participant_multinomial,percentile_95,2000,2000,0,22,1582,1278.0,3160,3160,3160,3160,True,eligible_day_record_replacement,attack_target,attack_rejection,attacked simulation evaluations,3160,3160,1.0,1.0,1.0,a,88,3160.0,3160.0,,,,,,,,,,,,,,,,,,
aamos-submission-20260813-r410-final,2026-08-13T11:21:02.514563+00:00,public_secondary,AAMOS-00,10.7488/ds/3775,0fc9e6de8cec53b80b77bd4c806a8dd4238fc476c4a133efcb0db87b1731b0c1,aamos00-derivation-v1,aamos00_derivation.yaml,afdad4cef23c79307379e21011b1638ac91638f04b457dc21dc0be7888174baf,37665ed58cb0e42242624a310351f7d3920e4815a7fe55f79848ec4f6557e1fe,aamos-integrity-v4,a2b986cfa5c859bd1691652834600d28f2ce81e6646d60d63ab31cd685ff2f8f,mixed_attack,attack,reject,signature,0.1,0.09987357774968394,all_minus_freshness,,,signature|device|binding|admission|merkle|authorization,,,20,pooled_fixed_seed_set,pooled_fixed_seed_set,20260722,crossed_seed_participant_multinomial,percentile_95,2000,2000,0,22,1582,1278.0,3160,3160,3160,3160,True,eligible_day_record_replacement,attack_target,attack_rejection,attacked simulation evaluations,3160,3160,1.0,1.0,1.0,a,89,3160.0,3160.0,,,,,,,,,,,,,,,,,,
aamos-submission-20260813-r410-final,2026-08-13T11:21:02.514563+00:00,public_secondary,AAMOS-00,10.7488/ds/3775,0fc9e6de8cec53b80b77bd4c806a8dd4238fc476c4a133efcb0db87b1731b0c1,aamos00-derivation-v1,aamos00_derivation.yaml,afdad4cef23c79307379e21011b1638ac91638f04b457dc21dc0be7888174baf,37665ed58cb0e42242624a310351f7d3920e4815a7fe55f79848ec4f6557e1fe,aamos-integrity-v4,a2b986cfa5c859bd1691652834600d28f2ce81e6646d60d63ab31cd685ff2f8f,mixed_attack,attack,reject,signature,0.1,0.09987357774968394,all_minus_merkle,,,signature|device|binding|admission|freshness|authorization,,,20,pooled_fixed_seed_set,pooled_fixed_seed_set,20260722,crossed_seed_participant_multinomial,percentile_95,2000,2000,0,22,1582,1278.0,3160,3160,3160,3160,True,eligible_day_record_replacement,attack_target,attack_rejection,attacked simulation evaluations,3160,3160,1.0,1.0,1.0,a,90,3160.0,3160.0,,,,,,,,,,,,,,,,,,
aamos-submission-20260813-r410-final,2026-08-13T11:21:02.514563+00:00,public_secondary,AAMOS-00,10.7488/ds/3775,0fc9e6de8cec53b80b77bd4c806a8dd4238fc476c4a133efcb0db87b1731b0c1,aamos00-derivation-v1,aamos00_derivation.yaml,afdad4cef23c79307379e21011b1638ac91638f04b457dc21dc0be7888174baf,37665ed58cb0e42242624a310351f7d3920e4815a7fe55f79848ec4f6557e1fe,aamos-integrity-v4,a2b986cfa5c859bd1691652834600d28f2ce81e6646d60d63ab31cd685ff2f8f,mixed_attack,attack,reject,binding,0.1,0.09987357774968394,all_minus_signature,,,device|binding|admission|merkle|freshness|authorization,,,20,pooled_fixed_seed_set,pooled_fixed_seed_set,20260722,crossed_seed_participant_multinomial,percentile_95,2000,2000,0,22,1582,1278.0,3160,3160,3160,3160,True,eligible_day_record_replacement,attack_target,attack_rejection,attacked simulation evaluations,3160,3160,1.0,1.0,1.0,a,91,3160.0,3160.0,,,,,,,,,,,,,,,,,,
aamos-submission-20260813-r410-final,2026-08-13T11:21:02.514563+00:00,public_secondary,AAMOS-00,10.7488/ds/3775,0fc9e6de8cec53b80b77bd4c806a8dd4238fc476c4a133efcb0db87b1731b0c1,aamos00-derivation-v1,aamos00_derivation.yaml,afdad4cef23c79307379e21011b1638ac91638f04b457dc21dc0be7888174baf,37665ed58cb0e42242624a310351f7d3920e4815a7fe55f79848ec4f6557e1fe,aamos-integrity-v4,a2b986cfa5c859bd1691652834600d28f2ce81e6646d60d63ab31cd685ff2f8f,mixed_attack,attack,reject,signature,0.1,0.09987357774968394,signature_admission,,,signature|admission,,,20,pooled_fixed_seed_set,pooled_fixed_seed_set,20260722,crossed_seed_participant_multinomial,percentile_95,2000,2000,0,22,1582,1278.0,3160,3160,3160,3160,True,eligible_day_record_replacement,attack_target,attack_rejection,attacked simulation evaluations,3160,3160,1.0,1.0,1.0,a,92,3160.0,3160.0,,,,,,,,,,,,,,,,,,
aamos-submission-20260813-r410-final,2026-08-13T11:21:02.514563+00:00,public_secondary,AAMOS-00,10.7488/ds/3775,0fc9e6de8cec53b80b77bd4c806a8dd4238fc476c4a133efcb0db87b1731b0c1,aamos00-derivation-v1,aamos00_derivation.yaml,afdad4cef23c79307379e21011b1638ac91638f04b457dc21dc0be7888174baf,37665ed58cb0e42242624a310351f7d3920e4815a7fe55f79848ec4f6557e1fe,aamos-integrity-v4,a2b986cfa5c859bd1691652834600d28f2ce81e6646d60d63ab31cd685ff2f8f,mixed_attack,attack,reject,signature,0.1,0.09987357774968394,signature_binding_admission,,,signature|binding|admission,,,20,pooled_fixed_seed_set,pooled_fixed_seed_set,20260722,crossed_seed_participant_multinomial,percentile_95,2000,2000,0,22,1582,1278.0,3160,3160,3160,3160,True,eligible_day_record_replacement,attack_target,attack_rejection,attacked simulation evaluations,3160,3160,1.0,1.0,1.0,a,93,3160.0,3160.0,,,,,,,,,,,,,,,,,,
aamos-submission-20260813-r410-final,2026-08-13T11:21:02.514563+00:00,public_secondary,AAMOS-00,10.7488/ds/3775,0fc9e6de8cec53b80b77bd4c806a8dd4238fc476c4a133efcb0db87b1731b0c1,aamos00-derivation-v1,aamos00_derivation.yaml,afdad4cef23c79307379e21011b1638ac91638f04b457dc21dc0be7888174baf,37665ed58cb0e42242624a310351f7d3920e4815a7fe55f79848ec4f6557e1fe,aamos-integrity-v4,a2b986cfa5c859bd1691652834600d28f2ce81e6646d60d63ab31cd685ff2f8f,mixed_attack,attack,reject,signature,0.1,0.09987357774968394,signature_only,,,signature,,,20,pooled_fixed_seed_set,pooled_fixed_seed_set,20260722,crossed_seed_participant_multinomial,percentile_95,2000,2000,0,22,1582,1278.0,3160,3160,3160,3160,True,eligible_day_record_replacement,attack_target,attack_rejection,attacked simulation evaluations,3160,3160,1.0,1.0,1.0,a,94,3160.0,3160.0,,,,,,,,,,,,,,,,,,
aamos-submission-20260813-r410-final,2026-08-13T11:21:02.514563+00:00,public_secondary,AAMOS-00,10.7488/ds/3775,0fc9e6de8cec53b80b77bd4c806a8dd4238fc476c4a133efcb0db87b1731b0c1,aamos00-derivation-v1,aamos00_derivation.yaml,afdad4cef23c79307379e21011b1638ac91638f04b457dc21dc0be7888174baf,37665ed58cb0e42242624a310351f7d3920e4815a7fe55f79848ec4f6557e1fe,aamos-integrity-v4,a2b986cfa5c859bd1691652834600d28f2ce81e6646d60d63ab31cd685ff2f8f,mixed_attack,attack,accept,none,0.1,0.09987357774968394,unverified,,,,,,20,pooled_fixed_seed_set,pooled_fixed_seed_set,20260722,crossed_seed_participant_multinomial,percentile_95,2000,2000,0,22,1582,1278.0,3160,3160,3160,3160,True,eligible_day_record_replacement,attack_target,attack_rejection,attacked simulation evaluations,0,3160,0.0,0.0,0.0,a,95,0.0,3160.0,,,,,,,,,,,,,,,,,,
aamos-submission-20260813-r410-final,2026-08-13T11:21:02.514563+00:00,public_secondary,AAMOS-00,10.7488/ds/3775,0fc9e6de8cec53b80b77bd4c806a8dd4238fc476c4a133efcb0db87b1731b0c1,aamos00-derivation-v1,aamos00_derivation.yaml,afdad4cef23c79307379e21011b1638ac91638f04b457dc21dc0be7888174baf,37665ed58cb0e42242624a310351f7d3920e4815a7fe55f79848ec4f6557e1fe,aamos-integrity-v4,a2b986cfa5c859bd1691652834600d28f2ce81e6646d60d63ab31cd685ff2f8f,payload_after_signing,attack,reject,signature,0.1,0.09987357774968394,all_checks,,,signature|device|binding|admission|merkle|freshness|authorization,,,20,pooled_fixed_seed_set,pooled_fixed_seed_set,20260722,crossed_seed_participant_multinomial,percentile_95,2000,2000,0,22,1582,1278.0,3160,3160,3160,3160,True,eligible_day_record_replacement,attack_target,attack_rejection,attacked simulation evaluations,3160,3160,1.0,1.0,1.0,a,96,3160.0,3160.0,,,,,,,,,,,,,,,,,,
aamos-submission-20260813-r410-final,2026-08-13T11:21:02.514563+00:00,public_secondary,AAMOS-00,10.7488/ds/3775,0fc9e6de8cec53b80b77bd4c806a8dd4238fc476c4a133efcb0db87b1731b0c1,aamos00-derivation-v1,aamos00_derivation.yaml,afdad4cef23c79307379e21011b1638ac91638f04b457dc21dc0be7888174baf,37665ed58cb0e42242624a310351f7d3920e4815a7fe55f79848ec4f6557e1fe,aamos-integrity-v4,a2b986cfa5c859bd1691652834600d28f2ce81e6646d60d63ab31cd685ff2f8f,payload_after_signing,attack,reject,signature,0.1,0.09987357774968394,all_minus_admission,,,signature|device|binding|merkle|freshness|authorization,,,20,pooled_fixed_seed_set,pooled_fixed_seed_set,20260722,crossed_seed_participant_multinomial,percentile_95,2000,2000,0,22,1582,1278.0,3160,3160,3160,3160,True,eligible_day_record_replacement,attack_target,attack_rejection,attacked simulation evaluations,3160,3160,1.0,1.0,1.0,a,97,3160.0,3160.0,,,,,,,,,,,,,,,,,,
aamos-submission-20260813-r410-final,2026-08-13T11:21:02.514563+00:00,public_secondary,AAMOS-00,10.7488/ds/3775,0fc9e6de8cec53b80b77bd4c806a8dd4238fc476c4a133efcb0db87b1731b0c1,aamos00-derivation-v1,aamos00_derivation.yaml,afdad4cef23c79307379e21011b1638ac91638f04b457dc21dc0be7888174baf,37665ed58cb0e42242624a310351f7d3920e4815a7fe55f79848ec4f6557e1fe,aamos-integrity-v4,a2b986cfa5c859bd1691652834600d28f2ce81e6646d60d63ab31cd685ff2f8f,payload_after_signing,attack,reject,signature,0.1,0.09987357774968394,all_minus_authorization,,,signature|device|binding|admission|merkle|freshness,,,20,pooled_fixed_seed_set,pooled_fixed_seed_set,20260722,crossed_seed_participant_multinomial,percentile_95,2000,2000,0,22,1582,1278.0,3160,3160,3160,3160,True,eligible_day_record_replacement,attack_target,attack_rejection,attacked simulation evaluations,3160,3160,1.0,1.0,1.0,a,98,3160.0,3160.0,,,,,,,,,,,,,,,,,,
aamos-submission-20260813-r410-final,2026-08-13T11:21:02.514563+00:00,public_secondary,AAMOS-00,10.7488/ds/3775,0fc9e6de8cec53b80b77bd4c806a8dd4238fc476c4a133efcb0db87b1731b0c1,aamos00-derivation-v1,aamos00_derivation.yaml,afdad4cef23c79307379e21011b1638ac91638f04b457dc21dc0be7888174baf,37665ed58cb0e42242624a310351f7d3920e4815a7fe55f79848ec4f6557e1fe,aamos-integrity-v4,a2b986cfa5c859bd1691652834600d28f2ce81e6646d60d63ab31cd685ff2f8f,payload_after_signing,attack,reject,signature,0.1,0.09987357774968394,all_minus_binding,,,signature|device|admission|merkle|freshness|authorization,,,20,pooled_fixed_seed_set,pooled_fixed_seed_set,20260722,crossed_seed_participant_multinomial,percentile_95,2000,2000,0,22,1582,1278.0,3160,3160,3160,3160,True,eligible_day_record_replacement,attack_target,attack_rejection,attacked simulation evaluations,3160,3160,1.0,1.0,1.0,a,99,3160.0,3160.0,,,,,,,,,,,,,,,,,,
aamos-submission-20260813-r410-final,2026-08-13T11:21:02.514563+00:00,public_secondary,AAMOS-00,10.7488/ds/3775,0fc9e6de8cec53b80b77bd4c806a8dd4238fc476c4a133efcb0db87b1731b0c1,aamos00-derivation-v1,aamos00_derivation.yaml,afdad4cef23c79307379e21011b1638ac91638f04b457dc21dc0be7888174baf,37665ed58cb0e42242624a310351f7d3920e4815a7fe55f79848ec4f6557e1fe,aamos-integrity-v4,a2b986cfa5c859bd1691652834600d28f2ce81e6646d60d63ab31cd685ff2f8f,payload_after_signing,attack,reject,signature,0.1,0.09987357774968394,all_minus_device,,,signature|binding|admission|merkle|freshness|authorization,,,20,pooled_fixed_seed_set,pooled_fixed_seed_set,20260722,crossed_seed_participant_multinomial,percentile_95,2000,2000,0,22,1582,1278.0,3160,3160,3160,3160,True,eligible_day_record_replacement,attack_target,attack_rejection,attacked simulation evaluations,3160,3160,1.0,1.0,1.0,a,100,3160.0,3160.0,,,,,,,,,,,,,,,,,,
aamos-submission-20260813-r410-final,2026-08-13T11:21:02.514563+00:00,public_secondary,AAMOS-00,10.7488/ds/3775,0fc9e6de8cec53b80b77bd4c806a8dd4238fc476c4a133efcb0db87b1731b0c1,aamos00-derivation-v1,aamos00_derivation.yaml,afdad4cef23c79307379e21011b1638ac91638f04b457dc21dc0be7888174baf,37665ed58cb0e42242624a310351f7d3920e4815a7fe55f79848ec4f6557e1fe,aamos-integrity-v4,a2b986cfa5c859bd1691652834600d28f2ce81e6646d60d63ab31cd685ff2f8f,payload_after_signing,attack,reject,signature,0.1,0.09987357774968394,all_minus_freshness,,,signature|device|binding|admission|merkle|authorization,,,20,pooled_fixed_seed_set,pooled_fixed_seed_set,20260722,crossed_seed_participant_multinomial,percentile_95,2000,2000,0,22,1582,1278.0,3160,3160,3160,3160,True,eligible_day_record_replacement,attack_target,attack_rejection,attacked simulation evaluations,3160,3160,1.0,1.0,1.0,a,101,3160.0,3160.0,,,,,,,,,,,,,,,,,,
aamos-submission-20260813-r410-final,2026-08-13T11:21:02.514563+00:00,public_secondary,AAMOS-00,10.7488/ds/3775,0fc9e6de8cec53b80b77bd4c806a8dd4238fc476c4a133efcb0db87b1731b0c1,aamos00-derivation-v1,aamos00_derivation.yaml,afdad4cef23c79307379e21011b1638ac91638f04b457dc21dc0be7888174baf,37665ed58cb0e42242624a310351f7d3920e4815a7fe55f79848ec4f6557e1fe,aamos-integrity-v4,a2b986cfa5c859bd1691652834600d28f2ce81e6646d60d63ab31cd685ff2f8f,payload_after_signing,attack,reject,signature,0.1,0.09987357774968394,all_minus_merkle,,,signature|device|binding|admission|freshness|authorization,,,20,pooled_fixed_seed_set,pooled_fixed_seed_set,20260722,crossed_seed_participant_multinomial,percentile_95,2000,2000,0,22,1582,1278.0,3160,3160,3160,3160,True,eligible_day_record_replacement,attack_target,attack_rejection,attacked simulation evaluations,3160,3160,1.0,1.0,1.0,a,102,3160.0,3160.0,,,,,,,,,,,,,,,,,,
aamos-submission-20260813-r410-final,2026-08-13T11:21:02.514563+00:00,public_secondary,AAMOS-00,10.7488/ds/3775,0fc9e6de8cec53b80b77bd4c806a8dd4238fc476c4a133efcb0db87b1731b0c1,aamos00-derivation-v1,aamos00_derivation.yaml,afdad4cef23c79307379e21011b1638ac91638f04b457dc21dc0be7888174baf,37665ed58cb0e42242624a310351f7d3920e4815a7fe55f79848ec4f6557e1fe,aamos-integrity-v4,a2b986cfa5c859bd1691652834600d28f2ce81e6646d60d63ab31cd685ff2f8f,payload_after_signing,attack,reject,merkle,0.1,0.09987357774968394,all_minus_signature,,,device|binding|admission|merkle|freshness|authorization,,,20,pooled_fixed_seed_set,pooled_fixed_seed_set,20260722,crossed_seed_participant_multinomial,percentile_95,2000,2000,0,22,1582,1278.0,3160,3160,3160,3160,True,eligible_day_record_replacement,attack_target,attack_rejection,attacked simulation evaluations,3160,3160,1.0,1.0,1.0,a,103,3160.0,3160.0,,,,,,,,,,,,,,,,,,
aamos-submission-20260813-r410-final,2026-08-13T11:21:02.514563+00:00,public_secondary,AAMOS-00,10.7488/ds/3775,0fc9e6de8cec53b80b77bd4c806a8dd4238fc476c4a133efcb0db87b1731b0c1,aamos00-derivation-v1,aamos00_derivation.yaml,afdad4cef23c79307379e21011b1638ac91638f04b457dc21dc0be7888174baf,37665ed58cb0e42242624a310351f7d3920e4815a7fe55f79848ec4f6557e1fe,aamos-integrity-v4,a2b986cfa5c859bd1691652834600d28f2ce81e6646d60d63ab31cd685ff2f8f,payload_after_signing,attack,reject,signature,0.1,0.09987357774968394,signature_admission,,,signature|admission,,,20,pooled_fixed_seed_set,pooled_fixed_seed_set,20260722,crossed_seed_participant_multinomial,percentile_95,2000,2000,0,22,1582,1278.0,3160,3160,3160,3160,True,eligible_day_record_replacement,attack_target,attack_rejection,attacked simulation evaluations,3160,3160,1.0,1.0,1.0,a,104,3160.0,3160.0,,,,,,,,,,,,,,,,,,
aamos-submission-20260813-r410-final,2026-08-13T11:21:02.514563+00:00,public_secondary,AAMOS-00,10.7488/ds/3775,0fc9e6de8cec53b80b77bd4c806a8dd4238fc476c4a133efcb0db87b1731b0c1,aamos00-derivation-v1,aamos00_derivation.yaml,afdad4cef23c79307379e21011b1638ac91638f04b457dc21dc0be7888174baf,37665ed58cb0e42242624a310351f7d3920e4815a7fe55f79848ec4f6557e1fe,aamos-integrity-v4,a2b986cfa5c859bd1691652834600d28f2ce81e6646d60d63ab31cd685ff2f8f,payload_after_signing,attack,reject,signature,0.1,0.09987357774968394,signature_binding_admission,,,signature|binding|admission,,,20,pooled_fixed_seed_set,pooled_fixed_seed_set,20260722,crossed_seed_participant_multinomial,percentile_95,2000,2000,0,22,1582,1278.0,3160,3160,3160,3160,True,eligible_day_record_replacement,attack_target,attack_rejection,attacked simulation evaluations,3160,3160,1.0,1.0,1.0,a,105,3160.0,3160.0,,,,,,,,,,,,,,,,,,
aamos-submission-20260813-r410-final,2026-08-13T11:21:02.514563+00:00,public_secondary,AAMOS-00,10.7488/ds/3775,0fc9e6de8cec53b80b77bd4c806a8dd4238fc476c4a133efcb0db87b1731b0c1,aamos00-derivation-v1,aamos00_derivation.yaml,afdad4cef23c79307379e21011b1638ac91638f04b457dc21dc0be7888174baf,37665ed58cb0e42242624a310351f7d3920e4815a7fe55f79848ec4f6557e1fe,aamos-integrity-v4,a2b986cfa5c859bd1691652834600d28f2ce81e6646d60d63ab31cd685ff2f8f,payload_after_signing,attack,reject,signature,0.1,0.09987357774968394,signature_only,,,signature,,,20,pooled_fixed_seed_set,pooled_fixed_seed_set,20260722,crossed_seed_participant_multinomial,percentile_95,2000,2000,0,22,1582,1278.0,3160,3160,3160,3160,True,eligible_day_record_replacement,attack_target,attack_rejection,attacked simulation evaluations,3160,3160,1.0,1.0,1.0,a,106,3160.0,3160.0,,,,,,,,,,,,,,,,,,
aamos-submission-20260813-r410-final,2026-08-13T11:21:02.514563+00:00,public_secondary,AAMOS-00,10.7488/ds/3775,0fc9e6de8cec53b80b77bd4c806a8dd4238fc476c4a133efcb0db87b1731b0c1,aamos00-derivation-v1,aamos00_derivation.yaml,afdad4cef23c79307379e21011b1638ac91638f04b457dc21dc0be7888174baf,37665ed58cb0e42242624a310351f7d3920e4815a7fe55f79848ec4f6557e1fe,aamos-integrity-v4,a2b986cfa5c859bd1691652834600d28f2ce81e6646d60d63ab31cd685ff2f8f,payload_after_signing,attack,accept,none,0.1,0.09987357774968394,unverified,,,,,,20,pooled_fixed_seed_set,pooled_fixed_seed_set,20260722,crossed_seed_participant_multinomial,percentile_95,2000,2000,0,22,1582,1278.0,3160,3160,3160,3160,True,eligible_day_record_replacement,attack_target,attack_rejection,attacked simulation evaluations,0,3160,0.0,0.0,0.0,a,107,0.0,3160.0,,,,,,,,,,,,,,,,,,
aamos-submission-20260813-r410-final,2026-08-13T11:21:02.514563+00:00,public_secondary,AAMOS-00,10.7488/ds/3775,0fc9e6de8cec53b80b77bd4c806a8dd4238fc476c4a133efcb0db87b1731b0c1,aamos00-derivation-v1,aamos00_derivation.yaml,afdad4cef23c79307379e21011b1638ac91638f04b457dc21dc0be7888174baf,37665ed58cb0e42242624a310351f7d3920e4815a7fe55f79848ec4f6557e1fe,aamos-integrity-v4,a2b986cfa5c859bd1691652834600d28f2ce81e6646d60d63ab31cd685ff2f8f,revoked_device,attack,reject,device,0.1,0.09987357774968394,all_checks,,,signature|device|binding|admission|merkle|freshness|authorization,,,20,pooled_fixed_seed_set,pooled_fixed_seed_set,20260722,crossed_seed_participant_multinomial,percentile_95,2000,2000,0,22,1582,1278.0,3160,3160,3160,3160,True,eligible_day_record_replacement,attack_target,attack_rejection,attacked simulation evaluations,3160,3160,1.0,1.0,1.0,a,108,3160.0,3160.0,,,,,,,,,,,,,,,,,,
aamos-submission-20260813-r410-final,2026-08-13T11:21:02.514563+00:00,public_secondary,AAMOS-00,10.7488/ds/3775,0fc9e6de8cec53b80b77bd4c806a8dd4238fc476c4a133efcb0db87b1731b0c1,aamos00-derivation-v1,aamos00_derivation.yaml,afdad4cef23c79307379e21011b1638ac91638f04b457dc21dc0be7888174baf,37665ed58cb0e42242624a310351f7d3920e4815a7fe55f79848ec4f6557e1fe,aamos-integrity-v4,a2b986cfa5c859bd1691652834600d28f2ce81e6646d60d63ab31cd685ff2f8f,revoked_device,attack,reject,device,0.1,0.09987357774968394,all_minus_admission,,,signature|device|binding|merkle|freshness|authorization,,,20,pooled_fixed_seed_set,pooled_fixed_seed_set,20260722,crossed_seed_participant_multinomial,percentile_95,2000,2000,0,22,1582,1278.0,3160,3160,3160,3160,True,eligible_day_record_replacement,attack_target,attack_rejection,attacked simulation evaluations,3160,3160,1.0,1.0,1.0,a,109,3160.0,3160.0,,,,,,,,,,,,,,,,,,
aamos-submission-20260813-r410-final,2026-08-13T11:21:02.514563+00:00,public_secondary,AAMOS-00,10.7488/ds/3775,0fc9e6de8cec53b80b77bd4c806a8dd4238fc476c4a133efcb0db87b1731b0c1,aamos00-derivation-v1,aamos00_derivation.yaml,afdad4cef23c79307379e21011b1638ac91638f04b457dc21dc0be7888174baf,37665ed58cb0e42242624a310351f7d3920e4815a7fe55f79848ec4f6557e1fe,aamos-integrity-v4,a2b986cfa5c859bd1691652834600d28f2ce81e6646d60d63ab31cd685ff2f8f,revoked_device,attack,reject,device,0.1,0.09987357774968394,all_minus_authorization,,,signature|device|binding|admission|merkle|freshness,,,20,pooled_fixed_seed_set,pooled_fixed_seed_set,20260722,crossed_seed_participant_multinomial,percentile_95,2000,2000,0,22,1582,1278.0,3160,3160,3160,3160,True,eligible_day_record_replacement,attack_target,attack_rejection,attacked simulation evaluations,3160,3160,1.0,1.0,1.0,a,110,3160.0,3160.0,,,,,,,,,,,,,,,,,,
aamos-submission-20260813-r410-final,2026-08-13T11:21:02.514563+00:00,public_secondary,AAMOS-00,10.7488/ds/3775,0fc9e6de8cec53b80b77bd4c806a8dd4238fc476c4a133efcb0db87b1731b0c1,aamos00-derivation-v1,aamos00_derivation.yaml,afdad4cef23c79307379e21011b1638ac91638f04b457dc21dc0be7888174baf,37665ed58cb0e42242624a310351f7d3920e4815a7fe55f79848ec4f6557e1fe,aamos-integrity-v4,a2b986cfa5c859bd1691652834600d28f2ce81e6646d60d63ab31cd685ff2f8f,revoked_device,attack,reject,device,0.1,0.09987357774968394,all_minus_binding,,,signature|device|admission|merkle|freshness|authorization,,,20,pooled_fixed_seed_set,pooled_fixed_seed_set,20260722,crossed_seed_participant_multinomial,percentile_95,2000,2000,0,22,1582,1278.0,3160,3160,3160,3160,True,eligible_day_record_replacement,attack_target,attack_rejection,attacked simulation evaluations,3160,3160,1.0,1.0,1.0,a,111,3160.0,3160.0,,,,,,,,,,,,,,,,,,
aamos-submission-20260813-r410-final,2026-08-13T11:21:02.514563+00:00,public_secondary,AAMOS-00,10.7488/ds/3775,0fc9e6de8cec53b80b77bd4c806a8dd4238fc476c4a133efcb0db87b1731b0c1,aamos00-derivation-v1,aamos00_derivation.yaml,afdad4cef23c79307379e21011b1638ac91638f04b457dc21dc0be7888174baf,37665ed58cb0e42242624a310351f7d3920e4815a7fe55f79848ec4f6557e1fe,aamos-integrity-v4,a2b986cfa5c859bd1691652834600d28f2ce81e6646d60d63ab31cd685ff2f8f,revoked_device,attack,accept,none,0.1,0.09987357774968394,all_minus_device,,,signature|binding|admission|merkle|freshness|authorization,,,20,pooled_fixed_seed_set,pooled_fixed_seed_set,20260722,crossed_seed_participant_multinomial,percentile_95,2000,2000,0,22,1582,1278.0,3160,3160,3160,3160,True,eligible_day_record_replacement,attack_target,attack_rejection,attacked simulation evaluations,0,3160,0.0,0.0,0.0,a,112,0.0,3160.0,,,,,,,,,,,,,,,,,,
aamos-submission-20260813-r410-final,2026-08-13T11:21:02.514563+00:00,public_secondary,AAMOS-00,10.7488/ds/3775,0fc9e6de8cec53b80b77bd4c806a8dd4238fc476c4a133efcb0db87b1731b0c1,aamos00-derivation-v1,aamos00_derivation.yaml,afdad4cef23c79307379e21011b1638ac91638f04b457dc21dc0be7888174baf,37665ed58cb0e42242624a310351f7d3920e4815a7fe55f79848ec4f6557e1fe,aamos-integrity-v4,a2b986cfa5c859bd1691652834600d28f2ce81e6646d60d63ab31cd685ff2f8f,revoked_device,attack,reject,device,0.1,0.09987357774968394,all_minus_freshness,,,signature|device|binding|admission|merkle|authorization,,,20,pooled_fixed_seed_set,pooled_fixed_seed_set,20260722,crossed_seed_participant_multinomial,percentile_95,2000,2000,0,22,1582,1278.0,3160,3160,3160,3160,True,eligible_day_record_replacement,attack_target,attack_rejection,attacked simulation evaluations,3160,3160,1.0,1.0,1.0,a,113,3160.0,3160.0,,,,,,,,,,,,,,,,,,
aamos-submission-20260813-r410-final,2026-08-13T11:21:02.514563+00:00,public_secondary,AAMOS-00,10.7488/ds/3775,0fc9e6de8cec53b80b77bd4c806a8dd4238fc476c4a133efcb0db87b1731b0c1,aamos00-derivation-v1,aamos00_derivation.yaml,afdad4cef23c79307379e21011b1638ac91638f04b457dc21dc0be7888174baf,37665ed58cb0e42242624a310351f7d3920e4815a7fe55f79848ec4f6557e1fe,aamos-integrity-v4,a2b986cfa5c859bd1691652834600d28f2ce81e6646d60d63ab31cd685ff2f8f,revoked_device,attack,reject,device,0.1,0.09987357774968394,all_minus_merkle,,,signature|device|binding|admission|freshness|authorization,,,20,pooled_fixed_seed_set,pooled_fixed_seed_set,20260722,crossed_seed_participant_multinomial,percentile_95,2000,2000,0,22,1582,1278.0,3160,3160,3160,3160,True,eligible_day_record_replacement,attack_target,attack_rejection,attacked simulation evaluations,3160,3160,1.0,1.0,1.0,a,114,3160.0,3160.0,,,,,,,,,,,,,,,,,,
aamos-submission-20260813-r410-final,2026-08-13T11:21:02.514563+00:00,public_secondary,AAMOS-00,10.7488/ds/3775,0fc9e6de8cec53b80b77bd4c806a8dd4238fc476c4a133efcb0db87b1731b0c1,aamos00-derivation-v1,aamos00_derivation.yaml,afdad4cef23c79307379e21011b1638ac91638f04b457dc21dc0be7888174baf,37665ed58cb0e42242624a310351f7d3920e4815a7fe55f79848ec4f6557e1fe,aamos-integrity-v4,a2b986cfa5c859bd1691652834600d28f2ce81e6646d60d63ab31cd685ff2f8f,revoked_device,attack,reject,device,0.1,0.09987357774968394,all_minus_signature,,,device|binding|admission|merkle|freshness|authorization,,,20,pooled_fixed_seed_set,pooled_fixed_seed_set,20260722,crossed_seed_participant_multinomial,percentile_95,2000,2000,0,22,1582,1278.0,3160,3160,3160,3160,True,eligible_day_record_replacement,attack_target,attack_rejection,attacked simulation evaluations,3160,3160,1.0,1.0,1.0,a,115,3160.0,3160.0,,,,,,,,,,,,,,,,,,
aamos-submission-20260813-r410-final,2026-08-13T11:21:02.514563+00:00,public_secondary,AAMOS-00,10.7488/ds/3775,0fc9e6de8cec53b80b77bd4c806a8dd4238fc476c4a133efcb0db87b1731b0c1,aamos00-derivation-v1,aamos00_derivation.yaml,afdad4cef23c79307379e21011b1638ac91638f04b457dc21dc0be7888174baf,37665ed58cb0e42242624a310351f7d3920e4815a7fe55f79848ec4f6557e1fe,aamos-integrity-v4,a2b986cfa5c859bd1691652834600d28f2ce81e6646d60d63ab31cd685ff2f8f,revoked_device,attack,accept,none,0.1,0.09987357774968394,signature_admission,,,signature|admission,,,20,pooled_fixed_seed_set,pooled_fixed_seed_set,20260722,crossed_seed_participant_multinomial,percentile_95,2000,2000,0,22,1582,1278.0,3160,3160,3160,3160,True,eligible_day_record_replacement,attack_target,attack_rejection,attacked simulation evaluations,0,3160,0.0,0.0,0.0,a,116,0.0,3160.0,,,,,,,,,,,,,,,,,,
aamos-submission-20260813-r410-final,2026-08-13T11:21:02.514563+00:00,public_secondary,AAMOS-00,10.7488/ds/3775,0fc9e6de8cec53b80b77bd4c806a8dd4238fc476c4a133efcb0db87b1731b0c1,aamos00-derivation-v1,aamos00_derivation.yaml,afdad4cef23c79307379e21011b1638ac91638f04b457dc21dc0be7888174baf,37665ed58cb0e42242624a310351f7d3920e4815a7fe55f79848ec4f6557e1fe,aamos-integrity-v4,a2b986cfa5c859bd1691652834600d28f2ce81e6646d60d63ab31cd685ff2f8f,revoked_device,attack,accept,none,0.1,0.09987357774968394,signature_binding_admission,,,signature|binding|admission,,,20,pooled_fixed_seed_set,pooled_fixed_seed_set,20260722,crossed_seed_participant_multinomial,percentile_95,2000,2000,0,22,1582,1278.0,3160,3160,3160,3160,True,eligible_day_record_replacement,attack_target,attack_rejection,attacked simulation evaluations,0,3160,0.0,0.0,0.0,a,117,0.0,3160.0,,,,,,,,,,,,,,,,,,
aamos-submission-20260813-r410-final,2026-08-13T11:21:02.514563+00:00,public_secondary,AAMOS-00,10.7488/ds/3775,0fc9e6de8cec53b80b77bd4c806a8dd4238fc476c4a133efcb0db87b1731b0c1,aamos00-derivation-v1,aamos00_derivation.yaml,afdad4cef23c79307379e21011b1638ac91638f04b457dc21dc0be7888174baf,37665ed58cb0e42242624a310351f7d3920e4815a7fe55f79848ec4f6557e1fe,aamos-integrity-v4,a2b986cfa5c859bd1691652834600d28f2ce81e6646d60d63ab31cd685ff2f8f,revoked_device,attack,accept,none,0.1,0.09987357774968394,signature_only,,,signature,,,20,pooled_fixed_seed_set,pooled_fixed_seed_set,20260722,crossed_seed_participant_multinomial,percentile_95,2000,2000,0,22,1582,1278.0,3160,3160,3160,3160,True,eligible_day_record_replacement,attack_target,attack_rejection,attacked simulation evaluations,0,3160,0.0,0.0,0.0,a,118,0.0,3160.0,,,,,,,,,,,,,,,,,,
aamos-submission-20260813-r410-final,2026-08-13T11:21:02.514563+00:00,public_secondary,AAMOS-00,10.7488/ds/3775,0fc9e6de8cec53b80b77bd4c806a8dd4238fc476c4a133efcb0db87b1731b0c1,aamos00-derivation-v1,aamos00_derivation.yaml,afdad4cef23c79307379e21011b1638ac91638f04b457dc21dc0be7888174baf,37665ed58cb0e42242624a310351f7d3920e4815a7fe55f79848ec4f6557e1fe,aamos-integrity-v4,a2b986cfa5c859bd1691652834600d28f2ce81e6646d60d63ab31cd685ff2f8f,revoked_device,attack,accept,none,0.1,0.09987357774968394,unverified,,,,,,20,pooled_fixed_seed_set,pooled_fixed_seed_set,20260722,crossed_seed_participant_multinomial,percentile_95,2000,2000,0,22,1582,1278.0,3160,3160,3160,3160,True,eligible_day_record_replacement,attack_target,attack_rejection,attacked simulation evaluations,0,3160,0.0,0.0,0.0,a,119,0.0,3160.0,,,,,,,,,,,,,,,,,,
aamos-submission-20260813-r410-final,2026-08-13T11:21:02.514563+00:00,public_secondary,AAMOS-00,10.7488/ds/3775,0fc9e6de8cec53b80b77bd4c806a8dd4238fc476c4a133efcb0db87b1731b0c1,aamos00-derivation-v1,aamos00_derivation.yaml,afdad4cef23c79307379e21011b1638ac91638f04b457dc21dc0be7888174baf,37665ed58cb0e42242624a310351f7d3920e4815a7fe55f79848ec4f6557e1fe,aamos-integrity-v4,a2b986cfa5c859bd1691652834600d28f2ce81e6646d60d63ab31cd685ff2f8f,stale_latest_pointer,attack,reject,freshness,0.1,0.09987357774968394,all_checks,,,signature|device|binding|admission|merkle|freshness|authorization,,,20,pooled_fixed_seed_set,pooled_fixed_seed_set,20260722,crossed_seed_participant_multinomial,percentile_95,2000,2000,0,22,1582,1278.0,3160,3160,3160,3160,True,eligible_day_record_replacement,attack_target,attack_rejection,attacked simulation evaluations,3160,3160,1.0,1.0,1.0,a,120,3160.0,3160.0,,,,,,,,,,,,,,,,,,
aamos-submission-20260813-r410-final,2026-08-13T11:21:02.514563+00:00,public_secondary,AAMOS-00,10.7488/ds/3775,0fc9e6de8cec53b80b77bd4c806a8dd4238fc476c4a133efcb0db87b1731b0c1,aamos00-derivation-v1,aamos00_derivation.yaml,afdad4cef23c79307379e21011b1638ac91638f04b457dc21dc0be7888174baf,37665ed58cb0e42242624a310351f7d3920e4815a7fe55f79848ec4f6557e1fe,aamos-integrity-v4,a2b986cfa5c859bd1691652834600d28f2ce81e6646d60d63ab31cd685ff2f8f,stale_latest_pointer,attack,reject,freshness,0.1,0.09987357774968394,all_minus_admission,,,signature|device|binding|merkle|freshness|authorization,,,20,pooled_fixed_seed_set,pooled_fixed_seed_set,20260722,crossed_seed_participant_multinomial,percentile_95,2000,2000,0,22,1582,1278.0,3160,3160,3160,3160,True,eligible_day_record_replacement,attack_target,attack_rejection,attacked simulation evaluations,3160,3160,1.0,1.0,1.0,a,121,3160.0,3160.0,,,,,,,,,,,,,,,,,,
aamos-submission-20260813-r410-final,2026-08-13T11:21:02.514563+00:00,public_secondary,AAMOS-00,10.7488/ds/3775,0fc9e6de8cec53b80b77bd4c806a8dd4238fc476c4a133efcb0db87b1731b0c1,aamos00-derivation-v1,aamos00_derivation.yaml,afdad4cef23c79307379e21011b1638ac91638f04b457dc21dc0be7888174baf,37665ed58cb0e42242624a310351f7d3920e4815a7fe55f79848ec4f6557e1fe,aamos-integrity-v4,a2b986cfa5c859bd1691652834600d28f2ce81e6646d60d63ab31cd685ff2f8f,stale_latest_pointer,attack,reject,freshness,0.1,0.09987357774968394,all_minus_authorization,,,signature|device|binding|admission|merkle|freshness,,,20,pooled_fixed_seed_set,pooled_fixed_seed_set,20260722,crossed_seed_participant_multinomial,percentile_95,2000,2000,0,22,1582,1278.0,3160,3160,3160,3160,True,eligible_day_record_replacement,attack_target,attack_rejection,attacked simulation evaluations,3160,3160,1.0,1.0,1.0,a,122,3160.0,3160.0,,,,,,,,,,,,,,,,,,
aamos-submission-20260813-r410-final,2026-08-13T11:21:02.514563+00:00,public_secondary,AAMOS-00,10.7488/ds/3775,0fc9e6de8cec53b80b77bd4c806a8dd4238fc476c4a133efcb0db87b1731b0c1,aamos00-derivation-v1,aamos00_derivation.yaml,afdad4cef23c79307379e21011b1638ac91638f04b457dc21dc0be7888174baf,37665ed58cb0e42242624a310351f7d3920e4815a7fe55f79848ec4f6557e1fe,aamos-integrity-v4,a2b986cfa5c859bd1691652834600d28f2ce81e6646d60d63ab31cd685ff2f8f,stale_latest_pointer,attack,reject,freshness,0.1,0.09987357774968394,all_minus_binding,,,signature|device|admission|merkle|freshness|authorization,,,20,pooled_fixed_seed_set,pooled_fixed_seed_set,20260722,crossed_seed_participant_multinomial,percentile_95,2000,2000,0,22,1582,1278.0,3160,3160,3160,3160,True,eligible_day_record_replacement,attack_target,attack_rejection,attacked simulation evaluations,3160,3160,1.0,1.0,1.0,a,123,3160.0,3160.0,,,,,,,,,,,,,,,,,,
aamos-submission-20260813-r410-final,2026-08-13T11:21:02.514563+00:00,public_secondary,AAMOS-00,10.7488/ds/3775,0fc9e6de8cec53b80b77bd4c806a8dd4238fc476c4a133efcb0db87b1731b0c1,aamos00-derivation-v1,aamos00_derivation.yaml,afdad4cef23c79307379e21011b1638ac91638f04b457dc21dc0be7888174baf,37665ed58cb0e42242624a310351f7d3920e4815a7fe55f79848ec4f6557e1fe,aamos-integrity-v4,a2b986cfa5c859bd1691652834600d28f2ce81e6646d60d63ab31cd685ff2f8f,stale_latest_pointer,attack,reject,freshness,0.1,0.09987357774968394,all_minus_device,,,signature|binding|admission|merkle|freshness|authorization,,,20,pooled_fixed_seed_set,pooled_fixed_seed_set,20260722,crossed_seed_participant_multinomial,percentile_95,2000,2000,0,22,1582,1278.0,3160,3160,3160,3160,True,eligible_day_record_replacement,attack_target,attack_rejection,attacked simulation evaluations,3160,3160,1.0,1.0,1.0,a,124,3160.0,3160.0,,,,,,,,,,,,,,,,,,
aamos-submission-20260813-r410-final,2026-08-13T11:21:02.514563+00:00,public_secondary,AAMOS-00,10.7488/ds/3775,0fc9e6de8cec53b80b77bd4c806a8dd4238fc476c4a133efcb0db87b1731b0c1,aamos00-derivation-v1,aamos00_derivation.yaml,afdad4cef23c79307379e21011b1638ac91638f04b457dc21dc0be7888174baf,37665ed58cb0e42242624a310351f7d3920e4815a7fe55f79848ec4f6557e1fe,aamos-integrity-v4,a2b986cfa5c859bd1691652834600d28f2ce81e6646d60d63ab31cd685ff2f8f,stale_latest_pointer,attack,accept,none,0.1,0.09987357774968394,all_minus_freshness,,,signature|device|binding|admission|merkle|authorization,,,20,pooled_fixed_seed_set,pooled_fixed_seed_set,20260722,crossed_seed_participant_multinomial,percentile_95,2000,2000,0,22,1582,1278.0,3160,3160,3160,3160,True,eligible_day_record_replacement,attack_target,attack_rejection,attacked simulation evaluations,0,3160,0.0,0.0,0.0,a,125,0.0,3160.0,,,,,,,,,,,,,,,,,,
aamos-submission-20260813-r410-final,2026-08-13T11:21:02.514563+00:00,public_secondary,AAMOS-00,10.7488/ds/3775,0fc9e6de8cec53b80b77bd4c806a8dd4238fc476c4a133efcb0db87b1731b0c1,aamos00-derivation-v1,aamos00_derivation.yaml,afdad4cef23c79307379e21011b1638ac91638f04b457dc21dc0be7888174baf,37665ed58cb0e42242624a310351f7d3920e4815a7fe55f79848ec4f6557e1fe,aamos-integrity-v4,a2b986cfa5c859bd1691652834600d28f2ce81e6646d60d63ab31cd685ff2f8f,stale_latest_pointer,attack,reject,freshness,0.1,0.09987357774968394,all_minus_merkle,,,signature|device|binding|admission|freshness|authorization,,,20,pooled_fixed_seed_set,pooled_fixed_seed_set,20260722,crossed_seed_participant_multinomial,percentile_95,2000,2000,0,22,1582,1278.0,3160,3160,3160,3160,True,eligible_day_record_replacement,attack_target,attack_rejection,attacked simulation evaluations,3160,3160,1.0,1.0,1.0,a,126,3160.0,3160.0,,,,,,,,,,,,,,,,,,
aamos-submission-20260813-r410-final,2026-08-13T11:21:02.514563+00:00,public_secondary,AAMOS-00,10.7488/ds/3775,0fc9e6de8cec53b80b77bd4c806a8dd4238fc476c4a133efcb0db87b1731b0c1,aamos00-derivation-v1,aamos00_derivation.yaml,afdad4cef23c79307379e21011b1638ac91638f04b457dc21dc0be7888174baf,37665ed58cb0e42242624a310351f7d3920e4815a7fe55f79848ec4f6557e1fe,aamos-integrity-v4,a2b986cfa5c859bd1691652834600d28f2ce81e6646d60d63ab31cd685ff2f8f,stale_latest_pointer,attack,reject,freshness,0.1,0.09987357774968394,all_minus_signature,,,device|binding|admission|merkle|freshness|authorization,,,20,pooled_fixed_seed_set,pooled_fixed_seed_set,20260722,crossed_seed_participant_multinomial,percentile_95,2000,2000,0,22,1582,1278.0,3160,3160,3160,3160,True,eligible_day_record_replacement,attack_target,attack_rejection,attacked simulation evaluations,3160,3160,1.0,1.0,1.0,a,127,3160.0,3160.0,,,,,,,,,,,,,,,,,,
aamos-submission-20260813-r410-final,2026-08-13T11:21:02.514563+00:00,public_secondary,AAMOS-00,10.7488/ds/3775,0fc9e6de8cec53b80b77bd4c806a8dd4238fc476c4a133efcb0db87b1731b0c1,aamos00-derivation-v1,aamos00_derivation.yaml,afdad4cef23c79307379e21011b1638ac91638f04b457dc21dc0be7888174baf,37665ed58cb0e42242624a310351f7d3920e4815a7fe55f79848ec4f6557e1fe,aamos-integrity-v4,a2b986cfa5c859bd1691652834600d28f2ce81e6646d60d63ab31cd685ff2f8f,stale_latest_pointer,attack,accept,none,0.1,0.09987357774968394,signature_admission,,,signature|admission,,,20,pooled_fixed_seed_set,pooled_fixed_seed_set,20260722,crossed_seed_participant_multinomial,percentile_95,2000,2000,0,22,1582,1278.0,3160,3160,3160,3160,True,eligible_day_record_replacement,attack_target,attack_rejection,attacked simulation evaluations,0,3160,0.0,0.0,0.0,a,128,0.0,3160.0,,,,,,,,,,,,,,,,,,
aamos-submission-20260813-r410-final,2026-08-13T11:21:02.514563+00:00,public_secondary,AAMOS-00,10.7488/ds/3775,0fc9e6de8cec53b80b77bd4c806a8dd4238fc476c4a133efcb0db87b1731b0c1,aamos00-derivation-v1,aamos00_derivation.yaml,afdad4cef23c79307379e21011b1638ac91638f04b457dc21dc0be7888174baf,37665ed58cb0e42242624a310351f7d3920e4815a7fe55f79848ec4f6557e1fe,aamos-integrity-v4,a2b986cfa5c859bd1691652834600d28f2ce81e6646d60d63ab31cd685ff2f8f,stale_latest_pointer,attack,accept,none,0.1,0.09987357774968394,signature_binding_admission,,,signature|binding|admission,,,20,pooled_fixed_seed_set,pooled_fixed_seed_set,20260722,crossed_seed_participant_multinomial,percentile_95,2000,2000,0,22,1582,1278.0,3160,3160,3160,3160,True,eligible_day_record_replacement,attack_target,attack_rejection,attacked simulation evaluations,0,3160,0.0,0.0,0.0,a,129,0.0,3160.0,,,,,,,,,,,,,,,,,,
aamos-submission-20260813-r410-final,2026-08-13T11:21:02.514563+00:00,public_secondary,AAMOS-00,10.7488/ds/3775,0fc9e6de8cec53b80b77bd4c806a8dd4238fc476c4a133efcb0db87b1731b0c1,aamos00-derivation-v1,aamos00_derivation.yaml,afdad4cef23c79307379e21011b1638ac91638f04b457dc21dc0be7888174baf,37665ed58cb0e42242624a310351f7d3920e4815a7fe55f79848ec4f6557e1fe,aamos-integrity-v4,a2b986cfa5c859bd1691652834600d28f2ce81e6646d60d63ab31cd685ff2f8f,stale_latest_pointer,attack,accept,none,0.1,0.09987357774968394,signature_only,,,signature,,,20,pooled_fixed_seed_set,pooled_fixed_seed_set,20260722,crossed_seed_participant_multinomial,percentile_95,2000,2000,0,22,1582,1278.0,3160,3160,3160,3160,True,eligible_day_record_replacement,attack_target,attack_rejection,attacked simulation evaluations,0,3160,0.0,0.0,0.0,a,130,0.0,3160.0,,,,,,,,,,,,,,,,,,
aamos-submission-20260813-r410-final,2026-08-13T11:21:02.514563+00:00,public_secondary,AAMOS-00,10.7488/ds/3775,0fc9e6de8cec53b80b77bd4c806a8dd4238fc476c4a133efcb0db87b1731b0c1,aamos00-derivation-v1,aamos00_derivation.yaml,afdad4cef23c79307379e21011b1638ac91638f04b457dc21dc0be7888174baf,37665ed58cb0e42242624a310351f7d3920e4815a7fe55f79848ec4f6557e1fe,aamos-integrity-v4,a2b986cfa5c859bd1691652834600d28f2ce81e6646d60d63ab31cd685ff2f8f,stale_latest_pointer,attack,accept,none,0.1,0.09987357774968394,unverified,,,,,,20,pooled_fixed_seed_set,pooled_fixed_seed_set,20260722,crossed_seed_participant_multinomial,percentile_95,2000,2000,0,22,1582,1278.0,3160,3160,3160,3160,True,eligible_day_record_replacement,attack_target,attack_rejection,attacked simulation evaluations,0,3160,0.0,0.0,0.0,a,131,0.0,3160.0,,,,,,,,,,,,,,,,,,
aamos-submission-20260813-r410-final,2026-08-13T11:21:02.514563+00:00,public_secondary,AAMOS-00,10.7488/ds/3775,0fc9e6de8cec53b80b77bd4c806a8dd4238fc476c4a133efcb0db87b1731b0c1,aamos00-derivation-v1,aamos00_derivation.yaml,afdad4cef23c79307379e21011b1638ac91638f04b457dc21dc0be7888174baf,37665ed58cb0e42242624a310351f7d3920e4815a7fe55f79848ec4f6557e1fe,aamos-integrity-v4,a2b986cfa5c859bd1691652834600d28f2ce81e6646d60d63ab31cd685ff2f8f,tampered_merkle_leaf,attack,reject,merkle,0.1,0.09987357774968394,all_checks,,,signature|device|binding|admission|merkle|freshness|authorization,,,20,pooled_fixed_seed_set,pooled_fixed_seed_set,20260722,crossed_seed_participant_multinomial,percentile_95,2000,2000,0,22,1582,1278.0,3160,3160,3160,3160,True,eligible_day_record_replacement,attack_target,attack_rejection,attacked simulation evaluations,3160,3160,1.0,1.0,1.0,a,132,3160.0,3160.0,,,,,,,,,,,,,,,,,,
aamos-submission-20260813-r410-final,2026-08-13T11:21:02.514563+00:00,public_secondary,AAMOS-00,10.7488/ds/3775,0fc9e6de8cec53b80b77bd4c806a8dd4238fc476c4a133efcb0db87b1731b0c1,aamos00-derivation-v1,aamos00_derivation.yaml,afdad4cef23c79307379e21011b1638ac91638f04b457dc21dc0be7888174baf,37665ed58cb0e42242624a310351f7d3920e4815a7fe55f79848ec4f6557e1fe,aamos-integrity-v4,a2b986cfa5c859bd1691652834600d28f2ce81e6646d60d63ab31cd685ff2f8f,tampered_merkle_leaf,attack,reject,merkle,0.1,0.09987357774968394,all_minus_admission,,,signature|device|binding|merkle|freshness|authorization,,,20,pooled_fixed_seed_set,pooled_fixed_seed_set,20260722,crossed_seed_participant_multinomial,percentile_95,2000,2000,0,22,1582,1278.0,3160,3160,3160,3160,True,eligible_day_record_replacement,attack_target,attack_rejection,attacked simulation evaluations,3160,3160,1.0,1.0,1.0,a,133,3160.0,3160.0,,,,,,,,,,,,,,,,,,
aamos-submission-20260813-r410-final,2026-08-13T11:21:02.514563+00:00,public_secondary,AAMOS-00,10.7488/ds/3775,0fc9e6de8cec53b80b77bd4c806a8dd4238fc476c4a133efcb0db87b1731b0c1,aamos00-derivation-v1,aamos00_derivation.yaml,afdad4cef23c79307379e21011b1638ac91638f04b457dc21dc0be7888174baf,37665ed58cb0e42242624a310351f7d3920e4815a7fe55f79848ec4f6557e1fe,aamos-integrity-v4,a2b986cfa5c859bd1691652834600d28f2ce81e6646d60d63ab31cd685ff2f8f,tampered_merkle_leaf,attack,reject,merkle,0.1,0.09987357774968394,all_minus_authorization,,,signature|device|binding|admission|merkle|freshness,,,20,pooled_fixed_seed_set,pooled_fixed_seed_set,20260722,crossed_seed_participant_multinomial,percentile_95,2000,2000,0,22,1582,1278.0,3160,3160,3160,3160,True,eligible_day_record_replacement,attack_target,attack_rejection,attacked simulation evaluations,3160,3160,1.0,1.0,1.0,a,134,3160.0,3160.0,,,,,,,,,,,,,,,,,,
aamos-submission-20260813-r410-final,2026-08-13T11:21:02.514563+00:00,public_secondary,AAMOS-00,10.7488/ds/3775,0fc9e6de8cec53b80b77bd4c806a8dd4238fc476c4a133efcb0db87b1731b0c1,aamos00-derivation-v1,aamos00_derivation.yaml,afdad4cef23c79307379e21011b1638ac91638f04b457dc21dc0be7888174baf,37665ed58cb0e42242624a310351f7d3920e4815a7fe55f79848ec4f6557e1fe,aamos-integrity-v4,a2b986cfa5c859bd1691652834600d28f2ce81e6646d60d63ab31cd685ff2f8f,tampered_merkle_leaf,attack,reject,merkle,0.1,0.09987357774968394,all_minus_binding,,,signature|device|admission|merkle|freshness|authorization,,,20,pooled_fixed_seed_set,pooled_fixed_seed_set,20260722,crossed_seed_participant_multinomial,percentile_95,2000,2000,0,22,1582,1278.0,3160,3160,3160,3160,True,eligible_day_record_replacement,attack_target,attack_rejection,attacked simulation evaluations,3160,3160,1.0,1.0,1.0,a,135,3160.0,3160.0,,,,,,,,,,,,,,,,,,
aamos-submission-20260813-r410-final,2026-08-13T11:21:02.514563+00:00,public_secondary,AAMOS-00,10.7488/ds/3775,0fc9e6de8cec53b80b77bd4c806a8dd4238fc476c4a133efcb0db87b1731b0c1,aamos00-derivation-v1,aamos00_derivation.yaml,afdad4cef23c79307379e21011b1638ac91638f04b457dc21dc0be7888174baf,37665ed58cb0e42242624a310351f7d3920e4815a7fe55f79848ec4f6557e1fe,aamos-integrity-v4,a2b986cfa5c859bd1691652834600d28f2ce81e6646d60d63ab31cd685ff2f8f,tampered_merkle_leaf,attack,reject,merkle,0.1,0.09987357774968394,all_minus_device,,,signature|binding|admission|merkle|freshness|authorization,,,20,pooled_fixed_seed_set,pooled_fixed_seed_set,20260722,crossed_seed_participant_multinomial,percentile_95,2000,2000,0,22,1582,1278.0,3160,3160,3160,3160,True,eligible_day_record_replacement,attack_target,attack_rejection,attacked simulation evaluations,3160,3160,1.0,1.0,1.0,a,136,3160.0,3160.0,,,,,,,,,,,,,,,,,,
aamos-submission-20260813-r410-final,2026-08-13T11:21:02.514563+00:00,public_secondary,AAMOS-00,10.7488/ds/3775,0fc9e6de8cec53b80b77bd4c806a8dd4238fc476c4a133efcb0db87b1731b0c1,aamos00-derivation-v1,aamos00_derivation.yaml,afdad4cef23c79307379e21011b1638ac91638f04b457dc21dc0be7888174baf,37665ed58cb0e42242624a310351f7d3920e4815a7fe55f79848ec4f6557e1fe,aamos-integrity-v4,a2b986cfa5c859bd1691652834600d28f2ce81e6646d60d63ab31cd685ff2f8f,tampered_merkle_leaf,attack,reject,merkle,0.1,0.09987357774968394,all_minus_freshness,,,signature|device|binding|admission|merkle|authorization,,,20,pooled_fixed_seed_set,pooled_fixed_seed_set,20260722,crossed_seed_participant_multinomial,percentile_95,2000,2000,0,22,1582,1278.0,3160,3160,3160,3160,True,eligible_day_record_replacement,attack_target,attack_rejection,attacked simulation evaluations,3160,3160,1.0,1.0,1.0,a,137,3160.0,3160.0,,,,,,,,,,,,,,,,,,
aamos-submission-20260813-r410-final,2026-08-13T11:21:02.514563+00:00,public_secondary,AAMOS-00,10.7488/ds/3775,0fc9e6de8cec53b80b77bd4c806a8dd4238fc476c4a133efcb0db87b1731b0c1,aamos00-derivation-v1,aamos00_derivation.yaml,afdad4cef23c79307379e21011b1638ac91638f04b457dc21dc0be7888174baf,37665ed58cb0e42242624a310351f7d3920e4815a7fe55f79848ec4f6557e1fe,aamos-integrity-v4,a2b986cfa5c859bd1691652834600d28f2ce81e6646d60d63ab31cd685ff2f8f,tampered_merkle_leaf,attack,accept,none,0.1,0.09987357774968394,all_minus_merkle,,,signature|device|binding|admission|freshness|authorization,,,20,pooled_fixed_seed_set,pooled_fixed_seed_set,20260722,crossed_seed_participant_multinomial,percentile_95,2000,2000,0,22,1582,1278.0,3160,3160,3160,3160,True,eligible_day_record_replacement,attack_target,attack_rejection,attacked simulation evaluations,0,3160,0.0,0.0,0.0,a,138,0.0,3160.0,,,,,,,,,,,,,,,,,,
aamos-submission-20260813-r410-final,2026-08-13T11:21:02.514563+00:00,public_secondary,AAMOS-00,10.7488/ds/3775,0fc9e6de8cec53b80b77bd4c806a8dd4238fc476c4a133efcb0db87b1731b0c1,aamos00-derivation-v1,aamos00_derivation.yaml,afdad4cef23c79307379e21011b1638ac91638f04b457dc21dc0be7888174baf,37665ed58cb0e42242624a310351f7d3920e4815a7fe55f79848ec4f6557e1fe,aamos-integrity-v4,a2b986cfa5c859bd1691652834600d28f2ce81e6646d60d63ab31cd685ff2f8f,tampered_merkle_leaf,attack,reject,merkle,0.1,0.09987357774968394,all_minus_signature,,,device|binding|admission|merkle|freshness|authorization,,,20,pooled_fixed_seed_set,pooled_fixed_seed_set,20260722,crossed_seed_participant_multinomial,percentile_95,2000,2000,0,22,1582,1278.0,3160,3160,3160,3160,True,eligible_day_record_replacement,attack_target,attack_rejection,attacked simulation evaluations,3160,3160,1.0,1.0,1.0,a,139,3160.0,3160.0,,,,,,,,,,,,,,,,,,
aamos-submission-20260813-r410-final,2026-08-13T11:21:02.514563+00:00,public_secondary,AAMOS-00,10.7488/ds/3775,0fc9e6de8cec53b80b77bd4c806a8dd4238fc476c4a133efcb0db87b1731b0c1,aamos00-derivation-v1,aamos00_derivation.yaml,afdad4cef23c79307379e21011b1638ac91638f04b457dc21dc0be7888174baf,37665ed58cb0e42242624a310351f7d3920e4815a7fe55f79848ec4f6557e1fe,aamos-integrity-v4,a2b986cfa5c859bd1691652834600d28f2ce81e6646d60d63ab31cd685ff2f8f,tampered_merkle_leaf,attack,accept,none,0.1,0.09987357774968394,signature_admission,,,signature|admission,,,20,pooled_fixed_seed_set,pooled_fixed_seed_set,20260722,crossed_seed_participant_multinomial,percentile_95,2000,2000,0,22,1582,1278.0,3160,3160,3160,3160,True,eligible_day_record_replacement,attack_target,attack_rejection,attacked simulation evaluations,0,3160,0.0,0.0,0.0,a,140,0.0,3160.0,,,,,,,,,,,,,,,,,,
aamos-submission-20260813-r410-final,2026-08-13T11:21:02.514563+00:00,public_secondary,AAMOS-00,10.7488/ds/3775,0fc9e6de8cec53b80b77bd4c806a8dd4238fc476c4a133efcb0db87b1731b0c1,aamos00-derivation-v1,aamos00_derivation.yaml,afdad4cef23c79307379e21011b1638ac91638f04b457dc21dc0be7888174baf,37665ed58cb0e42242624a310351f7d3920e4815a7fe55f79848ec4f6557e1fe,aamos-integrity-v4,a2b986cfa5c859bd1691652834600d28f2ce81e6646d60d63ab31cd685ff2f8f,tampered_merkle_leaf,attack,accept,none,0.1,0.09987357774968394,signature_binding_admission,,,signature|binding|admission,,,20,pooled_fixed_seed_set,pooled_fixed_seed_set,20260722,crossed_seed_participant_multinomial,percentile_95,2000,2000,0,22,1582,1278.0,3160,3160,3160,3160,True,eligible_day_record_replacement,attack_target,attack_rejection,attacked simulation evaluations,0,3160,0.0,0.0,0.0,a,141,0.0,3160.0,,,,,,,,,,,,,,,,,,
aamos-submission-20260813-r410-final,2026-08-13T11:21:02.514563+00:00,public_secondary,AAMOS-00,10.7488/ds/3775,0fc9e6de8cec53b80b77bd4c806a8dd4238fc476c4a133efcb0db87b1731b0c1,aamos00-derivation-v1,aamos00_derivation.yaml,afdad4cef23c79307379e21011b1638ac91638f04b457dc21dc0be7888174baf,37665ed58cb0e42242624a310351f7d3920e4815a7fe55f79848ec4f6557e1fe,aamos-integrity-v4,a2b986cfa5c859bd1691652834600d28f2ce81e6646d60d63ab31cd685ff2f8f,tampered_merkle_leaf,attack,accept,none,0.1,0.09987357774968394,signature_only,,,signature,,,20,pooled_fixed_seed_set,pooled_fixed_seed_set,20260722,crossed_seed_participant_multinomial,percentile_95,2000,2000,0,22,1582,1278.0,3160,3160,3160,3160,True,eligible_day_record_replacement,attack_target,attack_rejection,attacked simulation evaluations,0,3160,0.0,0.0,0.0,a,142,0.0,3160.0,,,,,,,,,,,,,,,,,,
aamos-submission-20260813-r410-final,2026-08-13T11:21:02.514563+00:00,public_secondary,AAMOS-00,10.7488/ds/3775,0fc9e6de8cec53b80b77bd4c806a8dd4238fc476c4a133efcb0db87b1731b0c1,aamos00-derivation-v1,aamos00_derivation.yaml,afdad4cef23c79307379e21011b1638ac91638f04b457dc21dc0be7888174baf,37665ed58cb0e42242624a310351f7d3920e4815a7fe55f79848ec4f6557e1fe,aamos-integrity-v4,a2b986cfa5c859bd1691652834600d28f2ce81e6646d60d63ab31cd685ff2f8f,tampered_merkle_leaf,attack,accept,none,0.1,0.09987357774968394,unverified,,,,,,20,pooled_fixed_seed_set,pooled_fixed_seed_set,20260722,crossed_seed_participant_multinomial,percentile_95,2000,2000,0,22,1582,1278.0,3160,3160,3160,3160,True,eligible_day_record_replacement,attack_target,attack_rejection,attacked simulation evaluations,0,3160,0.0,0.0,0.0,a,143,0.0,3160.0,,,,,,,,,,,,,,,,,,
aamos-submission-20260813-r410-final,2026-08-13T11:21:02.514563+00:00,public_secondary,AAMOS-00,10.7488/ds/3775,0fc9e6de8cec53b80b77bd4c806a8dd4238fc476c4a133efcb0db87b1731b0c1,aamos00-derivation-v1,aamos00_derivation.yaml,afdad4cef23c79307379e21011b1638ac91638f04b457dc21dc0be7888174baf,37665ed58cb0e42242624a310351f7d3920e4815a7fe55f79848ec4f6557e1fe,aamos-integrity-v4,a2b986cfa5c859bd1691652834600d28f2ce81e6646d60d63ab31cd685ff2f8f,tampered_merkle_path,attack,reject,merkle,0.1,0.09987357774968394,all_checks,,,signature|device|binding|admission|merkle|freshness|authorization,,,20,pooled_fixed_seed_set,pooled_fixed_seed_set,20260722,crossed_seed_participant_multinomial,percentile_95,2000,2000,0,22,1582,1278.0,3160,3160,3160,3160,True,eligible_day_record_replacement,attack_target,attack_rejection,attacked simulation evaluations,3160,3160,1.0,1.0,1.0,a,144,3160.0,3160.0,,,,,,,,,,,,,,,,,,
aamos-submission-20260813-r410-final,2026-08-13T11:21:02.514563+00:00,public_secondary,AAMOS-00,10.7488/ds/3775,0fc9e6de8cec53b80b77bd4c806a8dd4238fc476c4a133efcb0db87b1731b0c1,aamos00-derivation-v1,aamos00_derivation.yaml,afdad4cef23c79307379e21011b1638ac91638f04b457dc21dc0be7888174baf,37665ed58cb0e42242624a310351f7d3920e4815a7fe55f79848ec4f6557e1fe,aamos-integrity-v4,a2b986cfa5c859bd1691652834600d28f2ce81e6646d60d63ab31cd685ff2f8f,tampered_merkle_path,attack,reject,merkle,0.1,0.09987357774968394,all_minus_admission,,,signature|device|binding|merkle|freshness|authorization,,,20,pooled_fixed_seed_set,pooled_fixed_seed_set,20260722,crossed_seed_participant_multinomial,percentile_95,2000,2000,0,22,1582,1278.0,3160,3160,3160,3160,True,eligible_day_record_replacement,attack_target,attack_rejection,attacked simulation evaluations,3160,3160,1.0,1.0,1.0,a,145,3160.0,3160.0,,,,,,,,,,,,,,,,,,
aamos-submission-20260813-r410-final,2026-08-13T11:21:02.514563+00:00,public_secondary,AAMOS-00,10.7488/ds/3775,0fc9e6de8cec53b80b77bd4c806a8dd4238fc476c4a133efcb0db87b1731b0c1,aamos00-derivation-v1,aamos00_derivation.yaml,afdad4cef23c79307379e21011b1638ac91638f04b457dc21dc0be7888174baf,37665ed58cb0e42242624a310351f7d3920e4815a7fe55f79848ec4f6557e1fe,aamos-integrity-v4,a2b986cfa5c859bd1691652834600d28f2ce81e6646d60d63ab31cd685ff2f8f,tampered_merkle_path,attack,reject,merkle,0.1,0.09987357774968394,all_minus_authorization,,,signature|device|binding|admission|merkle|freshness,,,20,pooled_fixed_seed_set,pooled_fixed_seed_set,20260722,crossed_seed_participant_multinomial,percentile_95,2000,2000,0,22,1582,1278.0,3160,3160,3160,3160,True,eligible_day_record_replacement,attack_target,attack_rejection,attacked simulation evaluations,3160,3160,1.0,1.0,1.0,a,146,3160.0,3160.0,,,,,,,,,,,,,,,,,,
aamos-submission-20260813-r410-final,2026-08-13T11:21:02.514563+00:00,public_secondary,AAMOS-00,10.7488/ds/3775,0fc9e6de8cec53b80b77bd4c806a8dd4238fc476c4a133efcb0db87b1731b0c1,aamos00-derivation-v1,aamos00_derivation.yaml,afdad4cef23c79307379e21011b1638ac91638f04b457dc21dc0be7888174baf,37665ed58cb0e42242624a310351f7d3920e4815a7fe55f79848ec4f6557e1fe,aamos-integrity-v4,a2b986cfa5c859bd1691652834600d28f2ce81e6646d60d63ab31cd685ff2f8f,tampered_merkle_path,attack,reject,merkle,0.1,0.09987357774968394,all_minus_binding,,,signature|device|admission|merkle|freshness|authorization,,,20,pooled_fixed_seed_set,pooled_fixed_seed_set,20260722,crossed_seed_participant_multinomial,percentile_95,2000,2000,0,22,1582,1278.0,3160,3160,3160,3160,True,eligible_day_record_replacement,attack_target,attack_rejection,attacked simulation evaluations,3160,3160,1.0,1.0,1.0,a,147,3160.0,3160.0,,,,,,,,,,,,,,,,,,
aamos-submission-20260813-r410-final,2026-08-13T11:21:02.514563+00:00,public_secondary,AAMOS-00,10.7488/ds/3775,0fc9e6de8cec53b80b77bd4c806a8dd4238fc476c4a133efcb0db87b1731b0c1,aamos00-derivation-v1,aamos00_derivation.yaml,afdad4cef23c79307379e21011b1638ac91638f04b457dc21dc0be7888174baf,37665ed58cb0e42242624a310351f7d3920e4815a7fe55f79848ec4f6557e1fe,aamos-integrity-v4,a2b986cfa5c859bd1691652834600d28f2ce81e6646d60d63ab31cd685ff2f8f,tampered_merkle_path,attack,reject,merkle,0.1,0.09987357774968394,all_minus_device,,,signature|binding|admission|merkle|freshness|authorization,,,20,pooled_fixed_seed_set,pooled_fixed_seed_set,20260722,crossed_seed_participant_multinomial,percentile_95,2000,2000,0,22,1582,1278.0,3160,3160,3160,3160,True,eligible_day_record_replacement,attack_target,attack_rejection,attacked simulation evaluations,3160,3160,1.0,1.0,1.0,a,148,3160.0,3160.0,,,,,,,,,,,,,,,,,,
aamos-submission-20260813-r410-final,2026-08-13T11:21:02.514563+00:00,public_secondary,AAMOS-00,10.7488/ds/3775,0fc9e6de8cec53b80b77bd4c806a8dd4238fc476c4a133efcb0db87b1731b0c1,aamos00-derivation-v1,aamos00_derivation.yaml,afdad4cef23c79307379e21011b1638ac91638f04b457dc21dc0be7888174baf,37665ed58cb0e42242624a310351f7d3920e4815a7fe55f79848ec4f6557e1fe,aamos-integrity-v4,a2b986cfa5c859bd1691652834600d28f2ce81e6646d60d63ab31cd685ff2f8f,tampered_merkle_path,attack,reject,merkle,0.1,0.09987357774968394,all_minus_freshness,,,signature|device|binding|admission|merkle|authorization,,,20,pooled_fixed_seed_set,pooled_fixed_seed_set,20260722,crossed_seed_participant_multinomial,percentile_95,2000,2000,0,22,1582,1278.0,3160,3160,3160,3160,True,eligible_day_record_replacement,attack_target,attack_rejection,attacked simulation evaluations,3160,3160,1.0,1.0,1.0,a,149,3160.0,3160.0,,,,,,,,,,,,,,,,,,
aamos-submission-20260813-r410-final,2026-08-13T11:21:02.514563+00:00,public_secondary,AAMOS-00,10.7488/ds/3775,0fc9e6de8cec53b80b77bd4c806a8dd4238fc476c4a133efcb0db87b1731b0c1,aamos00-derivation-v1,aamos00_derivation.yaml,afdad4cef23c79307379e21011b1638ac91638f04b457dc21dc0be7888174baf,37665ed58cb0e42242624a310351f7d3920e4815a7fe55f79848ec4f6557e1fe,aamos-integrity-v4,a2b986cfa5c859bd1691652834600d28f2ce81e6646d60d63ab31cd685ff2f8f,tampered_merkle_path,attack,accept,none,0.1,0.09987357774968394,all_minus_merkle,,,signature|device|binding|admission|freshness|authorization,,,20,pooled_fixed_seed_set,pooled_fixed_seed_set,20260722,crossed_seed_participant_multinomial,percentile_95,2000,2000,0,22,1582,1278.0,3160,3160,3160,3160,True,eligible_day_record_replacement,attack_target,attack_rejection,attacked simulation evaluations,0,3160,0.0,0.0,0.0,a,150,0.0,3160.0,,,,,,,,,,,,,,,,,,
aamos-submission-20260813-r410-final,2026-08-13T11:21:02.514563+00:00,public_secondary,AAMOS-00,10.7488/ds/3775,0fc9e6de8cec53b80b77bd4c806a8dd4238fc476c4a133efcb0db87b1731b0c1,aamos00-derivation-v1,aamos00_derivation.yaml,afdad4cef23c79307379e21011b1638ac91638f04b457dc21dc0be7888174baf,37665ed58cb0e42242624a310351f7d3920e4815a7fe55f79848ec4f6557e1fe,aamos-integrity-v4,a2b986cfa5c859bd1691652834600d28f2ce81e6646d60d63ab31cd685ff2f8f,tampered_merkle_path,attack,reject,merkle,0.1,0.09987357774968394,all_minus_signature,,,device|binding|admission|merkle|freshness|authorization,,,20,pooled_fixed_seed_set,pooled_fixed_seed_set,20260722,crossed_seed_participant_multinomial,percentile_95,2000,2000,0,22,1582,1278.0,3160,3160,3160,3160,True,eligible_day_record_replacement,attack_target,attack_rejection,attacked simulation evaluations,3160,3160,1.0,1.0,1.0,a,151,3160.0,3160.0,,,,,,,,,,,,,,,,,,
aamos-submission-20260813-r410-final,2026-08-13T11:21:02.514563+00:00,public_secondary,AAMOS-00,10.7488/ds/3775,0fc9e6de8cec53b80b77bd4c806a8dd4238fc476c4a133efcb0db87b1731b0c1,aamos00-derivation-v1,aamos00_derivation.yaml,afdad4cef23c79307379e21011b1638ac91638f04b457dc21dc0be7888174baf,37665ed58cb0e42242624a310351f7d3920e4815a7fe55f79848ec4f6557e1fe,aamos-integrity-v4,a2b986cfa5c859bd1691652834600d28f2ce81e6646d60d63ab31cd685ff2f8f,tampered_merkle_path,attack,accept,none,0.1,0.09987357774968394,signature_admission,,,signature|admission,,,20,pooled_fixed_seed_set,pooled_fixed_seed_set,20260722,crossed_seed_participant_multinomial,percentile_95,2000,2000,0,22,1582,1278.0,3160,3160,3160,3160,True,eligible_day_record_replacement,attack_target,attack_rejection,attacked simulation evaluations,0,3160,0.0,0.0,0.0,a,152,0.0,3160.0,,,,,,,,,,,,,,,,,,
aamos-submission-20260813-r410-final,2026-08-13T11:21:02.514563+00:00,public_secondary,AAMOS-00,10.7488/ds/3775,0fc9e6de8cec53b80b77bd4c806a8dd4238fc476c4a133efcb0db87b1731b0c1,aamos00-derivation-v1,aamos00_derivation.yaml,afdad4cef23c79307379e21011b1638ac91638f04b457dc21dc0be7888174baf,37665ed58cb0e42242624a310351f7d3920e4815a7fe55f79848ec4f6557e1fe,aamos-integrity-v4,a2b986cfa5c859bd1691652834600d28f2ce81e6646d60d63ab31cd685ff2f8f,tampered_merkle_path,attack,accept,none,0.1,0.09987357774968394,signature_binding_admission,,,signature|binding|admission,,,20,pooled_fixed_seed_set,pooled_fixed_seed_set,20260722,crossed_seed_participant_multinomial,percentile_95,2000,2000,0,22,1582,1278.0,3160,3160,3160,3160,True,eligible_day_record_replacement,attack_target,attack_rejection,attacked simulation evaluations,0,3160,0.0,0.0,0.0,a,153,0.0,3160.0,,,,,,,,,,,,,,,,,,
aamos-submission-20260813-r410-final,2026-08-13T11:21:02.514563+00:00,public_secondary,AAMOS-00,10.7488/ds/3775,0fc9e6de8cec53b80b77bd4c806a8dd4238fc476c4a133efcb0db87b1731b0c1,aamos00-derivation-v1,aamos00_derivation.yaml,afdad4cef23c79307379e21011b1638ac91638f04b457dc21dc0be7888174baf,37665ed58cb0e42242624a310351f7d3920e4815a7fe55f79848ec4f6557e1fe,aamos-integrity-v4,a2b986cfa5c859bd1691652834600d28f2ce81e6646d60d63ab31cd685ff2f8f,tampered_merkle_path,attack,accept,none,0.1,0.09987357774968394,signature_only,,,signature,,,20,pooled_fixed_seed_set,pooled_fixed_seed_set,20260722,crossed_seed_participant_multinomial,percentile_95,2000,2000,0,22,1582,1278.0,3160,3160,3160,3160,True,eligible_day_record_replacement,attack_target,attack_rejection,attacked simulation evaluations,0,3160,0.0,0.0,0.0,a,154,0.0,3160.0,,,,,,,,,,,,,,,,,,
aamos-submission-20260813-r410-final,2026-08-13T11:21:02.514563+00:00,public_secondary,AAMOS-00,10.7488/ds/3775,0fc9e6de8cec53b80b77bd4c806a8dd4238fc476c4a133efcb0db87b1731b0c1,aamos00-derivation-v1,aamos00_derivation.yaml,afdad4cef23c79307379e21011b1638ac91638f04b457dc21dc0be7888174baf,37665ed58cb0e42242624a310351f7d3920e4815a7fe55f79848ec4f6557e1fe,aamos-integrity-v4,a2b986cfa5c859bd1691652834600d28f2ce81e6646d60d63ab31cd685ff2f8f,tampered_merkle_path,attack,accept,none,0.1,0.09987357774968394,unverified,,,,,,20,pooled_fixed_seed_set,pooled_fixed_seed_set,20260722,crossed_seed_participant_multinomial,percentile_95,2000,2000,0,22,1582,1278.0,3160,3160,3160,3160,True,eligible_day_record_replacement,attack_target,attack_rejection,attacked simulation evaluations,0,3160,0.0,0.0,0.0,a,155,0.0,3160.0,,,,,,,,,,,,,,,,,,
aamos-submission-20260813-r410-final,2026-08-13T11:21:02.514563+00:00,public_secondary,AAMOS-00,10.7488/ds/3775,0fc9e6de8cec53b80b77bd4c806a8dd4238fc476c4a133efcb0db87b1731b0c1,aamos00-derivation-v1,aamos00_derivation.yaml,afdad4cef23c79307379e21011b1638ac91638f04b457dc21dc0be7888174baf,37665ed58cb0e42242624a310351f7d3920e4815a7fe55f79848ec4f6557e1fe,aamos-integrity-v4,a2b986cfa5c859bd1691652834600d28f2ce81e6646d60d63ab31cd685ff2f8f,tampered_merkle_root,attack,reject,merkle,0.1,0.09987357774968394,all_checks,,,signature|device|binding|admission|merkle|freshness|authorization,,,20,pooled_fixed_seed_set,pooled_fixed_seed_set,20260722,crossed_seed_participant_multinomial,percentile_95,2000,2000,0,22,1582,1278.0,3160,3160,3160,3160,True,eligible_day_record_replacement,attack_target,attack_rejection,attacked simulation evaluations,3160,3160,1.0,1.0,1.0,a,156,3160.0,3160.0,,,,,,,,,,,,,,,,,,
aamos-submission-20260813-r410-final,2026-08-13T11:21:02.514563+00:00,public_secondary,AAMOS-00,10.7488/ds/3775,0fc9e6de8cec53b80b77bd4c806a8dd4238fc476c4a133efcb0db87b1731b0c1,aamos00-derivation-v1,aamos00_derivation.yaml,afdad4cef23c79307379e21011b1638ac91638f04b457dc21dc0be7888174baf,37665ed58cb0e42242624a310351f7d3920e4815a7fe55f79848ec4f6557e1fe,aamos-integrity-v4,a2b986cfa5c859bd1691652834600d28f2ce81e6646d60d63ab31cd685ff2f8f,tampered_merkle_root,attack,reject,merkle,0.1,0.09987357774968394,all_minus_admission,,,signature|device|binding|merkle|freshness|authorization,,,20,pooled_fixed_seed_set,pooled_fixed_seed_set,20260722,crossed_seed_participant_multinomial,percentile_95,2000,2000,0,22,1582,1278.0,3160,3160,3160,3160,True,eligible_day_record_replacement,attack_target,attack_rejection,attacked simulation evaluations,3160,3160,1.0,1.0,1.0,a,157,3160.0,3160.0,,,,,,,,,,,,,,,,,,
aamos-submission-20260813-r410-final,2026-08-13T11:21:02.514563+00:00,public_secondary,AAMOS-00,10.7488/ds/3775,0fc9e6de8cec53b80b77bd4c806a8dd4238fc476c4a133efcb0db87b1731b0c1,aamos00-derivation-v1,aamos00_derivation.yaml,afdad4cef23c79307379e21011b1638ac91638f04b457dc21dc0be7888174baf,37665ed58cb0e42242624a310351f7d3920e4815a7fe55f79848ec4f6557e1fe,aamos-integrity-v4,a2b986cfa5c859bd1691652834600d28f2ce81e6646d60d63ab31cd685ff2f8f,tampered_merkle_root,attack,reject,merkle,0.1,0.09987357774968394,all_minus_authorization,,,signature|device|binding|admission|merkle|freshness,,,20,pooled_fixed_seed_set,pooled_fixed_seed_set,20260722,crossed_seed_participant_multinomial,percentile_95,2000,2000,0,22,1582,1278.0,3160,3160,3160,3160,True,eligible_day_record_replacement,attack_target,attack_rejection,attacked simulation evaluations,3160,3160,1.0,1.0,1.0,a,158,3160.0,3160.0,,,,,,,,,,,,,,,,,,
aamos-submission-20260813-r410-final,2026-08-13T11:21:02.514563+00:00,public_secondary,AAMOS-00,10.7488/ds/3775,0fc9e6de8cec53b80b77bd4c806a8dd4238fc476c4a133efcb0db87b1731b0c1,aamos00-derivation-v1,aamos00_derivation.yaml,afdad4cef23c79307379e21011b1638ac91638f04b457dc21dc0be7888174baf,37665ed58cb0e42242624a310351f7d3920e4815a7fe55f79848ec4f6557e1fe,aamos-integrity-v4,a2b986cfa5c859bd1691652834600d28f2ce81e6646d60d63ab31cd685ff2f8f,tampered_merkle_root,attack,reject,merkle,0.1,0.09987357774968394,all_minus_binding,,,signature|device|admission|merkle|freshness|authorization,,,20,pooled_fixed_seed_set,pooled_fixed_seed_set,20260722,crossed_seed_participant_multinomial,percentile_95,2000,2000,0,22,1582,1278.0,3160,3160,3160,3160,True,eligible_day_record_replacement,attack_target,attack_rejection,attacked simulation evaluations,3160,3160,1.0,1.0,1.0,a,159,3160.0,3160.0,,,,,,,,,,,,,,,,,,
aamos-submission-20260813-r410-final,2026-08-13T11:21:02.514563+00:00,public_secondary,AAMOS-00,10.7488/ds/3775,0fc9e6de8cec53b80b77bd4c806a8dd4238fc476c4a133efcb0db87b1731b0c1,aamos00-derivation-v1,aamos00_derivation.yaml,afdad4cef23c79307379e21011b1638ac91638f04b457dc21dc0be7888174baf,37665ed58cb0e42242624a310351f7d3920e4815a7fe55f79848ec4f6557e1fe,aamos-integrity-v4,a2b986cfa5c859bd1691652834600d28f2ce81e6646d60d63ab31cd685ff2f8f,tampered_merkle_root,attack,reject,merkle,0.1,0.09987357774968394,all_minus_device,,,signature|binding|admission|merkle|freshness|authorization,,,20,pooled_fixed_seed_set,pooled_fixed_seed_set,20260722,crossed_seed_participant_multinomial,percentile_95,2000,2000,0,22,1582,1278.0,3160,3160,3160,3160,True,eligible_day_record_replacement,attack_target,attack_rejection,attacked simulation evaluations,3160,3160,1.0,1.0,1.0,a,160,3160.0,3160.0,,,,,,,,,,,,,,,,,,
aamos-submission-20260813-r410-final,2026-08-13T11:21:02.514563+00:00,public_secondary,AAMOS-00,10.7488/ds/3775,0fc9e6de8cec53b80b77bd4c806a8dd4238fc476c4a133efcb0db87b1731b0c1,aamos00-derivation-v1,aamos00_derivation.yaml,afdad4cef23c79307379e21011b1638ac91638f04b457dc21dc0be7888174baf,37665ed58cb0e42242624a310351f7d3920e4815a7fe55f79848ec4f6557e1fe,aamos-integrity-v4,a2b986cfa5c859bd1691652834600d28f2ce81e6646d60d63ab31cd685ff2f8f,tampered_merkle_root,attack,reject,merkle,0.1,0.09987357774968394,all_minus_freshness,,,signature|device|binding|admission|merkle|authorization,,,20,pooled_fixed_seed_set,pooled_fixed_seed_set,20260722,crossed_seed_participant_multinomial,percentile_95,2000,2000,0,22,1582,1278.0,3160,3160,3160,3160,True,eligible_day_record_replacement,attack_target,attack_rejection,attacked simulation evaluations,3160,3160,1.0,1.0,1.0,a,161,3160.0,3160.0,,,,,,,,,,,,,,,,,,
aamos-submission-20260813-r410-final,2026-08-13T11:21:02.514563+00:00,public_secondary,AAMOS-00,10.7488/ds/3775,0fc9e6de8cec53b80b77bd4c806a8dd4238fc476c4a133efcb0db87b1731b0c1,aamos00-derivation-v1,aamos00_derivation.yaml,afdad4cef23c79307379e21011b1638ac91638f04b457dc21dc0be7888174baf,37665ed58cb0e42242624a310351f7d3920e4815a7fe55f79848ec4f6557e1fe,aamos-integrity-v4,a2b986cfa5c859bd1691652834600d28f2ce81e6646d60d63ab31cd685ff2f8f,tampered_merkle_root,attack,accept,none,0.1,0.09987357774968394,all_minus_merkle,,,signature|device|binding|admission|freshness|authorization,,,20,pooled_fixed_seed_set,pooled_fixed_seed_set,20260722,crossed_seed_participant_multinomial,percentile_95,2000,2000,0,22,1582,1278.0,3160,3160,3160,3160,True,eligible_day_record_replacement,attack_target,attack_rejection,attacked simulation evaluations,0,3160,0.0,0.0,0.0,a,162,0.0,3160.0,,,,,,,,,,,,,,,,,,
aamos-submission-20260813-r410-final,2026-08-13T11:21:02.514563+00:00,public_secondary,AAMOS-00,10.7488/ds/3775,0fc9e6de8cec53b80b77bd4c806a8dd4238fc476c4a133efcb0db87b1731b0c1,aamos00-derivation-v1,aamos00_derivation.yaml,afdad4cef23c79307379e21011b1638ac91638f04b457dc21dc0be7888174baf,37665ed58cb0e42242624a310351f7d3920e4815a7fe55f79848ec4f6557e1fe,aamos-integrity-v4,a2b986cfa5c859bd1691652834600d28f2ce81e6646d60d63ab31cd685ff2f8f,tampered_merkle_root,attack,reject,merkle,0.1,0.09987357774968394,all_minus_signature,,,device|binding|admission|merkle|freshness|authorization,,,20,pooled_fixed_seed_set,pooled_fixed_seed_set,20260722,crossed_seed_participant_multinomial,percentile_95,2000,2000,0,22,1582,1278.0,3160,3160,3160,3160,True,eligible_day_record_replacement,attack_target,attack_rejection,attacked simulation evaluations,3160,3160,1.0,1.0,1.0,a,163,3160.0,3160.0,,,,,,,,,,,,,,,,,,
aamos-submission-20260813-r410-final,2026-08-13T11:21:02.514563+00:00,public_secondary,AAMOS-00,10.7488/ds/3775,0fc9e6de8cec53b80b77bd4c806a8dd4238fc476c4a133efcb0db87b1731b0c1,aamos00-derivation-v1,aamos00_derivation.yaml,afdad4cef23c79307379e21011b1638ac91638f04b457dc21dc0be7888174baf,37665ed58cb0e42242624a310351f7d3920e4815a7fe55f79848ec4f6557e1fe,aamos-integrity-v4,a2b986cfa5c859bd1691652834600d28f2ce81e6646d60d63ab31cd685ff2f8f,tampered_merkle_root,attack,accept,none,0.1,0.09987357774968394,signature_admission,,,signature|admission,,,20,pooled_fixed_seed_set,pooled_fixed_seed_set,20260722,crossed_seed_participant_multinomial,percentile_95,2000,2000,0,22,1582,1278.0,3160,3160,3160,3160,True,eligible_day_record_replacement,attack_target,attack_rejection,attacked simulation evaluations,0,3160,0.0,0.0,0.0,a,164,0.0,3160.0,,,,,,,,,,,,,,,,,,
aamos-submission-20260813-r410-final,2026-08-13T11:21:02.514563+00:00,public_secondary,AAMOS-00,10.7488/ds/3775,0fc9e6de8cec53b80b77bd4c806a8dd4238fc476c4a133efcb0db87b1731b0c1,aamos00-derivation-v1,aamos00_derivation.yaml,afdad4cef23c79307379e21011b1638ac91638f04b457dc21dc0be7888174baf,37665ed58cb0e42242624a310351f7d3920e4815a7fe55f79848ec4f6557e1fe,aamos-integrity-v4,a2b986cfa5c859bd1691652834600d28f2ce81e6646d60d63ab31cd685ff2f8f,tampered_merkle_root,attack,accept,none,0.1,0.09987357774968394,signature_binding_admission,,,signature|binding|admission,,,20,pooled_fixed_seed_set,pooled_fixed_seed_set,20260722,crossed_seed_participant_multinomial,percentile_95,2000,2000,0,22,1582,1278.0,3160,3160,3160,3160,True,eligible_day_record_replacement,attack_target,attack_rejection,attacked simulation evaluations,0,3160,0.0,0.0,0.0,a,165,0.0,3160.0,,,,,,,,,,,,,,,,,,
aamos-submission-20260813-r410-final,2026-08-13T11:21:02.514563+00:00,public_secondary,AAMOS-00,10.7488/ds/3775,0fc9e6de8cec53b80b77bd4c806a8dd4238fc476c4a133efcb0db87b1731b0c1,aamos00-derivation-v1,aamos00_derivation.yaml,afdad4cef23c79307379e21011b1638ac91638f04b457dc21dc0be7888174baf,37665ed58cb0e42242624a310351f7d3920e4815a7fe55f79848ec4f6557e1fe,aamos-integrity-v4,a2b986cfa5c859bd1691652834600d28f2ce81e6646d60d63ab31cd685ff2f8f,tampered_merkle_root,attack,accept,none,0.1,0.09987357774968394,signature_only,,,signature,,,20,pooled_fixed_seed_set,pooled_fixed_seed_set,20260722,crossed_seed_participant_multinomial,percentile_95,2000,2000,0,22,1582,1278.0,3160,3160,3160,3160,True,eligible_day_record_replacement,attack_target,attack_rejection,attacked simulation evaluations,0,3160,0.0,0.0,0.0,a,166,0.0,3160.0,,,,,,,,,,,,,,,,,,
aamos-submission-20260813-r410-final,2026-08-13T11:21:02.514563+00:00,public_secondary,AAMOS-00,10.7488/ds/3775,0fc9e6de8cec53b80b77bd4c806a8dd4238fc476c4a133efcb0db87b1731b0c1,aamos00-derivation-v1,aamos00_derivation.yaml,afdad4cef23c79307379e21011b1638ac91638f04b457dc21dc0be7888174baf,37665ed58cb0e42242624a310351f7d3920e4815a7fe55f79848ec4f6557e1fe,aamos-integrity-v4,a2b986cfa5c859bd1691652834600d28f2ce81e6646d60d63ab31cd685ff2f8f,tampered_merkle_root,attack,accept,none,0.1,0.09987357774968394,unverified,,,,,,20,pooled_fixed_seed_set,pooled_fixed_seed_set,20260722,crossed_seed_participant_multinomial,percentile_95,2000,2000,0,22,1582,1278.0,3160,3160,3160,3160,True,eligible_day_record_replacement,attack_target,attack_rejection,attacked simulation evaluations,0,3160,0.0,0.0,0.0,a,167,0.0,3160.0,,,,,,,,,,,,,,,,,,
aamos-submission-20260813-r410-final,2026-08-13T11:21:02.514563+00:00,public_secondary,AAMOS-00,10.7488/ds/3775,0fc9e6de8cec53b80b77bd4c806a8dd4238fc476c4a133efcb0db87b1731b0c1,aamos00-derivation-v1,aamos00_derivation.yaml,afdad4cef23c79307379e21011b1638ac91638f04b457dc21dc0be7888174baf,37665ed58cb0e42242624a310351f7d3920e4815a7fe55f79848ec4f6557e1fe,aamos-integrity-v4,a2b986cfa5c859bd1691652834600d28f2ce81e6646d60d63ab31cd685ff2f8f,wrong_device,attack,reject,device,0.1,0.09987357774968394,all_checks,,,signature|device|binding|admission|merkle|freshness|authorization,,,20,pooled_fixed_seed_set,pooled_fixed_seed_set,20260722,crossed_seed_participant_multinomial,percentile_95,2000,2000,0,22,1582,1278.0,3160,3160,3160,3160,True,eligible_day_record_replacement,attack_target,attack_rejection,attacked simulation evaluations,3160,3160,1.0,1.0,1.0,a,168,3160.0,3160.0,,,,,,,,,,,,,,,,,,
aamos-submission-20260813-r410-final,2026-08-13T11:21:02.514563+00:00,public_secondary,AAMOS-00,10.7488/ds/3775,0fc9e6de8cec53b80b77bd4c806a8dd4238fc476c4a133efcb0db87b1731b0c1,aamos00-derivation-v1,aamos00_derivation.yaml,afdad4cef23c79307379e21011b1638ac91638f04b457dc21dc0be7888174baf,37665ed58cb0e42242624a310351f7d3920e4815a7fe55f79848ec4f6557e1fe,aamos-integrity-v4,a2b986cfa5c859bd1691652834600d28f2ce81e6646d60d63ab31cd685ff2f8f,wrong_device,attack,reject,device,0.1,0.09987357774968394,all_minus_admission,,,signature|device|binding|merkle|freshness|authorization,,,20,pooled_fixed_seed_set,pooled_fixed_seed_set,20260722,crossed_seed_participant_multinomial,percentile_95,2000,2000,0,22,1582,1278.0,3160,3160,3160,3160,True,eligible_day_record_replacement,attack_target,attack_rejection,attacked simulation evaluations,3160,3160,1.0,1.0,1.0,a,169,3160.0,3160.0,,,,,,,,,,,,,,,,,,
aamos-submission-20260813-r410-final,2026-08-13T11:21:02.514563+00:00,public_secondary,AAMOS-00,10.7488/ds/3775,0fc9e6de8cec53b80b77bd4c806a8dd4238fc476c4a133efcb0db87b1731b0c1,aamos00-derivation-v1,aamos00_derivation.yaml,afdad4cef23c79307379e21011b1638ac91638f04b457dc21dc0be7888174baf,37665ed58cb0e42242624a310351f7d3920e4815a7fe55f79848ec4f6557e1fe,aamos-integrity-v4,a2b986cfa5c859bd1691652834600d28f2ce81e6646d60d63ab31cd685ff2f8f,wrong_device,attack,reject,device,0.1,0.09987357774968394,all_minus_authorization,,,signature|device|binding|admission|merkle|freshness,,,20,pooled_fixed_seed_set,pooled_fixed_seed_set,20260722,crossed_seed_participant_multinomial,percentile_95,2000,2000,0,22,1582,1278.0,3160,3160,3160,3160,True,eligible_day_record_replacement,attack_target,attack_rejection,attacked simulation evaluations,3160,3160,1.0,1.0,1.0,a,170,3160.0,3160.0,,,,,,,,,,,,,,,,,,
aamos-submission-20260813-r410-final,2026-08-13T11:21:02.514563+00:00,public_secondary,AAMOS-00,10.7488/ds/3775,0fc9e6de8cec53b80b77bd4c806a8dd4238fc476c4a133efcb0db87b1731b0c1,aamos00-derivation-v1,aamos00_derivation.yaml,afdad4cef23c79307379e21011b1638ac91638f04b457dc21dc0be7888174baf,37665ed58cb0e42242624a310351f7d3920e4815a7fe55f79848ec4f6557e1fe,aamos-integrity-v4,a2b986cfa5c859bd1691652834600d28f2ce81e6646d60d63ab31cd685ff2f8f,wrong_device,attack,reject,device,0.1,0.09987357774968394,all_minus_binding,,,signature|device|admission|merkle|freshness|authorization,,,20,pooled_fixed_seed_set,pooled_fixed_seed_set,20260722,crossed_seed_participant_multinomial,percentile_95,2000,2000,0,22,1582,1278.0,3160,3160,3160,3160,True,eligible_day_record_replacement,attack_target,attack_rejection,attacked simulation evaluations,3160,3160,1.0,1.0,1.0,a,171,3160.0,3160.0,,,,,,,,,,,,,,,,,,
aamos-submission-20260813-r410-final,2026-08-13T11:21:02.514563+00:00,public_secondary,AAMOS-00,10.7488/ds/3775,0fc9e6de8cec53b80b77bd4c806a8dd4238fc476c4a133efcb0db87b1731b0c1,aamos00-derivation-v1,aamos00_derivation.yaml,afdad4cef23c79307379e21011b1638ac91638f04b457dc21dc0be7888174baf,37665ed58cb0e42242624a310351f7d3920e4815a7fe55f79848ec4f6557e1fe,aamos-integrity-v4,a2b986cfa5c859bd1691652834600d28f2ce81e6646d60d63ab31cd685ff2f8f,wrong_device,attack,accept,none,0.1,0.09987357774968394,all_minus_device,,,signature|binding|admission|merkle|freshness|authorization,,,20,pooled_fixed_seed_set,pooled_fixed_seed_set,20260722,crossed_seed_participant_multinomial,percentile_95,2000,2000,0,22,1582,1278.0,3160,3160,3160,3160,True,eligible_day_record_replacement,attack_target,attack_rejection,attacked simulation evaluations,0,3160,0.0,0.0,0.0,a,172,0.0,3160.0,,,,,,,,,,,,,,,,,,
aamos-submission-20260813-r410-final,2026-08-13T11:21:02.514563+00:00,public_secondary,AAMOS-00,10.7488/ds/3775,0fc9e6de8cec53b80b77bd4c806a8dd4238fc476c4a133efcb0db87b1731b0c1,aamos00-derivation-v1,aamos00_derivation.yaml,afdad4cef23c79307379e21011b1638ac91638f04b457dc21dc0be7888174baf,37665ed58cb0e42242624a310351f7d3920e4815a7fe55f79848ec4f6557e1fe,aamos-integrity-v4,a2b986cfa5c859bd1691652834600d28f2ce81e6646d60d63ab31cd685ff2f8f,wrong_device,attack,reject,device,0.1,0.09987357774968394,all_minus_freshness,,,signature|device|binding|admission|merkle|authorization,,,20,pooled_fixed_seed_set,pooled_fixed_seed_set,20260722,crossed_seed_participant_multinomial,percentile_95,2000,2000,0,22,1582,1278.0,3160,3160,3160,3160,True,eligible_day_record_replacement,attack_target,attack_rejection,attacked simulation evaluations,3160,3160,1.0,1.0,1.0,a,173,3160.0,3160.0,,,,,,,,,,,,,,,,,,
aamos-submission-20260813-r410-final,2026-08-13T11:21:02.514563+00:00,public_secondary,AAMOS-00,10.7488/ds/3775,0fc9e6de8cec53b80b77bd4c806a8dd4238fc476c4a133efcb0db87b1731b0c1,aamos00-derivation-v1,aamos00_derivation.yaml,afdad4cef23c79307379e21011b1638ac91638f04b457dc21dc0be7888174baf,37665ed58cb0e42242624a310351f7d3920e4815a7fe55f79848ec4f6557e1fe,aamos-integrity-v4,a2b986cfa5c859bd1691652834600d28f2ce81e6646d60d63ab31cd685ff2f8f,wrong_device,attack,reject,device,0.1,0.09987357774968394,all_minus_merkle,,,signature|device|binding|admission|freshness|authorization,,,20,pooled_fixed_seed_set,pooled_fixed_seed_set,20260722,crossed_seed_participant_multinomial,percentile_95,2000,2000,0,22,1582,1278.0,3160,3160,3160,3160,True,eligible_day_record_replacement,attack_target,attack_rejection,attacked simulation evaluations,3160,3160,1.0,1.0,1.0,a,174,3160.0,3160.0,,,,,,,,,,,,,,,,,,
aamos-submission-20260813-r410-final,2026-08-13T11:21:02.514563+00:00,public_secondary,AAMOS-00,10.7488/ds/3775,0fc9e6de8cec53b80b77bd4c806a8dd4238fc476c4a133efcb0db87b1731b0c1,aamos00-derivation-v1,aamos00_derivation.yaml,afdad4cef23c79307379e21011b1638ac91638f04b457dc21dc0be7888174baf,37665ed58cb0e42242624a310351f7d3920e4815a7fe55f79848ec4f6557e1fe,aamos-integrity-v4,a2b986cfa5c859bd1691652834600d28f2ce81e6646d60d63ab31cd685ff2f8f,wrong_device,attack,reject,device,0.1,0.09987357774968394,all_minus_signature,,,device|binding|admission|merkle|freshness|authorization,,,20,pooled_fixed_seed_set,pooled_fixed_seed_set,20260722,crossed_seed_participant_multinomial,percentile_95,2000,2000,0,22,1582,1278.0,3160,3160,3160,3160,True,eligible_day_record_replacement,attack_target,attack_rejection,attacked simulation evaluations,3160,3160,1.0,1.0,1.0,a,175,3160.0,3160.0,,,,,,,,,,,,,,,,,,
aamos-submission-20260813-r410-final,2026-08-13T11:21:02.514563+00:00,public_secondary,AAMOS-00,10.7488/ds/3775,0fc9e6de8cec53b80b77bd4c806a8dd4238fc476c4a133efcb0db87b1731b0c1,aamos00-derivation-v1,aamos00_derivation.yaml,afdad4cef23c79307379e21011b1638ac91638f04b457dc21dc0be7888174baf,37665ed58cb0e42242624a310351f7d3920e4815a7fe55f79848ec4f6557e1fe,aamos-integrity-v4,a2b986cfa5c859bd1691652834600d28f2ce81e6646d60d63ab31cd685ff2f8f,wrong_device,attack,accept,none,0.1,0.09987357774968394,signature_admission,,,signature|admission,,,20,pooled_fixed_seed_set,pooled_fixed_seed_set,20260722,crossed_seed_participant_multinomial,percentile_95,2000,2000,0,22,1582,1278.0,3160,3160,3160,3160,True,eligible_day_record_replacement,attack_target,attack_rejection,attacked simulation evaluations,0,3160,0.0,0.0,0.0,a,176,0.0,3160.0,,,,,,,,,,,,,,,,,,
aamos-submission-20260813-r410-final,2026-08-13T11:21:02.514563+00:00,public_secondary,AAMOS-00,10.7488/ds/3775,0fc9e6de8cec53b80b77bd4c806a8dd4238fc476c4a133efcb0db87b1731b0c1,aamos00-derivation-v1,aamos00_derivation.yaml,afdad4cef23c79307379e21011b1638ac91638f04b457dc21dc0be7888174baf,37665ed58cb0e42242624a310351f7d3920e4815a7fe55f79848ec4f6557e1fe,aamos-integrity-v4,a2b986cfa5c859bd1691652834600d28f2ce81e6646d60d63ab31cd685ff2f8f,wrong_device,attack,accept,none,0.1,0.09987357774968394,signature_binding_admission,,,signature|binding|admission,,,20,pooled_fixed_seed_set,pooled_fixed_seed_set,20260722,crossed_seed_participant_multinomial,percentile_95,2000,2000,0,22,1582,1278.0,3160,3160,3160,3160,True,eligible_day_record_replacement,attack_target,attack_rejection,attacked simulation evaluations,0,3160,0.0,0.0,0.0,a,177,0.0,3160.0,,,,,,,,,,,,,,,,,,
aamos-submission-20260813-r410-final,2026-08-13T11:21:02.514563+00:00,public_secondary,AAMOS-00,10.7488/ds/3775,0fc9e6de8cec53b80b77bd4c806a8dd4238fc476c4a133efcb0db87b1731b0c1,aamos00-derivation-v1,aamos00_derivation.yaml,afdad4cef23c79307379e21011b1638ac91638f04b457dc21dc0be7888174baf,37665ed58cb0e42242624a310351f7d3920e4815a7fe55f79848ec4f6557e1fe,aamos-integrity-v4,a2b986cfa5c859bd1691652834600d28f2ce81e6646d60d63ab31cd685ff2f8f,wrong_device,attack,accept,none,0.1,0.09987357774968394,signature_only,,,signature,,,20,pooled_fixed_seed_set,pooled_fixed_seed_set,20260722,crossed_seed_participant_multinomial,percentile_95,2000,2000,0,22,1582,1278.0,3160,3160,3160,3160,True,eligible_day_record_replacement,attack_target,attack_rejection,attacked simulation evaluations,0,3160,0.0,0.0,0.0,a,178,0.0,3160.0,,,,,,,,,,,,,,,,,,
aamos-submission-20260813-r410-final,2026-08-13T11:21:02.514563+00:00,public_secondary,AAMOS-00,10.7488/ds/3775,0fc9e6de8cec53b80b77bd4c806a8dd4238fc476c4a133efcb0db87b1731b0c1,aamos00-derivation-v1,aamos00_derivation.yaml,afdad4cef23c79307379e21011b1638ac91638f04b457dc21dc0be7888174baf,37665ed58cb0e42242624a310351f7d3920e4815a7fe55f79848ec4f6557e1fe,aamos-integrity-v4,a2b986cfa5c859bd1691652834600d28f2ce81e6646d60d63ab31cd685ff2f8f,wrong_device,attack,accept,none,0.1,0.09987357774968394,unverified,,,,,,20,pooled_fixed_seed_set,pooled_fixed_seed_set,20260722,crossed_seed_participant_multinomial,percentile_95,2000,2000,0,22,1582,1278.0,3160,3160,3160,3160,True,eligible_day_record_replacement,attack_target,attack_rejection,attacked simulation evaluations,0,3160,0.0,0.0,0.0,a,179,0.0,3160.0,,,,,,,,,,,,,,,,,,
aamos-submission-20260813-r410-final,2026-08-13T11:21:02.514563+00:00,public_secondary,AAMOS-00,10.7488/ds/3775,0fc9e6de8cec53b80b77bd4c806a8dd4238fc476c4a133efcb0db87b1731b0c1,aamos00-derivation-v1,aamos00_derivation.yaml,afdad4cef23c79307379e21011b1638ac91638f04b457dc21dc0be7888174baf,37665ed58cb0e42242624a310351f7d3920e4815a7fe55f79848ec4f6557e1fe,aamos-integrity-v4,a2b986cfa5c859bd1691652834600d28f2ce81e6646d60d63ab31cd685ff2f8f,canonical_reorder,boundary_control,accept,,0.1,0.09987357774968394,all_checks,,,signature|device|binding|admission|merkle|freshness|authorization,,,20,pooled_fixed_seed_set,pooled_fixed_seed_set,20260722,crossed_seed_participant_multinomial,percentile_95,2000,2000,0,22,1582,,3160,3160,3160,3160,False,boundary_control_operation,boundary_control,control_rejection,boundary-control evaluations,0,3160,0.0,0.0,0.0,a,180,,,,,,,,,,,,,,,,,,,,
aamos-submission-20260813-r410-final,2026-08-13T11:21:02.514563+00:00,public_secondary,AAMOS-00,10.7488/ds/3775,0fc9e6de8cec53b80b77bd4c806a8dd4238fc476c4a133efcb0db87b1731b0c1,aamos00-derivation-v1,aamos00_derivation.yaml,afdad4cef23c79307379e21011b1638ac91638f04b457dc21dc0be7888174baf,37665ed58cb0e42242624a310351f7d3920e4815a7fe55f79848ec4f6557e1fe,aamos-integrity-v4,a2b986cfa5c859bd1691652834600d28f2ce81e6646d60d63ab31cd685ff2f8f,clinical_measurement_error,boundary_control,undetectable,,0.1,0.09987357774968394,all_checks,,,signature|device|binding|admission|merkle|freshness|authorization,,,20,pooled_fixed_seed_set,pooled_fixed_seed_set,20260722,crossed_seed_participant_multinomial,percentile_95,2000,2000,0,22,1582,,3160,3160,3160,3160,False,boundary_control_operation,boundary_control,control_rejection,boundary-control evaluations,0,3160,0.0,0.0,0.0,a,181,,,,,,,,,,,,,,,,,,,,
aamos-submission-20260813-r410-final,2026-08-13T11:21:02.514563+00:00,public_secondary,AAMOS-00,10.7488/ds/3775,0fc9e6de8cec53b80b77bd4c806a8dd4238fc476c4a133efcb0db87b1731b0c1,aamos00-derivation-v1,aamos00_derivation.yaml,afdad4cef23c79307379e21011b1638ac91638f04b457dc21dc0be7888174baf,37665ed58cb0e42242624a310351f7d3920e4815a7fe55f79848ec4f6557e1fe,aamos-integrity-v4,a2b986cfa5c859bd1691652834600d28f2ce81e6646d60d63ab31cd685ff2f8f,idempotent_retransmission,boundary_control,accept,,0.1,0.09987357774968394,all_checks,,,signature|device|binding|admission|merkle|freshness|authorization,,,20,pooled_fixed_seed_set,pooled_fixed_seed_set,20260722,crossed_seed_participant_multinomial,percentile_95,2000,2000,0,22,1582,,3160,3160,3160,3160,False,boundary_control_operation,boundary_control,control_rejection,boundary-control evaluations,0,3160,0.0,0.0,0.0,a,182,,,,,,,,,,,,,,,,,,,,
aamos-submission-20260813-r410-final,2026-08-13T11:21:02.514563+00:00,public_secondary,AAMOS-00,10.7488/ds/3775,0fc9e6de8cec53b80b77bd4c806a8dd4238fc476c4a133efcb0db87b1731b0c1,aamos00-derivation-v1,aamos00_derivation.yaml,afdad4cef23c79307379e21011b1638ac91638f04b457dc21dc0be7888174baf,37665ed58cb0e42242624a310351f7d3920e4815a7fe55f79848ec4f6557e1fe,aamos-integrity-v4,a2b986cfa5c859bd1691652834600d28f2ce81e6646d60d63ab31cd685ff2f8f,incorrect_priority_rule,boundary_control,undetectable,,0.1,0.09987357774968394,all_checks,,,signature|device|binding|admission|merkle|freshness|authorization,,,20,pooled_fixed_seed_set,pooled_fixed_seed_set,20260722,crossed_seed_participant_multinomial,percentile_95,2000,2000,0,22,1582,,3160,3160,3160,3160,False,boundary_control_operation,boundary_control,control_rejection,boundary-control evaluations,0,3160,0.0,0.0,0.0,a,183,,,,,,,,,,,,,,,,,,,,
aamos-submission-20260813-r410-final,2026-08-13T11:21:02.514563+00:00,public_secondary,AAMOS-00,10.7488/ds/3775,0fc9e6de8cec53b80b77bd4c806a8dd4238fc476c4a133efcb0db87b1731b0c1,aamos00-derivation-v1,aamos00_derivation.yaml,afdad4cef23c79307379e21011b1638ac91638f04b457dc21dc0be7888174baf,37665ed58cb0e42242624a310351f7d3920e4815a7fe55f79848ec4f6557e1fe,aamos-integrity-v4,a2b986cfa5c859bd1691652834600d28f2ce81e6646d60d63ab31cd685ff2f8f,legitimate_late_arrival,boundary_control,accept,,0.1,0.09987357774968394,all_checks,,,signature|device|binding|admission|merkle|freshness|authorization,,,20,pooled_fixed_seed_set,pooled_fixed_seed_set,20260722,crossed_seed_participant_multinomial,percentile_95,2000,2000,0,22,1582,,3160,3160,3160,3160,False,boundary_control_operation,boundary_control,control_rejection,boundary-control evaluations,0,3160,0.0,0.0,0.0,a,184,,,,,,,,,,,,,,,,,,,,
aamos-submission-20260813-r410-final,2026-08-13T11:21:02.514563+00:00,public_secondary,AAMOS-00,10.7488/ds/3775,0fc9e6de8cec53b80b77bd4c806a8dd4238fc476c4a133efcb0db87b1731b0c1,aamos00-derivation-v1,aamos00_derivation.yaml,afdad4cef23c79307379e21011b1638ac91638f04b457dc21dc0be7888174baf,37665ed58cb0e42242624a310351f7d3920e4815a7fe55f79848ec4f6557e1fe,aamos-integrity-v4,a2b986cfa5c859bd1691652834600d28f2ce81e6646d60d63ab31cd685ff2f8f,permanent_omission,boundary_control,undetectable,,0.1,0.09987357774968394,all_checks,,,signature|device|binding|admission|merkle|freshness|authorization,,,20,pooled_fixed_seed_set,pooled_fixed_seed_set,20260722,crossed_seed_participant_multinomial,percentile_95,2000,0,2000,22,1582,,3160,3160,3160,0,False,boundary_control_operation,boundary_control,control_rejection,boundary-control evaluations,0,0,,,,a,185,,,,,,,,,,,,,,,,,,,,
aamos-submission-20260813-r410-final,2026-08-13T11:21:02.514563+00:00,public_secondary,AAMOS-00,10.7488/ds/3775,0fc9e6de8cec53b80b77bd4c806a8dd4238fc476c4a133efcb0db87b1731b0c1,aamos00-derivation-v1,aamos00_derivation.yaml,afdad4cef23c79307379e21011b1638ac91638f04b457dc21dc0be7888174baf,37665ed58cb0e42242624a310351f7d3920e4815a7fe55f79848ec4f6557e1fe,aamos-integrity-v4,a2b986cfa5c859bd1691652834600d28f2ce81e6646d60d63ab31cd685ff2f8f,pre_signing_false_payload,boundary_control,undetectable,,0.1,0.09987357774968394,all_checks,,,signature|device|binding|admission|merkle|freshness|authorization,,,20,pooled_fixed_seed_set,pooled_fixed_seed_set,20260722,crossed_seed_participant_multinomial,percentile_95,2000,2000,0,22,1582,,3160,3160,3160,3160,False,boundary_control_operation,boundary_control,control_rejection,boundary-control evaluations,0,3160,0.0,0.0,0.0,a,186,,,,,,,,,,,,,,,,,,,,
aamos-submission-20260813-r410-final,2026-08-13T11:21:02.514563+00:00,public_secondary,AAMOS-00,10.7488/ds/3775,0fc9e6de8cec53b80b77bd4c806a8dd4238fc476c4a133efcb0db87b1731b0c1,aamos00-derivation-v1,aamos00_derivation.yaml,afdad4cef23c79307379e21011b1638ac91638f04b457dc21dc0be7888174baf,37665ed58cb0e42242624a310351f7d3920e4815a7fe55f79848ec4f6557e1fe,aamos-integrity-v4,a2b986cfa5c859bd1691652834600d28f2ce81e6646d60d63ab31cd685ff2f8f,authorization_substitution,attack,reject,authorization,0.1,0.09987357774968394,all_checks,,,signature|device|binding|admission|merkle|freshness|authorization,,,20,pooled_fixed_seed_set,pooled_fixed_seed_set,20260722,crossed_seed_participant_multinomial,percentile_95,2000,2000,0,22,1582,1278.0,3160,3160,3160,3160,True,eligible_day_record_replacement,attack_target,expected_stage_agreement,stage-applicable attacked simulation evaluations,3160,3160,1.0,1.0,1.0,b,187,,,,,3160.0,3160.0,,,,,,,,,,,,,,
aamos-submission-20260813-r410-final,2026-08-13T11:21:02.514563+00:00,public_secondary,AAMOS-00,10.7488/ds/3775,0fc9e6de8cec53b80b77bd4c806a8dd4238fc476c4a133efcb0db87b1731b0c1,aamos00-derivation-v1,aamos00_derivation.yaml,afdad4cef23c79307379e21011b1638ac91638f04b457dc21dc0be7888174baf,37665ed58cb0e42242624a310351f7d3920e4815a7fe55f79848ec4f6557e1fe,aamos-integrity-v4,a2b986cfa5c859bd1691652834600d28f2ce81e6646d60d63ab31cd685ff2f8f,authorization_substitution,attack,reject,authorization,0.1,0.09987357774968394,all_checks,all_minus_authorization,matched_pipeline,signature|device|binding|admission|merkle|freshness|authorization,signature|device|binding|admission|merkle|freshness,predefined_without_authorization,20,pooled_fixed_seed_set,pooled_fixed_seed_set,20260722,crossed_seed_participant_multinomial,percentile_95,2000,2000,0,22,1582,1278.0,3160,3160,3160,3160,True,eligible_day_record_replacement,paired_attack_pipelines,pipeline_risk_difference,paired attacked evaluations,3160,3160,1.0,1.0,1.0,b,188,,,,,,,,,,,,,3160.0,0.0,3160.0,0.0,0.0,1.0,1.0,1.0
aamos-submission-20260813-r410-final,2026-08-13T11:21:02.514563+00:00,public_secondary,AAMOS-00,10.7488/ds/3775,0fc9e6de8cec53b80b77bd4c806a8dd4238fc476c4a133efcb0db87b1731b0c1,aamos00-derivation-v1,aamos00_derivation.yaml,afdad4cef23c79307379e21011b1638ac91638f04b457dc21dc0be7888174baf,37665ed58cb0e42242624a310351f7d3920e4815a7fe55f79848ec4f6557e1fe,aamos-integrity-v4,a2b986cfa5c859bd1691652834600d28f2ce81e6646d60d63ab31cd685ff2f8f,binding_mismatch,attack,reject,binding,0.1,0.09987357774968394,all_checks,,,signature|device|binding|admission|merkle|freshness|authorization,,,20,pooled_fixed_seed_set,pooled_fixed_seed_set,20260722,crossed_seed_participant_multinomial,percentile_95,2000,2000,0,22,1582,1278.0,3160,3160,3160,3160,True,eligible_day_record_replacement,attack_target,expected_stage_agreement,stage-applicable attacked simulation evaluations,3160,3160,1.0,1.0,1.0,b,189,,,,,3160.0,3160.0,,,,,,,,,,,,,,
aamos-submission-20260813-r410-final,2026-08-13T11:21:02.514563+00:00,public_secondary,AAMOS-00,10.7488/ds/3775,0fc9e6de8cec53b80b77bd4c806a8dd4238fc476c4a133efcb0db87b1731b0c1,aamos00-derivation-v1,aamos00_derivation.yaml,afdad4cef23c79307379e21011b1638ac91638f04b457dc21dc0be7888174baf,37665ed58cb0e42242624a310351f7d3920e4815a7fe55f79848ec4f6557e1fe,aamos-integrity-v4,a2b986cfa5c859bd1691652834600d28f2ce81e6646d60d63ab31cd685ff2f8f,binding_mismatch,attack,reject,binding,0.1,0.09987357774968394,all_checks,all_minus_binding,matched_pipeline,signature|device|binding|admission|merkle|freshness|authorization,signature|device|admission|merkle|freshness|authorization,predefined_without_binding,20,pooled_fixed_seed_set,pooled_fixed_seed_set,20260722,crossed_seed_participant_multinomial,percentile_95,2000,2000,0,22,1582,1278.0,3160,3160,3160,3160,True,eligible_day_record_replacement,paired_attack_pipelines,pipeline_risk_difference,paired attacked evaluations,3160,3160,1.0,1.0,1.0,b,190,,,,,,,,,,,,,3160.0,0.0,3160.0,0.0,0.0,1.0,1.0,1.0
aamos-submission-20260813-r410-final,2026-08-13T11:21:02.514563+00:00,public_secondary,AAMOS-00,10.7488/ds/3775,0fc9e6de8cec53b80b77bd4c806a8dd4238fc476c4a133efcb0db87b1731b0c1,aamos00-derivation-v1,aamos00_derivation.yaml,afdad4cef23c79307379e21011b1638ac91638f04b457dc21dc0be7888174baf,37665ed58cb0e42242624a310351f7d3920e4815a7fe55f79848ec4f6557e1fe,aamos-integrity-v4,a2b986cfa5c859bd1691652834600d28f2ce81e6646d60d63ab31cd685ff2f8f,counter_conflict,attack,reject,admission,0.1,0.09987357774968394,all_checks,,,signature|device|binding|admission|merkle|freshness|authorization,,,20,pooled_fixed_seed_set,pooled_fixed_seed_set,20260722,crossed_seed_participant_multinomial,percentile_95,2000,2000,0,22,1582,1278.0,3160,3160,3160,3160,True,eligible_day_record_replacement,attack_target,expected_stage_agreement,stage-applicable attacked simulation evaluations,3160,3160,1.0,1.0,1.0,b,191,,,,,3160.0,3160.0,,,,,,,,,,,,,,
aamos-submission-20260813-r410-final,2026-08-13T11:21:02.514563+00:00,public_secondary,AAMOS-00,10.7488/ds/3775,0fc9e6de8cec53b80b77bd4c806a8dd4238fc476c4a133efcb0db87b1731b0c1,aamos00-derivation-v1,aamos00_derivation.yaml,afdad4cef23c79307379e21011b1638ac91638f04b457dc21dc0be7888174baf,37665ed58cb0e42242624a310351f7d3920e4815a7fe55f79848ec4f6557e1fe,aamos-integrity-v4,a2b986cfa5c859bd1691652834600d28f2ce81e6646d60d63ab31cd685ff2f8f,counter_conflict,attack,reject,admission,0.1,0.09987357774968394,all_checks,all_minus_admission,matched_pipeline,signature|device|binding|admission|merkle|freshness|authorization,signature|device|binding|merkle|freshness|authorization,predefined_without_admission,20,pooled_fixed_seed_set,pooled_fixed_seed_set,20260722,crossed_seed_participant_multinomial,percentile_95,2000,2000,0,22,1582,1278.0,3160,3160,3160,3160,True,eligible_day_record_replacement,paired_attack_pipelines,pipeline_risk_difference,paired attacked evaluations,3160,3160,1.0,1.0,1.0,b,192,,,,,,,,,,,,,3160.0,0.0,3160.0,0.0,0.0,1.0,1.0,1.0
aamos-submission-20260813-r410-final,2026-08-13T11:21:02.514563+00:00,public_secondary,AAMOS-00,10.7488/ds/3775,0fc9e6de8cec53b80b77bd4c806a8dd4238fc476c4a133efcb0db87b1731b0c1,aamos00-derivation-v1,aamos00_derivation.yaml,afdad4cef23c79307379e21011b1638ac91638f04b457dc21dc0be7888174baf,37665ed58cb0e42242624a310351f7d3920e4815a7fe55f79848ec4f6557e1fe,aamos-integrity-v4,a2b986cfa5c859bd1691652834600d28f2ce81e6646d60d63ab31cd685ff2f8f,historical_deletion,attack,reject,history,0.1,0.09987357774968394,all_checks,,,signature|device|binding|admission|merkle|freshness|authorization,,,20,pooled_fixed_seed_set,pooled_fixed_seed_set,20260722,crossed_seed_participant_multinomial,percentile_95,2000,2000,0,22,1582,1278.0,3160,3160,3160,3160,False,operation_level_protocol_transition,attack_target,expected_stage_agreement,stage-applicable attacked simulation evaluations,3160,3160,1.0,1.0,1.0,b,193,,,,,3160.0,3160.0,,,,,,,,,,,,,,
aamos-submission-20260813-r410-final,2026-08-13T11:21:02.514563+00:00,public_secondary,AAMOS-00,10.7488/ds/3775,0fc9e6de8cec53b80b77bd4c806a8dd4238fc476c4a133efcb0db87b1731b0c1,aamos00-derivation-v1,aamos00_derivation.yaml,afdad4cef23c79307379e21011b1638ac91638f04b457dc21dc0be7888174baf,37665ed58cb0e42242624a310351f7d3920e4815a7fe55f79848ec4f6557e1fe,aamos-integrity-v4,a2b986cfa5c859bd1691652834600d28f2ce81e6646d60d63ab31cd685ff2f8f,historical_deletion,attack,reject,history,0.1,0.09987357774968394,all_checks,all_minus_freshness,matched_pipeline,signature|device|binding|admission|merkle|freshness|authorization,signature|device|binding|admission|merkle|authorization,predefined_history_without_freshness,20,pooled_fixed_seed_set,pooled_fixed_seed_set,20260722,crossed_seed_participant_multinomial,percentile_95,2000,2000,0,22,1582,1278.0,3160,3160,3160,3160,False,operation_level_protocol_transition,paired_attack_pipelines,pipeline_risk_difference,paired attacked evaluations,3160,3160,1.0,1.0,1.0,b,194,,,,,,,,,,,,,3160.0,0.0,3160.0,0.0,0.0,1.0,1.0,1.0
aamos-submission-20260813-r410-final,2026-08-13T11:21:02.514563+00:00,public_secondary,AAMOS-00,10.7488/ds/3775,0fc9e6de8cec53b80b77bd4c806a8dd4238fc476c4a133efcb0db87b1731b0c1,aamos00-derivation-v1,aamos00_derivation.yaml,afdad4cef23c79307379e21011b1638ac91638f04b457dc21dc0be7888174baf,37665ed58cb0e42242624a310351f7d3920e4815a7fe55f79848ec4f6557e1fe,aamos-integrity-v4,a2b986cfa5c859bd1691652834600d28f2ce81e6646d60d63ab31cd685ff2f8f,historical_insertion,attack,reject,history,0.1,0.09987357774968394,all_checks,,,signature|device|binding|admission|merkle|freshness|authorization,,,20,pooled_fixed_seed_set,pooled_fixed_seed_set,20260722,crossed_seed_participant_multinomial,percentile_95,2000,2000,0,22,1582,22.0,3160,3160,3160,3160,False,operation_level_protocol_transition,attack_target,expected_stage_agreement,stage-applicable attacked simulation evaluations,3160,3160,1.0,1.0,1.0,b,195,,,,,3160.0,3160.0,,,,,,,,,,,,,,
aamos-submission-20260813-r410-final,2026-08-13T11:21:02.514563+00:00,public_secondary,AAMOS-00,10.7488/ds/3775,0fc9e6de8cec53b80b77bd4c806a8dd4238fc476c4a133efcb0db87b1731b0c1,aamos00-derivation-v1,aamos00_derivation.yaml,afdad4cef23c79307379e21011b1638ac91638f04b457dc21dc0be7888174baf,37665ed58cb0e42242624a310351f7d3920e4815a7fe55f79848ec4f6557e1fe,aamos-integrity-v4,a2b986cfa5c859bd1691652834600d28f2ce81e6646d60d63ab31cd685ff2f8f,historical_insertion,attack,reject,history,0.1,0.09987357774968394,all_checks,all_minus_freshness,matched_pipeline,signature|device|binding|admission|merkle|freshness|authorization,signature|device|binding|admission|merkle|authorization,predefined_history_without_freshness,20,pooled_fixed_seed_set,pooled_fixed_seed_set,20260722,crossed_seed_participant_multinomial,percentile_95,2000,2000,0,22,1582,22.0,3160,3160,3160,3160,False,operation_level_protocol_transition,paired_attack_pipelines,pipeline_risk_difference,paired attacked evaluations,3160,3160,1.0,1.0,1.0,b,196,,,,,,,,,,,,,3160.0,0.0,3160.0,0.0,0.0,1.0,1.0,1.0
aamos-submission-20260813-r410-final,2026-08-13T11:21:02.514563+00:00,public_secondary,AAMOS-00,10.7488/ds/3775,0fc9e6de8cec53b80b77bd4c806a8dd4238fc476c4a133efcb0db87b1731b0c1,aamos00-derivation-v1,aamos00_derivation.yaml,afdad4cef23c79307379e21011b1638ac91638f04b457dc21dc0be7888174baf,37665ed58cb0e42242624a310351f7d3920e4815a7fe55f79848ec4f6557e1fe,aamos-integrity-v4,a2b986cfa5c859bd1691652834600d28f2ce81e6646d60d63ab31cd685ff2f8f,historical_modification,attack,reject,history,0.1,0.09987357774968394,all_checks,,,signature|device|binding|admission|merkle|freshness|authorization,,,20,pooled_fixed_seed_set,pooled_fixed_seed_set,20260722,crossed_seed_participant_multinomial,percentile_95,2000,2000,0,22,1582,1278.0,3160,3160,3160,3160,False,operation_level_protocol_transition,attack_target,expected_stage_agreement,stage-applicable attacked simulation evaluations,3160,3160,1.0,1.0,1.0,b,197,,,,,3160.0,3160.0,,,,,,,,,,,,,,
aamos-submission-20260813-r410-final,2026-08-13T11:21:02.514563+00:00,public_secondary,AAMOS-00,10.7488/ds/3775,0fc9e6de8cec53b80b77bd4c806a8dd4238fc476c4a133efcb0db87b1731b0c1,aamos00-derivation-v1,aamos00_derivation.yaml,afdad4cef23c79307379e21011b1638ac91638f04b457dc21dc0be7888174baf,37665ed58cb0e42242624a310351f7d3920e4815a7fe55f79848ec4f6557e1fe,aamos-integrity-v4,a2b986cfa5c859bd1691652834600d28f2ce81e6646d60d63ab31cd685ff2f8f,historical_modification,attack,reject,history,0.1,0.09987357774968394,all_checks,all_minus_freshness,matched_pipeline,signature|device|binding|admission|merkle|freshness|authorization,signature|device|binding|admission|merkle|authorization,predefined_history_without_freshness,20,pooled_fixed_seed_set,pooled_fixed_seed_set,20260722,crossed_seed_participant_multinomial,percentile_95,2000,2000,0,22,1582,1278.0,3160,3160,3160,3160,False,operation_level_protocol_transition,paired_attack_pipelines,pipeline_risk_difference,paired attacked evaluations,3160,3160,1.0,1.0,1.0,b,198,,,,,,,,,,,,,3160.0,0.0,3160.0,0.0,0.0,1.0,1.0,1.0
aamos-submission-20260813-r410-final,2026-08-13T11:21:02.514563+00:00,public_secondary,AAMOS-00,10.7488/ds/3775,0fc9e6de8cec53b80b77bd4c806a8dd4238fc476c4a133efcb0db87b1731b0c1,aamos00-derivation-v1,aamos00_derivation.yaml,afdad4cef23c79307379e21011b1638ac91638f04b457dc21dc0be7888174baf,37665ed58cb0e42242624a310351f7d3920e4815a7fe55f79848ec4f6557e1fe,aamos-integrity-v4,a2b986cfa5c859bd1691652834600d28f2ce81e6646d60d63ab31cd685ff2f8f,mixed_attack,attack,reject,signature,0.1,0.09987357774968394,all_checks,,,signature|device|binding|admission|merkle|freshness|authorization,,,20,pooled_fixed_seed_set,pooled_fixed_seed_set,20260722,crossed_seed_participant_multinomial,percentile_95,2000,2000,0,22,1582,1278.0,3160,3160,3160,3160,True,eligible_day_record_replacement,attack_target,expected_stage_agreement,stage-applicable attacked simulation evaluations,3160,3160,1.0,1.0,1.0,b,199,,,,,3160.0,3160.0,,,,,,,,,,,,,,
aamos-submission-20260813-r410-final,2026-08-13T11:21:02.514563+00:00,public_secondary,AAMOS-00,10.7488/ds/3775,0fc9e6de8cec53b80b77bd4c806a8dd4238fc476c4a133efcb0db87b1731b0c1,aamos00-derivation-v1,aamos00_derivation.yaml,afdad4cef23c79307379e21011b1638ac91638f04b457dc21dc0be7888174baf,37665ed58cb0e42242624a310351f7d3920e4815a7fe55f79848ec4f6557e1fe,aamos-integrity-v4,a2b986cfa5c859bd1691652834600d28f2ce81e6646d60d63ab31cd685ff2f8f,mixed_attack,attack,reject,signature,0.1,0.09987357774968394,all_checks,all_minus_signature,matched_pipeline,signature|device|binding|admission|merkle|freshness|authorization,device|binding|admission|merkle|freshness|authorization,predefined_without_signature,20,pooled_fixed_seed_set,pooled_fixed_seed_set,20260722,crossed_seed_participant_multinomial,percentile_95,2000,2000,0,22,1582,1278.0,3160,3160,3160,3160,True,eligible_day_record_replacement,paired_attack_pipelines,pipeline_risk_difference,paired attacked evaluations,0,3160,0.0,0.0,0.0,b,200,,,,,,,,,,,,,3160.0,3160.0,0.0,0.0,0.0,0.0,0.0,0.0
aamos-submission-20260813-r410-final,2026-08-13T11:21:02.514563+00:00,public_secondary,AAMOS-00,10.7488/ds/3775,0fc9e6de8cec53b80b77bd4c806a8dd4238fc476c4a133efcb0db87b1731b0c1,aamos00-derivation-v1,aamos00_derivation.yaml,afdad4cef23c79307379e21011b1638ac91638f04b457dc21dc0be7888174baf,37665ed58cb0e42242624a310351f7d3920e4815a7fe55f79848ec4f6557e1fe,aamos-integrity-v4,a2b986cfa5c859bd1691652834600d28f2ce81e6646d60d63ab31cd685ff2f8f,payload_after_signing,attack,reject,signature,0.1,0.09987357774968394,all_checks,,,signature|device|binding|admission|merkle|freshness|authorization,,,20,pooled_fixed_seed_set,pooled_fixed_seed_set,20260722,crossed_seed_participant_multinomial,percentile_95,2000,2000,0,22,1582,1278.0,3160,3160,3160,3160,True,eligible_day_record_replacement,attack_target,expected_stage_agreement,stage-applicable attacked simulation evaluations,3160,3160,1.0,1.0,1.0,b,201,,,,,3160.0,3160.0,,,,,,,,,,,,,,
aamos-submission-20260813-r410-final,2026-08-13T11:21:02.514563+00:00,public_secondary,AAMOS-00,10.7488/ds/3775,0fc9e6de8cec53b80b77bd4c806a8dd4238fc476c4a133efcb0db87b1731b0c1,aamos00-derivation-v1,aamos00_derivation.yaml,afdad4cef23c79307379e21011b1638ac91638f04b457dc21dc0be7888174baf,37665ed58cb0e42242624a310351f7d3920e4815a7fe55f79848ec4f6557e1fe,aamos-integrity-v4,a2b986cfa5c859bd1691652834600d28f2ce81e6646d60d63ab31cd685ff2f8f,payload_after_signing,attack,reject,signature,0.1,0.09987357774968394,all_checks,all_minus_signature,matched_pipeline,signature|device|binding|admission|merkle|freshness|authorization,device|binding|admission|merkle|freshness|authorization,predefined_without_signature,20,pooled_fixed_seed_set,pooled_fixed_seed_set,20260722,crossed_seed_participant_multinomial,percentile_95,2000,2000,0,22,1582,1278.0,3160,3160,3160,3160,True,eligible_day_record_replacement,paired_attack_pipelines,pipeline_risk_difference,paired attacked evaluations,0,3160,0.0,0.0,0.0,b,202,,,,,,,,,,,,,3160.0,3160.0,0.0,0.0,0.0,0.0,0.0,0.0
aamos-submission-20260813-r410-final,2026-08-13T11:21:02.514563+00:00,public_secondary,AAMOS-00,10.7488/ds/3775,0fc9e6de8cec53b80b77bd4c806a8dd4238fc476c4a133efcb0db87b1731b0c1,aamos00-derivation-v1,aamos00_derivation.yaml,afdad4cef23c79307379e21011b1638ac91638f04b457dc21dc0be7888174baf,37665ed58cb0e42242624a310351f7d3920e4815a7fe55f79848ec4f6557e1fe,aamos-integrity-v4,a2b986cfa5c859bd1691652834600d28f2ce81e6646d60d63ab31cd685ff2f8f,revoked_device,attack,reject,device,0.1,0.09987357774968394,all_checks,,,signature|device|binding|admission|merkle|freshness|authorization,,,20,pooled_fixed_seed_set,pooled_fixed_seed_set,20260722,crossed_seed_participant_multinomial,percentile_95,2000,2000,0,22,1582,1278.0,3160,3160,3160,3160,True,eligible_day_record_replacement,attack_target,expected_stage_agreement,stage-applicable attacked simulation evaluations,3160,3160,1.0,1.0,1.0,b,203,,,,,3160.0,3160.0,,,,,,,,,,,,,,
aamos-submission-20260813-r410-final,2026-08-13T11:21:02.514563+00:00,public_secondary,AAMOS-00,10.7488/ds/3775,0fc9e6de8cec53b80b77bd4c806a8dd4238fc476c4a133efcb0db87b1731b0c1,aamos00-derivation-v1,aamos00_derivation.yaml,afdad4cef23c79307379e21011b1638ac91638f04b457dc21dc0be7888174baf,37665ed58cb0e42242624a310351f7d3920e4815a7fe55f79848ec4f6557e1fe,aamos-integrity-v4,a2b986cfa5c859bd1691652834600d28f2ce81e6646d60d63ab31cd685ff2f8f,revoked_device,attack,reject,device,0.1,0.09987357774968394,all_checks,all_minus_device,matched_pipeline,signature|device|binding|admission|merkle|freshness|authorization,signature|binding|admission|merkle|freshness|authorization,predefined_without_device,20,pooled_fixed_seed_set,pooled_fixed_seed_set,20260722,crossed_seed_participant_multinomial,percentile_95,2000,2000,0,22,1582,1278.0,3160,3160,3160,3160,True,eligible_day_record_replacement,paired_attack_pipelines,pipeline_risk_difference,paired attacked evaluations,3160,3160,1.0,1.0,1.0,b,204,,,,,,,,,,,,,3160.0,0.0,3160.0,0.0,0.0,1.0,1.0,1.0
aamos-submission-20260813-r410-final,2026-08-13T11:21:02.514563+00:00,public_secondary,AAMOS-00,10.7488/ds/3775,0fc9e6de8cec53b80b77bd4c806a8dd4238fc476c4a133efcb0db87b1731b0c1,aamos00-derivation-v1,aamos00_derivation.yaml,afdad4cef23c79307379e21011b1638ac91638f04b457dc21dc0be7888174baf,37665ed58cb0e42242624a310351f7d3920e4815a7fe55f79848ec4f6557e1fe,aamos-integrity-v4,a2b986cfa5c859bd1691652834600d28f2ce81e6646d60d63ab31cd685ff2f8f,stale_latest_pointer,attack,reject,freshness,0.1,0.09987357774968394,all_checks,,,signature|device|binding|admission|merkle|freshness|authorization,,,20,pooled_fixed_seed_set,pooled_fixed_seed_set,20260722,crossed_seed_participant_multinomial,percentile_95,2000,2000,0,22,1582,1278.0,3160,3160,3160,3160,True,eligible_day_record_replacement,attack_target,expected_stage_agreement,stage-applicable attacked simulation evaluations,3160,3160,1.0,1.0,1.0,b,205,,,,,3160.0,3160.0,,,,,,,,,,,,,,
aamos-submission-20260813-r410-final,2026-08-13T11:21:02.514563+00:00,public_secondary,AAMOS-00,10.7488/ds/3775,0fc9e6de8cec53b80b77bd4c806a8dd4238fc476c4a133efcb0db87b1731b0c1,aamos00-derivation-v1,aamos00_derivation.yaml,afdad4cef23c79307379e21011b1638ac91638f04b457dc21dc0be7888174baf,37665ed58cb0e42242624a310351f7d3920e4815a7fe55f79848ec4f6557e1fe,aamos-integrity-v4,a2b986cfa5c859bd1691652834600d28f2ce81e6646d60d63ab31cd685ff2f8f,stale_latest_pointer,attack,reject,freshness,0.1,0.09987357774968394,all_checks,all_minus_freshness,matched_pipeline,signature|device|binding|admission|merkle|freshness|authorization,signature|device|binding|admission|merkle|authorization,predefined_without_freshness,20,pooled_fixed_seed_set,pooled_fixed_seed_set,20260722,crossed_seed_participant_multinomial,percentile_95,2000,2000,0,22,1582,1278.0,3160,3160,3160,3160,True,eligible_day_record_replacement,paired_attack_pipelines,pipeline_risk_difference,paired attacked evaluations,3160,3160,1.0,1.0,1.0,b,206,,,,,,,,,,,,,3160.0,0.0,3160.0,0.0,0.0,1.0,1.0,1.0
aamos-submission-20260813-r410-final,2026-08-13T11:21:02.514563+00:00,public_secondary,AAMOS-00,10.7488/ds/3775,0fc9e6de8cec53b80b77bd4c806a8dd4238fc476c4a133efcb0db87b1731b0c1,aamos00-derivation-v1,aamos00_derivation.yaml,afdad4cef23c79307379e21011b1638ac91638f04b457dc21dc0be7888174baf,37665ed58cb0e42242624a310351f7d3920e4815a7fe55f79848ec4f6557e1fe,aamos-integrity-v4,a2b986cfa5c859bd1691652834600d28f2ce81e6646d60d63ab31cd685ff2f8f,tampered_merkle_leaf,attack,reject,merkle,0.1,0.09987357774968394,all_checks,,,signature|device|binding|admission|merkle|freshness|authorization,,,20,pooled_fixed_seed_set,pooled_fixed_seed_set,20260722,crossed_seed_participant_multinomial,percentile_95,2000,2000,0,22,1582,1278.0,3160,3160,3160,3160,True,eligible_day_record_replacement,attack_target,expected_stage_agreement,stage-applicable attacked simulation evaluations,3160,3160,1.0,1.0,1.0,b,207,,,,,3160.0,3160.0,,,,,,,,,,,,,,
aamos-submission-20260813-r410-final,2026-08-13T11:21:02.514563+00:00,public_secondary,AAMOS-00,10.7488/ds/3775,0fc9e6de8cec53b80b77bd4c806a8dd4238fc476c4a133efcb0db87b1731b0c1,aamos00-derivation-v1,aamos00_derivation.yaml,afdad4cef23c79307379e21011b1638ac91638f04b457dc21dc0be7888174baf,37665ed58cb0e42242624a310351f7d3920e4815a7fe55f79848ec4f6557e1fe,aamos-integrity-v4,a2b986cfa5c859bd1691652834600d28f2ce81e6646d60d63ab31cd685ff2f8f,tampered_merkle_leaf,attack,reject,merkle,0.1,0.09987357774968394,all_checks,all_minus_merkle,matched_pipeline,signature|device|binding|admission|merkle|freshness|authorization,signature|device|binding|admission|freshness|authorization,predefined_without_merkle,20,pooled_fixed_seed_set,pooled_fixed_seed_set,20260722,crossed_seed_participant_multinomial,percentile_95,2000,2000,0,22,1582,1278.0,3160,3160,3160,3160,True,eligible_day_record_replacement,paired_attack_pipelines,pipeline_risk_difference,paired attacked evaluations,3160,3160,1.0,1.0,1.0,b,208,,,,,,,,,,,,,3160.0,0.0,3160.0,0.0,0.0,1.0,1.0,1.0
aamos-submission-20260813-r410-final,2026-08-13T11:21:02.514563+00:00,public_secondary,AAMOS-00,10.7488/ds/3775,0fc9e6de8cec53b80b77bd4c806a8dd4238fc476c4a133efcb0db87b1731b0c1,aamos00-derivation-v1,aamos00_derivation.yaml,afdad4cef23c79307379e21011b1638ac91638f04b457dc21dc0be7888174baf,37665ed58cb0e42242624a310351f7d3920e4815a7fe55f79848ec4f6557e1fe,aamos-integrity-v4,a2b986cfa5c859bd1691652834600d28f2ce81e6646d60d63ab31cd685ff2f8f,tampered_merkle_path,attack,reject,merkle,0.1,0.09987357774968394,all_checks,,,signature|device|binding|admission|merkle|freshness|authorization,,,20,pooled_fixed_seed_set,pooled_fixed_seed_set,20260722,crossed_seed_participant_multinomial,percentile_95,2000,2000,0,22,1582,1278.0,3160,3160,3160,3160,True,eligible_day_record_replacement,attack_target,expected_stage_agreement,stage-applicable attacked simulation evaluations,3160,3160,1.0,1.0,1.0,b,209,,,,,3160.0,3160.0,,,,,,,,,,,,,,
aamos-submission-20260813-r410-final,2026-08-13T11:21:02.514563+00:00,public_secondary,AAMOS-00,10.7488/ds/3775,0fc9e6de8cec53b80b77bd4c806a8dd4238fc476c4a133efcb0db87b1731b0c1,aamos00-derivation-v1,aamos00_derivation.yaml,afdad4cef23c79307379e21011b1638ac91638f04b457dc21dc0be7888174baf,37665ed58cb0e42242624a310351f7d3920e4815a7fe55f79848ec4f6557e1fe,aamos-integrity-v4,a2b986cfa5c859bd1691652834600d28f2ce81e6646d60d63ab31cd685ff2f8f,tampered_merkle_path,attack,reject,merkle,0.1,0.09987357774968394,all_checks,all_minus_merkle,matched_pipeline,signature|device|binding|admission|merkle|freshness|authorization,signature|device|binding|admission|freshness|authorization,predefined_without_merkle,20,pooled_fixed_seed_set,pooled_fixed_seed_set,20260722,crossed_seed_participant_multinomial,percentile_95,2000,2000,0,22,1582,1278.0,3160,3160,3160,3160,True,eligible_day_record_replacement,paired_attack_pipelines,pipeline_risk_difference,paired attacked evaluations,3160,3160,1.0,1.0,1.0,b,210,,,,,,,,,,,,,3160.0,0.0,3160.0,0.0,0.0,1.0,1.0,1.0
aamos-submission-20260813-r410-final,2026-08-13T11:21:02.514563+00:00,public_secondary,AAMOS-00,10.7488/ds/3775,0fc9e6de8cec53b80b77bd4c806a8dd4238fc476c4a133efcb0db87b1731b0c1,aamos00-derivation-v1,aamos00_derivation.yaml,afdad4cef23c79307379e21011b1638ac91638f04b457dc21dc0be7888174baf,37665ed58cb0e42242624a310351f7d3920e4815a7fe55f79848ec4f6557e1fe,aamos-integrity-v4,a2b986cfa5c859bd1691652834600d28f2ce81e6646d60d63ab31cd685ff2f8f,tampered_merkle_root,attack,reject,merkle,0.1,0.09987357774968394,all_checks,,,signature|device|binding|admission|merkle|freshness|authorization,,,20,pooled_fixed_seed_set,pooled_fixed_seed_set,20260722,crossed_seed_participant_multinomial,percentile_95,2000,2000,0,22,1582,1278.0,3160,3160,3160,3160,True,eligible_day_record_replacement,attack_target,expected_stage_agreement,stage-applicable attacked simulation evaluations,3160,3160,1.0,1.0,1.0,b,211,,,,,3160.0,3160.0,,,,,,,,,,,,,,
aamos-submission-20260813-r410-final,2026-08-13T11:21:02.514563+00:00,public_secondary,AAMOS-00,10.7488/ds/3775,0fc9e6de8cec53b80b77bd4c806a8dd4238fc476c4a133efcb0db87b1731b0c1,aamos00-derivation-v1,aamos00_derivation.yaml,afdad4cef23c79307379e21011b1638ac91638f04b457dc21dc0be7888174baf,37665ed58cb0e42242624a310351f7d3920e4815a7fe55f79848ec4f6557e1fe,aamos-integrity-v4,a2b986cfa5c859bd1691652834600d28f2ce81e6646d60d63ab31cd685ff2f8f,tampered_merkle_root,attack,reject,merkle,0.1,0.09987357774968394,all_checks,all_minus_merkle,matched_pipeline,signature|device|binding|admission|merkle|freshness|authorization,signature|device|binding|admission|freshness|authorization,predefined_without_merkle,20,pooled_fixed_seed_set,pooled_fixed_seed_set,20260722,crossed_seed_participant_multinomial,percentile_95,2000,2000,0,22,1582,1278.0,3160,3160,3160,3160,True,eligible_day_record_replacement,paired_attack_pipelines,pipeline_risk_difference,paired attacked evaluations,3160,3160,1.0,1.0,1.0,b,212,,,,,,,,,,,,,3160.0,0.0,3160.0,0.0,0.0,1.0,1.0,1.0
aamos-submission-20260813-r410-final,2026-08-13T11:21:02.514563+00:00,public_secondary,AAMOS-00,10.7488/ds/3775,0fc9e6de8cec53b80b77bd4c806a8dd4238fc476c4a133efcb0db87b1731b0c1,aamos00-derivation-v1,aamos00_derivation.yaml,afdad4cef23c79307379e21011b1638ac91638f04b457dc21dc0be7888174baf,37665ed58cb0e42242624a310351f7d3920e4815a7fe55f79848ec4f6557e1fe,aamos-integrity-v4,a2b986cfa5c859bd1691652834600d28f2ce81e6646d60d63ab31cd685ff2f8f,wrong_device,attack,reject,device,0.1,0.09987357774968394,all_checks,,,signature|device|binding|admission|merkle|freshness|authorization,,,20,pooled_fixed_seed_set,pooled_fixed_seed_set,20260722,crossed_seed_participant_multinomial,percentile_95,2000,2000,0,22,1582,1278.0,3160,3160,3160,3160,True,eligible_day_record_replacement,attack_target,expected_stage_agreement,stage-applicable attacked simulation evaluations,3160,3160,1.0,1.0,1.0,b,213,,,,,3160.0,3160.0,,,,,,,,,,,,,,
aamos-submission-20260813-r410-final,2026-08-13T11:21:02.514563+00:00,public_secondary,AAMOS-00,10.7488/ds/3775,0fc9e6de8cec53b80b77bd4c806a8dd4238fc476c4a133efcb0db87b1731b0c1,aamos00-derivation-v1,aamos00_derivation.yaml,afdad4cef23c79307379e21011b1638ac91638f04b457dc21dc0be7888174baf,37665ed58cb0e42242624a310351f7d3920e4815a7fe55f79848ec4f6557e1fe,aamos-integrity-v4,a2b986cfa5c859bd1691652834600d28f2ce81e6646d60d63ab31cd685ff2f8f,wrong_device,attack,reject,device,0.1,0.09987357774968394,all_checks,all_minus_device,matched_pipeline,signature|device|binding|admission|merkle|freshness|authorization,signature|binding|admission|merkle|freshness|authorization,predefined_without_device,20,pooled_fixed_seed_set,pooled_fixed_seed_set,20260722,crossed_seed_participant_multinomial,percentile_95,2000,2000,0,22,1582,1278.0,3160,3160,3160,3160,True,eligible_day_record_replacement,paired_attack_pipelines,pipeline_risk_difference,paired attacked evaluations,3160,3160,1.0,1.0,1.0,b,214,,,,,,,,,,,,,3160.0,0.0,3160.0,0.0,0.0,1.0,1.0,1.0
aamos-submission-20260813-r410-final,2026-08-13T11:21:02.514563+00:00,public_secondary,AAMOS-00,10.7488/ds/3775,0fc9e6de8cec53b80b77bd4c806a8dd4238fc476c4a133efcb0db87b1731b0c1,aamos00-derivation-v1,aamos00_derivation.yaml,afdad4cef23c79307379e21011b1638ac91638f04b457dc21dc0be7888174baf,37665ed58cb0e42242624a310351f7d3920e4815a7fe55f79848ec4f6557e1fe,aamos-integrity-v4,a2b986cfa5c859bd1691652834600d28f2ce81e6646d60d63ab31cd685ff2f8f,mixed_attack,attack,reject,signature,0.01,0.010113780025284451,all_checks,,,signature|device|binding|admission|merkle|freshness|authorization,,,20,pooled_fixed_seed_set,pooled_fixed_seed_set,20260722,crossed_seed_participant_multinomial,percentile_95,2000,2000,0,22,1582,233.0,31640,320,320,320,True,eligible_day_record_replacement,mixed_eligible_population,coverage,eligible mixed simulation evaluations,31320,31640,0.9898862199747156,0.9884391949407481,0.9919643753585772,c,215,,,,,,,31320.0,31640.0,,,,,,,,,,,,
aamos-submission-20260813-r410-final,2026-08-13T11:21:02.514563+00:00,public_secondary,AAMOS-00,10.7488/ds/3775,0fc9e6de8cec53b80b77bd4c806a8dd4238fc476c4a133efcb0db87b1731b0c1,aamos00-derivation-v1,aamos00_derivation.yaml,afdad4cef23c79307379e21011b1638ac91638f04b457dc21dc0be7888174baf,37665ed58cb0e42242624a310351f7d3920e4815a7fe55f79848ec4f6557e1fe,aamos-integrity-v4,a2b986cfa5c859bd1691652834600d28f2ce81e6646d60d63ab31cd685ff2f8f,mixed_attack,attack,reject,signature,0.01,0.010113780025284451,all_checks,,,signature|device|binding|admission|merkle|freshness|authorization,,,20,pooled_fixed_seed_set,pooled_fixed_seed_set,20260722,crossed_seed_participant_multinomial,percentile_95,2000,2000,0,22,1582,233.0,31640,320,320,320,True,eligible_day_record_replacement,mixed_eligible_population,abstention,eligible mixed simulation evaluations,320,31640,0.010113780025284451,0.008035624641422833,0.011560805059251895,c,216,,,,,,,,,,,,,,,,,,,,
aamos-submission-20260813-r410-final,2026-08-13T11:21:02.514563+00:00,public_secondary,AAMOS-00,10.7488/ds/3775,0fc9e6de8cec53b80b77bd4c806a8dd4238fc476c4a133efcb0db87b1731b0c1,aamos00-derivation-v1,aamos00_derivation.yaml,afdad4cef23c79307379e21011b1638ac91638f04b457dc21dc0be7888174baf,37665ed58cb0e42242624a310351f7d3920e4815a7fe55f79848ec4f6557e1fe,aamos-integrity-v4,a2b986cfa5c859bd1691652834600d28f2ce81e6646d60d63ab31cd685ff2f8f,mixed_attack,attack,reject,signature,0.05,0.04993678887484197,all_checks,,,signature|device|binding|admission|merkle|freshness|authorization,,,20,pooled_fixed_seed_set,pooled_fixed_seed_set,20260722,crossed_seed_participant_multinomial,percentile_95,2000,2000,0,22,1582,900.0,31640,1580,1580,1580,True,eligible_day_record_replacement,mixed_eligible_population,coverage,eligible mixed simulation evaluations,30060,31640,0.950063211125158,0.9432543368468393,0.9534774436090225,c,217,,,,,,,30060.0,31640.0,,,,,,,,,,,,
aamos-submission-20260813-r410-final,2026-08-13T11:21:02.514563+00:00,public_secondary,AAMOS-00,10.7488/ds/3775,0fc9e6de8cec53b80b77bd4c806a8dd4238fc476c4a133efcb0db87b1731b0c1,aamos00-derivation-v1,aamos00_derivation.yaml,afdad4cef23c79307379e21011b1638ac91638f04b457dc21dc0be7888174baf,37665ed58cb0e42242624a310351f7d3920e4815a7fe55f79848ec4f6557e1fe,aamos-integrity-v4,a2b986cfa5c859bd1691652834600d28f2ce81e6646d60d63ab31cd685ff2f8f,mixed_attack,attack,reject,signature,0.05,0.04993678887484197,all_checks,,,signature|device|binding|admission|merkle|freshness|authorization,,,20,pooled_fixed_seed_set,pooled_fixed_seed_set,20260722,crossed_seed_participant_multinomial,percentile_95,2000,2000,0,22,1582,900.0,31640,1580,1580,1580,True,eligible_day_record_replacement,mixed_eligible_population,abstention,eligible mixed simulation evaluations,1580,31640,0.04993678887484197,0.046522556390977444,0.05674566315316063,c,218,,,,,,,,,,,,,,,,,,,,
aamos-submission-20260813-r410-final,2026-08-13T11:21:02.514563+00:00,public_secondary,AAMOS-00,10.7488/ds/3775,0fc9e6de8cec53b80b77bd4c806a8dd4238fc476c4a133efcb0db87b1731b0c1,aamos00-derivation-v1,aamos00_derivation.yaml,afdad4cef23c79307379e21011b1638ac91638f04b457dc21dc0be7888174baf,37665ed58cb0e42242624a310351f7d3920e4815a7fe55f79848ec4f6557e1fe,aamos-integrity-v4,a2b986cfa5c859bd1691652834600d28f2ce81e6646d60d63ab31cd685ff2f8f,mixed_attack,attack,reject,signature,0.1,0.09987357774968394,all_checks,,,signature|device|binding|admission|merkle|freshness|authorization,,,20,pooled_fixed_seed_set,pooled_fixed_seed_set,20260722,crossed_seed_participant_multinomial,percentile_95,2000,2000,0,22,1582,1278.0,31640,3160,3160,3160,True,eligible_day_record_replacement,mixed_eligible_population,coverage,eligible mixed simulation evaluations,28480,31640,0.900126422250316,0.8927026502752116,0.903598059751965,c,219,,,,,,,28480.0,31640.0,,,,,,,,,,,,
aamos-submission-20260813-r410-final,2026-08-13T11:21:02.514563+00:00,public_secondary,AAMOS-00,10.7488/ds/3775,0fc9e6de8cec53b80b77bd4c806a8dd4238fc476c4a133efcb0db87b1731b0c1,aamos00-derivation-v1,aamos00_derivation.yaml,afdad4cef23c79307379e21011b1638ac91638f04b457dc21dc0be7888174baf,37665ed58cb0e42242624a310351f7d3920e4815a7fe55f79848ec4f6557e1fe,aamos-integrity-v4,a2b986cfa5c859bd1691652834600d28f2ce81e6646d60d63ab31cd685ff2f8f,mixed_attack,attack,reject,signature,0.1,0.09987357774968394,all_checks,,,signature|device|binding|admission|merkle|freshness|authorization,,,20,pooled_fixed_seed_set,pooled_fixed_seed_set,20260722,crossed_seed_participant_multinomial,percentile_95,2000,2000,0,22,1582,1278.0,31640,3160,3160,3160,True,eligible_day_record_replacement,mixed_eligible_population,abstention,eligible mixed simulation evaluations,3160,31640,0.09987357774968394,0.09640194024803496,0.10729734972478844,c,220,,,,,,,,,,,,,,,,,,,,
aamos-submission-20260813-r410-final,2026-08-13T11:21:02.514563+00:00,public_secondary,AAMOS-00,10.7488/ds/3775,0fc9e6de8cec53b80b77bd4c806a8dd4238fc476c4a133efcb0db87b1731b0c1,aamos00-derivation-v1,aamos00_derivation.yaml,afdad4cef23c79307379e21011b1638ac91638f04b457dc21dc0be7888174baf,37665ed58cb0e42242624a310351f7d3920e4815a7fe55f79848ec4f6557e1fe,aamos-integrity-v4,a2b986cfa5c859bd1691652834600d28f2ce81e6646d60d63ab31cd685ff2f8f,mixed_attack,attack,reject,signature,0.2,0.1997471554993679,all_checks,,,signature|device|binding|admission|merkle|freshness|authorization,,,20,pooled_fixed_seed_set,pooled_fixed_seed_set,20260722,crossed_seed_participant_multinomial,percentile_95,2000,2000,0,22,1582,1542.0,31640,6320,6320,6320,True,eligible_day_record_replacement,mixed_eligible_population,coverage,eligible mixed simulation evaluations,25320,31640,0.8002528445006322,0.7939268334559096,0.8037550500439682,c,221,,,,,,,25320.0,31640.0,,,,,,,,,,,,
aamos-submission-20260813-r410-final,2026-08-13T11:21:02.514563+00:00,public_secondary,AAMOS-00,10.7488/ds/3775,0fc9e6de8cec53b80b77bd4c806a8dd4238fc476c4a133efcb0db87b1731b0c1,aamos00-derivation-v1,aamos00_derivation.yaml,afdad4cef23c79307379e21011b1638ac91638f04b457dc21dc0be7888174baf,37665ed58cb0e42242624a310351f7d3920e4815a7fe55f79848ec4f6557e1fe,aamos-integrity-v4,a2b986cfa5c859bd1691652834600d28f2ce81e6646d60d63ab31cd685ff2f8f,mixed_attack,attack,reject,signature,0.2,0.1997471554993679,all_checks,,,signature|device|binding|admission|merkle|freshness|authorization,,,20,pooled_fixed_seed_set,pooled_fixed_seed_set,20260722,crossed_seed_participant_multinomial,percentile_95,2000,2000,0,22,1582,1542.0,31640,6320,6320,6320,True,eligible_day_record_replacement,mixed_eligible_population,abstention,eligible mixed simulation evaluations,6320,31640,0.1997471554993679,0.19624494995603184,0.20607316654409033,c,222,,,,,,,,,,,,,,,,,,,,
aamos-submission-20260813-r410-final,2026-08-13T11:21:02.514563+00:00,public_secondary,AAMOS-00,10.7488/ds/3775,0fc9e6de8cec53b80b77bd4c806a8dd4238fc476c4a133efcb0db87b1731b0c1,aamos00-derivation-v1,aamos00_derivation.yaml,afdad4cef23c79307379e21011b1638ac91638f04b457dc21dc0be7888174baf,37665ed58cb0e42242624a310351f7d3920e4815a7fe55f79848ec4f6557e1fe,aamos-integrity-v4,a2b986cfa5c859bd1691652834600d28f2ce81e6646d60d63ab31cd685ff2f8f,mixed_attack,attack,reject,signature,0.01,0.010113780025284451,all_checks,,,signature|device|binding|admission|merkle|freshness|authorization,,,20,pooled_fixed_seed_set,pooled_fixed_seed_set,20260722,crossed_seed_participant_multinomial,percentile_95,2000,2000,0,22,1582,233.0,31640,320,320,320,True,eligible_day_record_replacement,mixed_eligible_population,covered_agreement,covered mixed simulation evaluations,31320,31320,1.0,1.0,1.0,d,223,,,,,,,,,31320.0,31320.0,,,,,,,,,,
aamos-submission-20260813-r410-final,2026-08-13T11:21:02.514563+00:00,public_secondary,AAMOS-00,10.7488/ds/3775,0fc9e6de8cec53b80b77bd4c806a8dd4238fc476c4a133efcb0db87b1731b0c1,aamos00-derivation-v1,aamos00_derivation.yaml,afdad4cef23c79307379e21011b1638ac91638f04b457dc21dc0be7888174baf,37665ed58cb0e42242624a310351f7d3920e4815a7fe55f79848ec4f6557e1fe,aamos-integrity-v4,a2b986cfa5c859bd1691652834600d28f2ce81e6646d60d63ab31cd685ff2f8f,mixed_attack,attack,reject,signature,0.01,0.010113780025284451,all_checks,,,signature|device|binding|admission|merkle|freshness|authorization,,,20,pooled_fixed_seed_set,pooled_fixed_seed_set,20260722,crossed_seed_participant_multinomial,percentile_95,2000,2000,0,22,1582,233.0,31640,320,320,320,True,eligible_day_record_replacement,mixed_eligible_population,upward_discordance,eligible mixed simulation evaluations,0,31640,0.0,0.0,0.0,d,224,,,,,,,,31640.0,,,0.0,,,,,,,,,
aamos-submission-20260813-r410-final,2026-08-13T11:21:02.514563+00:00,public_secondary,AAMOS-00,10.7488/ds/3775,0fc9e6de8cec53b80b77bd4c806a8dd4238fc476c4a133efcb0db87b1731b0c1,aamos00-derivation-v1,aamos00_derivation.yaml,afdad4cef23c79307379e21011b1638ac91638f04b457dc21dc0be7888174baf,37665ed58cb0e42242624a310351f7d3920e4815a7fe55f79848ec4f6557e1fe,aamos-integrity-v4,a2b986cfa5c859bd1691652834600d28f2ce81e6646d60d63ab31cd685ff2f8f,mixed_attack,attack,reject,signature,0.01,0.010113780025284451,all_checks,,,signature|device|binding|admission|merkle|freshness|authorization,,,20,pooled_fixed_seed_set,pooled_fixed_seed_set,20260722,crossed_seed_participant_multinomial,percentile_95,2000,2000,0,22,1582,233.0,31640,320,320,320,True,eligible_day_record_replacement,mixed_eligible_population,priority_loss_discordance,eligible mixed simulation evaluations,0,31640,0.0,0.0,0.0,d,225,,,,,,,,31640.0,,,,0.0,,,,,,,,
aamos-submission-20260813-r410-final,2026-08-13T11:21:02.514563+00:00,public_secondary,AAMOS-00,10.7488/ds/3775,0fc9e6de8cec53b80b77bd4c806a8dd4238fc476c4a133efcb0db87b1731b0c1,aamos00-derivation-v1,aamos00_derivation.yaml,afdad4cef23c79307379e21011b1638ac91638f04b457dc21dc0be7888174baf,37665ed58cb0e42242624a310351f7d3920e4815a7fe55f79848ec4f6557e1fe,aamos-integrity-v4,a2b986cfa5c859bd1691652834600d28f2ce81e6646d60d63ab31cd685ff2f8f,mixed_attack,attack,reject,signature,0.05,0.04993678887484197,all_checks,,,signature|device|binding|admission|merkle|freshness|authorization,,,20,pooled_fixed_seed_set,pooled_fixed_seed_set,20260722,crossed_seed_participant_multinomial,percentile_95,2000,2000,0,22,1582,900.0,31640,1580,1580,1580,True,eligible_day_record_replacement,mixed_eligible_population,covered_agreement,covered mixed simulation evaluations,30060,30060,1.0,1.0,1.0,d,226,,,,,,,,,30060.0,30060.0,,,,,,,,,,
aamos-submission-20260813-r410-final,2026-08-13T11:21:02.514563+00:00,public_secondary,AAMOS-00,10.7488/ds/3775,0fc9e6de8cec53b80b77bd4c806a8dd4238fc476c4a133efcb0db87b1731b0c1,aamos00-derivation-v1,aamos00_derivation.yaml,afdad4cef23c79307379e21011b1638ac91638f04b457dc21dc0be7888174baf,37665ed58cb0e42242624a310351f7d3920e4815a7fe55f79848ec4f6557e1fe,aamos-integrity-v4,a2b986cfa5c859bd1691652834600d28f2ce81e6646d60d63ab31cd685ff2f8f,mixed_attack,attack,reject,signature,0.05,0.04993678887484197,all_checks,,,signature|device|binding|admission|merkle|freshness|authorization,,,20,pooled_fixed_seed_set,pooled_fixed_seed_set,20260722,crossed_seed_participant_multinomial,percentile_95,2000,2000,0,22,1582,900.0,31640,1580,1580,1580,True,eligible_day_record_replacement,mixed_eligible_population,upward_discordance,eligible mixed simulation evaluations,0,31640,0.0,0.0,0.0,d,227,,,,,,,,31640.0,,,0.0,,,,,,,,,
aamos-submission-20260813-r410-final,2026-08-13T11:21:02.514563+00:00,public_secondary,AAMOS-00,10.7488/ds/3775,0fc9e6de8cec53b80b77bd4c806a8dd4238fc476c4a133efcb0db87b1731b0c1,aamos00-derivation-v1,aamos00_derivation.yaml,afdad4cef23c79307379e21011b1638ac91638f04b457dc21dc0be7888174baf,37665ed58cb0e42242624a310351f7d3920e4815a7fe55f79848ec4f6557e1fe,aamos-integrity-v4,a2b986cfa5c859bd1691652834600d28f2ce81e6646d60d63ab31cd685ff2f8f,mixed_attack,attack,reject,signature,0.05,0.04993678887484197,all_checks,,,signature|device|binding|admission|merkle|freshness|authorization,,,20,pooled_fixed_seed_set,pooled_fixed_seed_set,20260722,crossed_seed_participant_multinomial,percentile_95,2000,2000,0,22,1582,900.0,31640,1580,1580,1580,True,eligible_day_record_replacement,mixed_eligible_population,priority_loss_discordance,eligible mixed simulation evaluations,0,31640,0.0,0.0,0.0,d,228,,,,,,,,31640.0,,,,0.0,,,,,,,,
aamos-submission-20260813-r410-final,2026-08-13T11:21:02.514563+00:00,public_secondary,AAMOS-00,10.7488/ds/3775,0fc9e6de8cec53b80b77bd4c806a8dd4238fc476c4a133efcb0db87b1731b0c1,aamos00-derivation-v1,aamos00_derivation.yaml,afdad4cef23c79307379e21011b1638ac91638f04b457dc21dc0be7888174baf,37665ed58cb0e42242624a310351f7d3920e4815a7fe55f79848ec4f6557e1fe,aamos-integrity-v4,a2b986cfa5c859bd1691652834600d28f2ce81e6646d60d63ab31cd685ff2f8f,mixed_attack,attack,reject,signature,0.1,0.09987357774968394,all_checks,,,signature|device|binding|admission|merkle|freshness|authorization,,,20,pooled_fixed_seed_set,pooled_fixed_seed_set,20260722,crossed_seed_participant_multinomial,percentile_95,2000,2000,0,22,1582,1278.0,31640,3160,3160,3160,True,eligible_day_record_replacement,mixed_eligible_population,covered_agreement,covered mixed simulation evaluations,28480,28480,1.0,1.0,1.0,d,229,,,,,,,,,28480.0,28480.0,,,,,,,,,,
aamos-submission-20260813-r410-final,2026-08-13T11:21:02.514563+00:00,public_secondary,AAMOS-00,10.7488/ds/3775,0fc9e6de8cec53b80b77bd4c806a8dd4238fc476c4a133efcb0db87b1731b0c1,aamos00-derivation-v1,aamos00_derivation.yaml,afdad4cef23c79307379e21011b1638ac91638f04b457dc21dc0be7888174baf,37665ed58cb0e42242624a310351f7d3920e4815a7fe55f79848ec4f6557e1fe,aamos-integrity-v4,a2b986cfa5c859bd1691652834600d28f2ce81e6646d60d63ab31cd685ff2f8f,mixed_attack,attack,reject,signature,0.1,0.09987357774968394,all_checks,,,signature|device|binding|admission|merkle|freshness|authorization,,,20,pooled_fixed_seed_set,pooled_fixed_seed_set,20260722,crossed_seed_participant_multinomial,percentile_95,2000,2000,0,22,1582,1278.0,31640,3160,3160,3160,True,eligible_day_record_replacement,mixed_eligible_population,upward_discordance,eligible mixed simulation evaluations,0,31640,0.0,0.0,0.0,d,230,,,,,,,,31640.0,,,0.0,,,,,,,,,
aamos-submission-20260813-r410-final,2026-08-13T11:21:02.514563+00:00,public_secondary,AAMOS-00,10.7488/ds/3775,0fc9e6de8cec53b80b77bd4c806a8dd4238fc476c4a133efcb0db87b1731b0c1,aamos00-derivation-v1,aamos00_derivation.yaml,afdad4cef23c79307379e21011b1638ac91638f04b457dc21dc0be7888174baf,37665ed58cb0e42242624a310351f7d3920e4815a7fe55f79848ec4f6557e1fe,aamos-integrity-v4,a2b986cfa5c859bd1691652834600d28f2ce81e6646d60d63ab31cd685ff2f8f,mixed_attack,attack,reject,signature,0.1,0.09987357774968394,all_checks,,,signature|device|binding|admission|merkle|freshness|authorization,,,20,pooled_fixed_seed_set,pooled_fixed_seed_set,20260722,crossed_seed_participant_multinomial,percentile_95,2000,2000,0,22,1582,1278.0,31640,3160,3160,3160,True,eligible_day_record_replacement,mixed_eligible_population,priority_loss_discordance,eligible mixed simulation evaluations,0,31640,0.0,0.0,0.0,d,231,,,,,,,,31640.0,,,,0.0,,,,,,,,
aamos-submission-20260813-r410-final,2026-08-13T11:21:02.514563+00:00,public_secondary,AAMOS-00,10.7488/ds/3775,0fc9e6de8cec53b80b77bd4c806a8dd4238fc476c4a133efcb0db87b1731b0c1,aamos00-derivation-v1,aamos00_derivation.yaml,afdad4cef23c79307379e21011b1638ac91638f04b457dc21dc0be7888174baf,37665ed58cb0e42242624a310351f7d3920e4815a7fe55f79848ec4f6557e1fe,aamos-integrity-v4,a2b986cfa5c859bd1691652834600d28f2ce81e6646d60d63ab31cd685ff2f8f,mixed_attack,attack,reject,signature,0.2,0.1997471554993679,all_checks,,,signature|device|binding|admission|merkle|freshness|authorization,,,20,pooled_fixed_seed_set,pooled_fixed_seed_set,20260722,crossed_seed_participant_multinomial,percentile_95,2000,2000,0,22,1582,1542.0,31640,6320,6320,6320,True,eligible_day_record_replacement,mixed_eligible_population,covered_agreement,covered mixed simulation evaluations,25320,25320,1.0,1.0,1.0,d,232,,,,,,,,,25320.0,25320.0,,,,,,,,,,
aamos-submission-20260813-r410-final,2026-08-13T11:21:02.514563+00:00,public_secondary,AAMOS-00,10.7488/ds/3775,0fc9e6de8cec53b80b77bd4c806a8dd4238fc476c4a133efcb0db87b1731b0c1,aamos00-derivation-v1,aamos00_derivation.yaml,afdad4cef23c79307379e21011b1638ac91638f04b457dc21dc0be7888174baf,37665ed58cb0e42242624a310351f7d3920e4815a7fe55f79848ec4f6557e1fe,aamos-integrity-v4,a2b986cfa5c859bd1691652834600d28f2ce81e6646d60d63ab31cd685ff2f8f,mixed_attack,attack,reject,signature,0.2,0.1997471554993679,all_checks,,,signature|device|binding|admission|merkle|freshness|authorization,,,20,pooled_fixed_seed_set,pooled_fixed_seed_set,20260722,crossed_seed_participant_multinomial,percentile_95,2000,2000,0,22,1582,1542.0,31640,6320,6320,6320,True,eligible_day_record_replacement,mixed_eligible_population,upward_discordance,eligible mixed simulation evaluations,0,31640,0.0,0.0,0.0,d,233,,,,,,,,31640.0,,,0.0,,,,,,,,,
aamos-submission-20260813-r410-final,2026-08-13T11:21:02.514563+00:00,public_secondary,AAMOS-00,10.7488/ds/3775,0fc9e6de8cec53b80b77bd4c806a8dd4238fc476c4a133efcb0db87b1731b0c1,aamos00-derivation-v1,aamos00_derivation.yaml,afdad4cef23c79307379e21011b1638ac91638f04b457dc21dc0be7888174baf,37665ed58cb0e42242624a310351f7d3920e4815a7fe55f79848ec4f6557e1fe,aamos-integrity-v4,a2b986cfa5c859bd1691652834600d28f2ce81e6646d60d63ab31cd685ff2f8f,mixed_attack,attack,reject,signature,0.2,0.1997471554993679,all_checks,,,signature|device|binding|admission|merkle|freshness|authorization,,,20,pooled_fixed_seed_set,pooled_fixed_seed_set,20260722,crossed_seed_participant_multinomial,percentile_95,2000,2000,0,22,1582,1542.0,31640,6320,6320,6320,True,eligible_day_record_replacement,mixed_eligible_population,priority_loss_discordance,eligible mixed simulation evaluations,0,31640,0.0,0.0,0.0,d,234,,,,,,,,31640.0,,,,0.0,,,,,,,,
